Source,Location ID,City,State,Country,Latitude,Longitude,Time Zone,Elevation,Local Time Zone,Clearsky DHI Units,Clearsky DNI Units,Clearsky GHI Units,Dew Point Units,DHI Units,DNI Units,GHI Units,Solar Zenith Angle Units,Temperature Units,Pressure Units,Relative Humidity Units,Precipitable Water Units,Wind Direction Units,Wind Speed Units,Cloud Type -15,Cloud Type 0,Cloud Type 1,Cloud Type 2,Cloud Type 3,Cloud Type 4,Cloud Type 5,Cloud Type 6,Cloud Type 7,Cloud Type 8,Cloud Type 9,Cloud Type 10,Cloud Type 11,Cloud Type 12,Fill Flag 0,Fill Flag 1,Fill Flag 2,Fill Flag 3,Fill Flag 4,Fill Flag 5,Surface Albedo Units,Version
NSRDB,9317325,-,-,-,-19.4,-40.05,-3,23,-3,w/m2,w/m2,w/m2,c,w/m2,w/m2,w/m2,Degree,c,mbar,%,cm,Degrees,m/s,N/A,Clear,Probably Clear,Fog,Water,Super-Cooled Water,Mixed,Opaque Ice,Cirrus,Overlapping,Overshooting,Unknown,Dust,Smoke,N/A,Missing Image,Low Irradiance,Exceeds Clearsky,Missing CLoud Properties,Rayleigh Violation,N/A,4.1.2.dev4+g3b38bc8.d20250228
Year,Month,Day,Hour,Minute,DHI,DNI,GHI,Temperature,Relative Humidity,Wind Speed,Cloud Type
2024,1,1,0,0,0,0,0,24.3,92.89,0,4
2024,1,1,1,0,0,0,0,24.1,94.67,0,4
2024,1,1,2,0,0,0,0,24.1,95.36,0,5
2024,1,1,3,0,0,0,0,24,96.72,0,8
2024,1,1,4,0,0,0,0,24.1,97.04,0,7
2024,1,1,5,0,0,0,0,24.200000000000003,97.58,0,3
2024,1,1,6,0,5,0,5,24.8,95.91,0,3
2024,1,1,7,0,23,0,23,26,88.76,0,5
2024,1,1,8,0,88,1,88,27.700000000000003,77.32000000000001,0,7
2024,1,1,9,0,307,18,321,28.900000000000002,71.19,0,7
2024,1,1,10,0,395,44,435,29.5,68.31,0,7
2024,1,1,11,0,206,0,206,29.5,67.83,0,3
2024,1,1,12,0,154,0,155,29.200000000000003,68.99,0,3
2024,1,1,13,0,281,4,285,28.8,70.68,0,8
2024,1,1,14,0,365,55,413,28.3,72.96000000000001,0,7
2024,1,1,15,0,70,0,70,27.5,76.69,0,7
2024,1,1,16,0,31,0,31,26.700000000000003,81.12,0,7
2024,1,1,17,0,61,1,61,25.900000000000002,86.24,0,7
2024,1,1,18,0,28,120,37,25.200000000000003,91.4,0,7
2024,1,1,19,0,0,0,0,24.900000000000002,94.01,0,7
2024,1,1,20,0,0,0,0,24.8,95.12,0,8
2024,1,1,21,0,0,0,0,24.700000000000003,96.07000000000001,0,8
2024,1,1,22,0,0,0,0,24.700000000000003,96.21000000000001,0,4
2024,1,1,23,0,0,0,0,24.6,96.74000000000001,0,8
2024,1,2,0,0,0,0,0,24.5,97.11,0,7
2024,1,2,1,0,0,0,0,24.400000000000002,97.59,0,8
2024,1,2,2,0,0,0,0,24.400000000000002,97.08,0,7
2024,1,2,3,0,0,0,0,24.5,95.56,0,7
2024,1,2,4,0,0,0,0,24.5,94.84,0,5
2024,1,2,5,0,0,0,0,24.700000000000003,94.02,0,7
2024,1,2,6,0,3,0,3,25,95.01,0,8
2024,1,2,7,0,135,15,141,25.3,93.75,0,8
2024,1,2,8,0,121,0,121,26.400000000000002,84.73,0,4
2024,1,2,9,0,176,0,176,27.8,75.45,0,4
2024,1,2,10,0,209,0,209,28.700000000000003,71.43,0,5
2024,1,2,11,0,444,11,455,29.200000000000003,69.82000000000001,0,5
2024,1,2,12,0,417,5,421,29.3,69.94,0,4
2024,1,2,13,0,323,1,324,29.200000000000003,70.57000000000001,0,5
2024,1,2,14,0,39,0,39,28.900000000000002,72,0,5
2024,1,2,15,0,20,0,20,28.400000000000002,74.29,0,6
2024,1,2,16,0,157,10,162,27.8,77.54,0,8
2024,1,2,17,0,24,0,24,26.8,84.07000000000001,0,7
2024,1,2,18,0,35,10,35,25.900000000000002,89.5,0,6
2024,1,2,19,0,0,0,0,25.400000000000002,92.10000000000001,0,6
2024,1,2,20,0,0,0,0,25,94.24,0,6
2024,1,2,21,0,0,0,0,24.700000000000003,95.74000000000001,0,6
2024,1,2,22,0,0,0,0,24.5,96.27,0,6
2024,1,2,23,0,0,0,0,24.400000000000002,96.09,0,6
2024,1,3,0,0,0,0,0,24.3,95.81,0,6
2024,1,3,1,0,0,0,0,24.200000000000003,96.02,0,6
2024,1,3,2,0,0,0,0,24.200000000000003,95.98,0,7
2024,1,3,3,0,0,0,0,24.3,95.95,0,7
2024,1,3,4,0,0,0,0,24.400000000000002,96.23,0,7
2024,1,3,5,0,0,0,0,24.6,96.09,0,5
2024,1,3,6,0,5,0,5,24.900000000000002,95.68,0,5
2024,1,3,7,0,138,15,145,25.6,92.54,0,8
2024,1,3,8,0,312,60,349,26.6,86.62,0,5
2024,1,3,9,0,434,219,605,27.900000000000002,78.67,0,3
2024,1,3,10,0,405,7,411,29.1,71.7,0,5
2024,1,3,11,0,382,2,384,30,66.79,0,4
2024,1,3,12,0,514,123,636,30.6,63.870000000000005,0,3
2024,1,3,13,0,412,34,445,30.700000000000003,63.72,0,8
2024,1,3,14,0,400,131,512,30.3,66,0,8
2024,1,3,15,0,273,2,275,29.6,70.58,0,5
2024,1,3,16,0,184,16,192,28.6,77.55,0,7
2024,1,3,17,0,117,15,121,27.6,85.01,0,7
2024,1,3,18,0,30,101,37,26.6,91.85000000000001,0,6
2024,1,3,19,0,0,0,0,26.200000000000003,95.02,0,6
2024,1,3,20,0,0,0,0,25.900000000000002,97.5,0,6
2024,1,3,21,0,0,0,0,25.8,98.72,0,7
2024,1,3,22,0,0,0,0,25.700000000000003,99.72,0,6
2024,1,3,23,0,0,0,0,25.700000000000003,99.86,0,7
2024,1,4,0,0,0,0,0,25.6,100,0,7
2024,1,4,1,0,0,0,0,25.6,100,0,8
2024,1,4,2,0,0,0,0,25.5,100,0,7
2024,1,4,3,0,0,0,0,25.400000000000002,100,0,7
2024,1,4,4,0,0,0,0,25.3,100,0,7
2024,1,4,5,0,0,0,0,25.3,100,0,7
2024,1,4,6,0,48,1,48,25.8,97.29,0,7
2024,1,4,7,0,161,15,167,26.5,92.5,0,7
2024,1,4,8,0,274,137,358,27.5,86.13,0,7
2024,1,4,9,0,239,4,243,28.400000000000002,80.64,0,7
2024,1,4,10,0,520,175,679,29,78.10000000000001,0,3
2024,1,4,11,0,544,191,732,29.400000000000002,77.85000000000001,0,3
2024,1,4,12,0,162,885,1044,29.8,77.19,0,6
2024,1,4,13,0,299,589,860,29.900000000000002,76.97,0,6
2024,1,4,14,0,296,530,748,29.8,77.94,0,6
2024,1,4,15,0,207,653,665,29.1,82.63,0,6
2024,1,4,16,0,13,0,13,28.1,89.41,0,6
2024,1,4,17,0,4,0,4,27.3,94.27,0,7
2024,1,4,18,0,17,0,17,26.700000000000003,97.2,0,6
2024,1,4,19,0,0,0,0,26.3,98.82000000000001,0,7
2024,1,4,20,0,0,0,0,26.200000000000003,99.46000000000001,0,7
2024,1,4,21,0,0,0,0,26.1,100,0,7
2024,1,4,22,0,0,0,0,26.1,99.99000000000001,0,7
2024,1,4,23,0,0,0,0,26,100,0,7
2024,1,5,0,0,0,0,0,25.8,100,0,7
2024,1,5,1,0,0,0,0,25.700000000000003,100,0,7
2024,1,5,2,0,0,0,0,25.6,100,0,7
2024,1,5,3,0,0,0,0,25.5,99.92,0,7
2024,1,5,4,0,0,0,0,25.400000000000002,100,0,7
2024,1,5,5,0,0,0,0,25.400000000000002,99.89,0,7
2024,1,5,6,0,87,202,124,25.8,98.47,0,8
2024,1,5,7,0,131,12,136,26.200000000000003,97.66,0,7
2024,1,5,8,0,191,493,492,26.900000000000002,94.79,0,7
2024,1,5,9,0,320,268,530,27.700000000000003,89.85000000000001,0,7
2024,1,5,10,0,358,373,697,28.6,83.52,0,7
2024,1,5,11,0,293,536,819,29.400000000000002,77.41,0,7
2024,1,5,12,0,421,143,563,29.6,75.56,0,7
2024,1,5,13,0,418,127,539,29,79.56,0,7
2024,1,5,14,0,250,3,253,28.3,83.98,0,6
2024,1,5,15,0,21,0,21,27.400000000000002,89.42,0,9
2024,1,5,16,0,21,0,22,26.700000000000003,94.11,0,9
2024,1,5,17,0,5,0,5,26.200000000000003,97.28,0,9
2024,1,5,18,0,38,15,39,25.8,98.47,0,6
2024,1,5,19,0,0,0,0,25.400000000000002,99.25,0,9
2024,1,5,20,0,0,0,0,25.200000000000003,98.88,0,9
2024,1,5,21,0,0,0,0,24.900000000000002,99.46000000000001,0,6
2024,1,5,22,0,0,0,0,24.8,99.66,0,6
2024,1,5,23,0,0,0,0,24.8,99.66,0,6
2024,1,6,0,0,0,0,0,24.8,99.8,0,6
2024,1,6,1,0,0,0,0,24.700000000000003,100,0,7
2024,1,6,2,0,0,0,0,24.700000000000003,100,0,7
2024,1,6,3,0,0,0,0,24.700000000000003,100,0,8
2024,1,6,4,0,0,0,0,24.700000000000003,99.87,0,7
2024,1,6,5,0,0,0,0,24.6,99.57000000000001,0,8
2024,1,6,6,0,78,17,82,24.900000000000002,97.47,0,7
2024,1,6,7,0,177,236,272,25.6,92.33,0,7
2024,1,6,8,0,264,201,386,26.900000000000002,81.34,0,8
2024,1,6,9,0,407,277,624,28.200000000000003,72.36,0,3
2024,1,6,10,0,294,1,294,29.3,67.36,0,3
2024,1,6,11,0,295,1,295,30,65.22,0,3
2024,1,6,12,0,123,944,1064,30.3,64.73,0,1
2024,1,6,13,0,492,160,644,30.200000000000003,65.59,0,2
2024,1,6,14,0,124,892,885,29.8,67.3,0,1
2024,1,6,15,0,120,828,703,28.900000000000002,71.2,0,0
2024,1,6,16,0,106,727,481,28,75.92,0,0
2024,1,6,17,0,80,549,245,26.900000000000002,82.33,0,1
2024,1,6,18,0,29,157,41,26,87.94,0,1
2024,1,6,19,0,0,0,0,25.6,90.39,0,1
2024,1,6,20,0,0,0,0,25.400000000000002,91.8,0,3
2024,1,6,21,0,0,0,0,25.200000000000003,93.03,0,3
2024,1,6,22,0,0,0,0,25.1,93.57000000000001,0,3
2024,1,6,23,0,0,0,0,24.900000000000002,94.56,0,3
2024,1,7,0,0,0,0,0,24.700000000000003,95.71000000000001,0,8
2024,1,7,1,0,0,0,0,24.6,96.01,0,3
2024,1,7,2,0,0,0,0,24.5,96.39,0,3
2024,1,7,3,0,0,0,0,24.400000000000002,96.76,0,3
2024,1,7,4,0,0,0,0,24.400000000000002,96.4,0,1
2024,1,7,5,0,0,0,0,24.6,96,0,1
2024,1,7,6,0,52,427,129,25.6,90.91,0,1
2024,1,7,7,0,82,692,361,26.900000000000002,81.55,0,1
2024,1,7,8,0,100,816,596,28.1,74.55,0,1
2024,1,7,9,0,111,886,801,29,70.86,0,1
2024,1,7,10,0,447,49,491,29.700000000000003,68.48,0,3
2024,1,7,11,0,488,52,539,30,67.58,0,4
2024,1,7,12,0,539,240,779,29.8,68.42,0,3
2024,1,7,13,0,274,1,274,29.5,69.56,0,4
2024,1,7,14,0,426,71,487,29,71.60000000000001,0,5
2024,1,7,15,0,327,161,440,28.400000000000002,74.4,0,8
2024,1,7,16,0,197,421,415,27.700000000000003,78.16,0,8
2024,1,7,17,0,68,615,254,26.900000000000002,83.69,0,1
2024,1,7,18,0,16,0,16,26.1,88.60000000000001,0,3
2024,1,7,19,0,0,0,0,25.700000000000003,90.89,0,3
2024,1,7,20,0,0,0,0,25.400000000000002,92.79,0,3
2024,1,7,21,0,0,0,0,25.200000000000003,93.71000000000001,0,8
2024,1,7,22,0,0,0,0,25,94.59,0,3
2024,1,7,23,0,0,0,0,24.700000000000003,96.10000000000001,0,1
2024,1,8,0,0,0,0,0,24.5,96.92,0,1
2024,1,8,1,0,0,0,0,24.3,98.07000000000001,0,1
2024,1,8,2,0,0,0,0,24.200000000000003,98.67,0,8
2024,1,8,3,0,0,0,0,24,99.79,0,4
2024,1,8,4,0,0,0,0,23.900000000000002,100,0,3
2024,1,8,5,0,0,0,0,24.1,99.26,0,4
2024,1,8,6,0,72,2,72,25.1,93.96000000000001,0,5
2024,1,8,7,0,200,26,210,26.400000000000002,84.87,0,5
2024,1,8,8,0,273,396,512,27.700000000000003,76.85000000000001,0,4
2024,1,8,9,0,247,1,247,28.900000000000002,71.61,0,5
2024,1,8,10,0,452,79,524,29.900000000000002,68.63,0,4
2024,1,8,11,0,346,1,347,30.5,66.87,0,4
2024,1,8,12,0,494,39,533,30.900000000000002,65.84,0,4
2024,1,8,13,0,386,533,895,30.8,67.08,0,4
2024,1,8,14,0,344,3,347,30.400000000000002,69.76,0,4
2024,1,8,15,0,378,110,455,29.700000000000003,74.09,0,3
2024,1,8,16,0,227,77,267,28.8,79.95,0,8
2024,1,8,17,0,9,0,9,27.8,87.28,0,5
2024,1,8,18,0,11,0,11,26.8,93.91,0,5
2024,1,8,19,0,0,0,0,26.3,96.92,0,8
2024,1,8,20,0,0,0,0,25.900000000000002,98.57000000000001,0,6
2024,1,8,21,0,0,0,0,25.6,99.21000000000001,0,6
2024,1,8,22,0,0,0,0,25.400000000000002,99.15,0,6
2024,1,8,23,0,0,0,0,25.200000000000003,99.27,0,6
2024,1,9,0,0,0,0,0,25,99.59,0,7
2024,1,9,1,0,0,0,0,24.900000000000002,99.52,0,7
2024,1,9,2,0,0,0,0,24.900000000000002,98.97,0,8
2024,1,9,3,0,0,0,0,24.8,99.38,0,3
2024,1,9,4,0,0,0,0,24.8,99.22,0,1
2024,1,9,5,0,0,0,0,24.8,99.05,0,7
2024,1,9,6,0,41,0,41,25.1,97.88,0,2
2024,1,9,7,0,216,76,247,25.6,95.45,0,3
2024,1,9,8,0,87,840,595,26.3,90.12,0,1
2024,1,9,9,0,234,546,659,27.1,83.55,0,7
2024,1,9,10,0,340,405,707,27.700000000000003,79.14,0,8
2024,1,9,11,0,318,493,802,28.400000000000002,76.46000000000001,0,7
2024,1,9,12,0,383,405,787,28.8,75.8,0,8
2024,1,9,13,0,506,274,768,28.900000000000002,76.33,0,3
2024,1,9,14,0,359,328,640,28.900000000000002,77.63,0,7
2024,1,9,15,0,321,255,501,28.6,81.04,0,7
2024,1,9,16,0,12,0,12,28.200000000000003,85.67,0,9
2024,1,9,17,0,5,0,5,27.5,90.98,0,9
2024,1,9,18,0,38,8,39,26.8,95.29,0,6
2024,1,9,19,0,0,0,0,26.400000000000002,97.35000000000001,0,6
2024,1,9,20,0,0,0,0,26.200000000000003,98.03,0,6
2024,1,9,21,0,0,0,0,26,98.11,0,7
2024,1,9,22,0,0,0,0,25.8,97.93,0,7
2024,1,9,23,0,0,0,0,25.5,98.28,0,7
2024,1,10,0,0,0,0,0,25.3,98.19,0,7
2024,1,10,1,0,0,0,0,25,98.62,0,7
2024,1,10,2,0,0,0,0,24.8,98.59,0,8
2024,1,10,3,0,0,0,0,24.6,98.66,0,8
2024,1,10,4,0,0,0,0,24.5,98.17,0,3
2024,1,10,5,0,0,0,0,24.5,97.78,0,3
2024,1,10,6,0,53,391,122,25,95.10000000000001,0,0
2024,1,10,7,0,85,678,354,26,88.05,0,0
2024,1,10,8,0,101,817,593,27.400000000000002,77.21000000000001,0,1
2024,1,10,9,0,104,906,807,28.700000000000003,68.16,0,1
2024,1,10,10,0,111,947,968,29.8,62.74,0,1
2024,1,10,11,0,116,970,1067,30.5,60.25,0,1
2024,1,10,12,0,125,965,1088,30.8,59.67,0,1
2024,1,10,13,0,124,955,1036,30.8,60.1,0,1
2024,1,10,14,0,119,928,915,30.400000000000002,61.980000000000004,0,1
2024,1,10,15,0,107,887,736,29.8,64.62,0,0
2024,1,10,16,0,95,801,511,28.8,69.34,0,0
2024,1,10,17,0,72,634,266,27.6,76.60000000000001,0,0
2024,1,10,18,0,29,242,49,26.5,83.79,0,1
2024,1,10,19,0,0,0,0,25.8,88.66,0,0
2024,1,10,20,0,0,0,0,25.3,91.84,0,0
2024,1,10,21,0,0,0,0,24.900000000000002,94.18,0,0
2024,1,10,22,0,0,0,0,24.5,96.22,0,0
2024,1,10,23,0,0,0,0,24.200000000000003,97.39,0,0
2024,1,11,0,0,0,0,0,23.900000000000002,98.54,0,0
2024,1,11,1,0,0,0,0,23.700000000000003,98.91,0,0
2024,1,11,2,0,0,0,0,23.6,98.38,0,0
2024,1,11,3,0,0,0,0,23.400000000000002,98.21000000000001,0,0
2024,1,11,4,0,0,0,0,23.200000000000003,98.60000000000001,0,0
2024,1,11,5,0,0,0,0,23.400000000000002,97.52,0,0
2024,1,11,6,0,43,522,133,25,88.3,0,0
2024,1,11,7,0,66,782,375,26.700000000000003,75.60000000000001,0,0
2024,1,11,8,0,81,891,617,28.1,66.91,0,1
2024,1,11,9,0,97,940,825,29.1,62.86,0,0
2024,1,11,10,0,109,969,984,30,60.01,0,0
2024,1,11,11,0,117,979,1076,30.6,58.51,0,1
2024,1,11,12,0,537,188,724,30.900000000000002,58.15,0,3
2024,1,11,13,0,491,386,861,30.900000000000002,58.61,0,2
2024,1,11,14,0,120,928,916,30.700000000000003,59.76,0,1
2024,1,11,15,0,100,900,738,30.1,62.35,0,1
2024,1,11,16,0,87,818,513,29.200000000000003,66.64,0,1
2024,1,11,17,0,67,656,268,28,73.17,0,0
2024,1,11,18,0,28,267,49,26.8,79.83,0,1
2024,1,11,19,0,0,0,0,26,84.56,0,3
2024,1,11,20,0,0,0,0,25.400000000000002,88.08,0,0
2024,1,11,21,0,0,0,0,25,90.35000000000001,0,3
2024,1,11,22,0,0,0,0,24.6,92.53,0,3
2024,1,11,23,0,0,0,0,24.3,94.01,0,0
2024,1,12,0,0,0,0,0,24,95.52,0,3
2024,1,12,1,0,0,0,0,23.700000000000003,97.27,0,8
2024,1,12,2,0,0,0,0,23.5,98.45,0,3
2024,1,12,3,0,0,0,0,23.3,99.48,0,3
2024,1,12,4,0,0,0,0,23.200000000000003,99.88,0,0
2024,1,12,5,0,0,0,0,23.5,97.94,0,0
2024,1,12,6,0,45,491,128,24.900000000000002,90,0,0
2024,1,12,7,0,73,751,368,26.700000000000003,79.32000000000001,0,1
2024,1,12,8,0,90,868,610,28.200000000000003,71.13,0,1
2024,1,12,9,0,103,927,820,29.6,64.8,0,0
2024,1,12,10,0,113,961,980,30.700000000000003,60.300000000000004,0,1
2024,1,12,11,0,119,974,1073,31.400000000000002,57.480000000000004,0,1
2024,1,12,12,0,519,171,690,31.8,56.13,0,2
2024,1,12,13,0,530,195,717,31.8,56.54,0,2
2024,1,12,14,0,125,916,912,31.5,58.17,0,1
2024,1,12,15,0,106,884,734,30.900000000000002,61.050000000000004,0,1
2024,1,12,16,0,94,790,507,29.900000000000002,66.26,0,0
2024,1,12,17,0,73,615,262,28.6,73.38,0,0
2024,1,12,18,0,29,227,47,27.400000000000002,80.15,0,1
2024,1,12,19,0,0,0,0,26.700000000000003,84.18,0,0
2024,1,12,20,0,0,0,0,26.200000000000003,86.77,0,0
2024,1,12,21,0,0,0,0,25.900000000000002,88.11,0,0
2024,1,12,22,0,0,0,0,25.6,89.16,0,0
2024,1,12,23,0,0,0,0,25.3,89.97,0,0
2024,1,13,0,0,0,0,0,25,90.88,0,0
2024,1,13,1,0,0,0,0,24.700000000000003,92.13,0,1
2024,1,13,2,0,0,0,0,24.400000000000002,93.75,0,0
2024,1,13,3,0,0,0,0,24.200000000000003,94.57000000000001,0,0
2024,1,13,4,0,0,0,0,24.200000000000003,94.22,0,1
2024,1,13,5,0,0,0,0,24.3,93.72,0,3
2024,1,13,6,0,50,428,122,25.400000000000002,87.46000000000001,0,8
2024,1,13,7,0,131,542,343,26.900000000000002,77.44,0,8
2024,1,13,8,0,329,228,465,28.400000000000002,68.32000000000001,0,3
2024,1,13,9,0,218,644,715,29.700000000000003,61.78,0,8
2024,1,13,10,0,108,967,981,30.700000000000003,57.01,0,1
2024,1,13,11,0,260,702,948,31.400000000000002,53.82,0,8
2024,1,13,12,0,212,786,997,31.900000000000002,51.78,0,7
2024,1,13,13,0,448,211,650,31.900000000000002,52.09,0,8
2024,1,13,14,0,409,212,591,31.6,53.660000000000004,0,8
2024,1,13,15,0,109,883,737,30.900000000000002,56.75,0,1
2024,1,13,16,0,97,790,510,30,61.43,0,0
2024,1,13,17,0,75,615,264,28.6,69.36,0,0
2024,1,13,18,0,30,218,48,27.200000000000003,78.02,0,1
2024,1,13,19,0,0,0,0,26.400000000000002,83.56,0,0
2024,1,13,20,0,0,0,0,26,86.12,0,0
2024,1,13,21,0,0,0,0,25.8,87.18,0,0
2024,1,13,22,0,0,0,0,25.6,88.04,0,0
2024,1,13,23,0,0,0,0,25.3,89.58,0,0
2024,1,14,0,0,0,0,0,25.1,90.73,0,0
2024,1,14,1,0,0,0,0,25,91.25,0,0
2024,1,14,2,0,0,0,0,24.900000000000002,91.78,0,1
2024,1,14,3,0,0,0,0,24.700000000000003,92.97,0,8
2024,1,14,4,0,0,0,0,24.5,94.07000000000001,0,1
2024,1,14,5,0,0,0,0,24.6,93.67,0,7
2024,1,14,6,0,81,194,112,25.5,88.05,0,2
2024,1,14,7,0,75,729,359,27,77.35000000000001,0,0
2024,1,14,8,0,90,853,599,28.5,68.22,0,1
2024,1,14,9,0,96,927,811,29.900000000000002,61.57,0,0
2024,1,14,10,0,103,961,970,31.1,56.79,0,0
2024,1,14,11,0,110,973,1062,32,53.67,0,0
2024,1,14,12,0,115,971,1084,32.5,52.38,0,1
2024,1,14,13,0,117,954,1030,32.4,53.18,0,0
2024,1,14,14,0,116,920,907,32,55.06,0,0
2024,1,14,15,0,98,886,729,31.3,57.76,0,0
2024,1,14,16,0,88,796,504,30.3,61.6,0,0
2024,1,14,17,0,68,630,262,28.900000000000002,67.6,0,0
2024,1,14,18,0,28,241,48,27.6,74.5,0,1
2024,1,14,19,0,0,0,0,26.900000000000002,79.35000000000001,0,1
2024,1,14,20,0,0,0,0,26.400000000000002,82.75,0,1
2024,1,14,21,0,0,0,0,26.1,84.71000000000001,0,1
2024,1,14,22,0,0,0,0,25.900000000000002,85.76,0,1
2024,1,14,23,0,0,0,0,25.6,87.31,0,1
2024,1,15,0,0,0,0,0,25.400000000000002,88.51,0,1
2024,1,15,1,0,0,0,0,25.200000000000003,89.99,0,1
2024,1,15,2,0,0,0,0,25.1,90.91,0,8
2024,1,15,3,0,0,0,0,24.900000000000002,92.48,0,3
2024,1,15,4,0,0,0,0,24.8,93.47,0,7
2024,1,15,5,0,0,0,0,24.900000000000002,93.43,0,1
2024,1,15,6,0,47,414,115,25.700000000000003,88.66,0,8
2024,1,15,7,0,132,527,336,27.200000000000003,78.71000000000001,0,8
2024,1,15,8,0,95,834,591,28.700000000000003,69.31,0,1
2024,1,15,9,0,102,911,804,30.1,61.59,0,1
2024,1,15,10,0,111,948,965,31.3,55.78,0,1
2024,1,15,11,0,117,964,1061,32.2,51.71,0,1
2024,1,15,12,0,122,963,1084,32.7,49.74,0,1
2024,1,15,13,0,124,949,1033,32.7,50.07,0,1
2024,1,15,14,0,329,1,330,32.300000000000004,51.85,0,3
2024,1,15,15,0,111,869,731,31.5,55.06,0,0
2024,1,15,16,0,97,779,506,30.3,60.410000000000004,0,1
2024,1,15,17,0,76,605,263,28.8,68.33,0,0
2024,1,15,18,0,31,204,48,27.5,76.44,0,1
2024,1,15,19,0,0,0,0,26.8,81.64,0,0
2024,1,15,20,0,0,0,0,26.400000000000002,84.31,0,0
2024,1,15,21,0,0,0,0,26.200000000000003,85.4,0,0
2024,1,15,22,0,0,0,0,26.1,85.52,0,0
2024,1,15,23,0,0,0,0,26.1,85.14,0,0
2024,1,16,0,0,0,0,0,25.900000000000002,86.19,0,0
2024,1,16,1,0,0,0,0,25.8,86.9,0,1
2024,1,16,2,0,0,0,0,25.700000000000003,87.7,0,3
2024,1,16,3,0,0,0,0,25.5,89.02,0,1
2024,1,16,4,0,0,0,0,25.3,90.42,0,3
2024,1,16,5,0,0,0,0,25.3,91.01,0,3
2024,1,16,6,0,50,378,111,26.400000000000002,85.01,0,1
2024,1,16,7,0,87,667,344,28,75.22,0,1
2024,1,16,8,0,111,793,582,29.400000000000002,67.41,0,1
2024,1,16,9,0,125,871,794,30.5,62.64,0,1
2024,1,16,10,0,135,912,956,31.5,58.33,0,1
2024,1,16,11,0,141,933,1054,32.1,55.83,0,1
2024,1,16,12,0,514,86,600,32.300000000000004,54.94,0,3
2024,1,16,13,0,139,932,1032,32.300000000000004,55.050000000000004,0,1
2024,1,16,14,0,132,907,913,31.900000000000002,56.230000000000004,0,0
2024,1,16,15,0,107,884,738,31.1,58.77,0,0
2024,1,16,16,0,96,793,513,30.1,62.300000000000004,0,0
2024,1,16,17,0,74,622,267,28.700000000000003,68.05,0,0
2024,1,16,18,0,31,227,49,27.5,73.71000000000001,0,1
2024,1,16,19,0,0,0,0,26.8,77.66,0,0
2024,1,16,20,0,0,0,0,26.3,80.5,0,0
2024,1,16,21,0,0,0,0,26,82.27,0,0
2024,1,16,22,0,0,0,0,25.700000000000003,83.69,0,0
2024,1,16,23,0,0,0,0,25.3,85.49,0,1
2024,1,17,0,0,0,0,0,25,86.74,0,1
2024,1,17,1,0,0,0,0,24.6,88.42,0,0
2024,1,17,2,0,0,0,0,24.3,89.28,0,0
2024,1,17,3,0,0,0,0,24,90.3,0,0
2024,1,17,4,0,0,0,0,23.700000000000003,91.52,0,0
2024,1,17,5,0,0,0,0,23.700000000000003,91.39,0,0
2024,1,17,6,0,49,416,115,25.200000000000003,82.56,0,0
2024,1,17,7,0,82,712,355,27.200000000000003,69.64,0,0
2024,1,17,8,0,99,849,602,28.700000000000003,61.58,0,0
2024,1,17,9,0,103,937,823,29.900000000000002,55.65,0,0
2024,1,17,10,0,110,976,988,31,51.120000000000005,0,0
2024,1,17,11,0,117,994,1090,31.700000000000003,48.45,0,0
2024,1,17,12,0,119,997,1115,32,47.410000000000004,0,0
2024,1,17,13,0,118,986,1064,32,47.230000000000004,0,1
2024,1,17,14,0,114,962,943,31.700000000000003,47.77,0,0
2024,1,17,15,0,102,920,759,31.1,49.65,0,0
2024,1,17,16,0,89,840,531,30,53.75,0,0
2024,1,17,17,0,68,681,279,28.700000000000003,59.74,0,0
2024,1,17,18,0,29,290,53,27.200000000000003,68.17,0,0
2024,1,17,19,0,0,0,0,26.400000000000002,73.97,0,0
2024,1,17,20,0,0,0,0,25.8,78.62,0,0
2024,1,17,21,0,0,0,0,25.5,81.57000000000001,0,0
2024,1,17,22,0,0,0,0,25.1,84.41,0,0
2024,1,17,23,0,0,0,0,24.8,86.49,0,0
2024,1,18,0,0,0,0,0,24.5,88.26,0,0
2024,1,18,1,0,0,0,0,24.200000000000003,90.05,0,0
2024,1,18,2,0,0,0,0,23.900000000000002,91.74,0,0
2024,1,18,3,0,0,0,0,23.6,93.44,0,0
2024,1,18,4,0,0,0,0,23.5,93.69,0,1
2024,1,18,5,0,0,0,0,23.8,91.67,0,1
2024,1,18,6,0,77,218,111,25.200000000000003,83.31,0,2
2024,1,18,7,0,76,726,353,27,71.71000000000001,0,1
2024,1,18,8,0,95,853,598,28.5,64.11,0,1
2024,1,18,9,0,101,933,817,29.900000000000002,58.07,0,1
2024,1,18,10,0,483,151,618,30.900000000000002,54.44,0,2
2024,1,18,11,0,114,991,1083,31.700000000000003,51.68,0,1
2024,1,18,12,0,514,37,551,32.1,50.160000000000004,0,3
2024,1,18,13,0,541,222,755,32.2,49.730000000000004,0,2
2024,1,18,14,0,493,211,674,31.900000000000002,50.83,0,2
2024,1,18,15,0,104,902,749,31.400000000000002,52.79,0,0
2024,1,18,16,0,94,810,520,30.400000000000002,56.72,0,0
2024,1,18,17,0,72,644,272,29,63.050000000000004,0,0
2024,1,18,18,0,30,246,50,27.5,71.46000000000001,0,1
2024,1,18,19,0,0,0,0,26.700000000000003,77.2,0,0
2024,1,18,20,0,0,0,0,26.200000000000003,81.16,0,0
2024,1,18,21,0,0,0,0,25.900000000000002,83.81,0,3
2024,1,18,22,0,0,0,0,25.6,86.43,0,0
2024,1,18,23,0,0,0,0,25.5,87.64,0,0
2024,1,19,0,0,0,0,0,25.400000000000002,88.68,0,0
2024,1,19,1,0,0,0,0,25.3,89.56,0,0
2024,1,19,2,0,0,0,0,25.200000000000003,90.22,0,0
2024,1,19,3,0,0,0,0,25.1,90.75,0,0
2024,1,19,4,0,0,0,0,25.1,90.63,0,0
2024,1,19,5,0,0,0,0,25.200000000000003,89.93,0,0
2024,1,19,6,0,50,354,104,26,85.04,0,1
2024,1,19,7,0,87,657,336,27.400000000000002,76.24,0,0
2024,1,19,8,0,108,794,575,28.900000000000002,68,0,0
2024,1,19,9,0,105,898,793,30.200000000000003,62.07,0,1
2024,1,19,10,0,113,936,954,31.400000000000002,57.18,0,0
2024,1,19,11,0,118,955,1052,32.5,52.76,0,0
2024,1,19,12,0,121,957,1077,33.1,50.35,0,0
2024,1,19,13,0,353,467,801,33.2,49.88,0,7
2024,1,19,14,0,270,590,779,32.9,50.97,0,7
2024,1,19,15,0,110,861,726,32.1,53.910000000000004,0,1
2024,1,19,16,0,212,386,415,31,58.19,0,8
2024,1,19,17,0,132,296,224,29.5,64.66,0,8
2024,1,19,18,0,21,0,21,27.900000000000002,73.07000000000001,0,7
2024,1,19,19,0,0,0,0,27,79.06,0,7
2024,1,19,20,0,0,0,0,26.5,82.4,0,7
2024,1,19,21,0,0,0,0,26.200000000000003,84.27,0,8
2024,1,19,22,0,0,0,0,26.1,84.92,0,7
2024,1,19,23,0,0,0,0,25.900000000000002,86.22,0,7
2024,1,20,0,0,0,0,0,25.700000000000003,87.60000000000001,0,7
2024,1,20,1,0,0,0,0,25.700000000000003,87.78,0,0
2024,1,20,2,0,0,0,0,25.6,88.49,0,0
2024,1,20,3,0,0,0,0,25.6,88.48,0,0
2024,1,20,4,0,0,0,0,25.5,89.04,0,0
2024,1,20,5,0,0,0,0,25.5,88.93,0,1
2024,1,20,6,0,79,51,87,26.400000000000002,83.64,0,3
2024,1,20,7,0,193,237,282,27.8,75.35000000000001,0,3
2024,1,20,8,0,119,752,560,29.400000000000002,67.88,0,1
2024,1,20,9,0,129,841,772,30.900000000000002,62.18,0,1
2024,1,20,10,0,143,878,931,32.2,57.64,0,1
2024,1,20,11,0,160,883,1024,33.1,54.59,0,0
2024,1,20,12,0,152,901,1052,33.6,53.15,0,1
2024,1,20,13,0,492,143,629,33.7,53.27,0,3
2024,1,20,14,0,321,481,736,33.4,54.980000000000004,0,8
2024,1,20,15,0,147,775,703,32.7,58.11,0,1
2024,1,20,16,0,127,676,483,31.700000000000003,62.89,0,0
2024,1,20,17,0,93,493,247,30,71.36,0,0
2024,1,20,18,0,33,117,42,28.3,80.53,0,1
2024,1,20,19,0,0,0,0,27.3,86.88,0,0
2024,1,20,20,0,0,0,0,26.700000000000003,90.78,0,7
2024,1,20,21,0,0,0,0,26.400000000000002,92.7,0,6
2024,1,20,22,0,0,0,0,26.1,94.71000000000001,0,6
2024,1,20,23,0,0,0,0,25.8,96.60000000000001,0,6
2024,1,21,0,0,0,0,0,25.6,97.8,0,6
2024,1,21,1,0,0,0,0,25.5,98.05,0,7
2024,1,21,2,0,0,0,0,25.400000000000002,97.9,0,3
2024,1,21,3,0,0,0,0,25.400000000000002,97.36,0,6
2024,1,21,4,0,0,0,0,25.400000000000002,96.99000000000001,0,6
2024,1,21,5,0,0,0,0,25.400000000000002,96.85000000000001,0,6
2024,1,21,6,0,4,0,4,25.700000000000003,95.39,0,6
2024,1,21,7,0,55,0,56,26.400000000000002,91.38,0,6
2024,1,21,8,0,174,7,178,27.400000000000002,85.22,0,7
2024,1,21,9,0,359,192,506,28.5,79.48,0,7
2024,1,21,10,0,460,83,534,29.400000000000002,75.74,0,7
2024,1,21,11,0,536,256,786,30.200000000000003,72.64,0,5
2024,1,21,12,0,152,900,1051,30.8,70.52,0,1
2024,1,21,13,0,150,889,1004,31.200000000000003,69.01,0,1
2024,1,21,14,0,424,390,761,31.3,68.75,0,3
2024,1,21,15,0,258,481,603,31.1,71.41,0,8
2024,1,21,16,0,110,723,492,30.3,77.11,0,1
2024,1,21,17,0,161,173,215,29.400000000000002,83.17,0,3
2024,1,21,18,0,31,0,31,28.400000000000002,88.49,0,5
2024,1,21,19,0,0,0,0,27.700000000000003,93.07000000000001,0,7
2024,1,21,20,0,0,0,0,27.3,95.61,0,9
2024,1,21,21,0,0,0,0,27,97.27,0,9
2024,1,21,22,0,0,0,0,26.700000000000003,98.81,0,9
2024,1,21,23,0,0,0,0,26.400000000000002,100,0,6
2024,1,22,0,0,0,0,0,26.3,100,0,6
2024,1,22,1,0,0,0,0,26.200000000000003,99.88,0,6
2024,1,22,2,0,0,0,0,26,99.89,0,6
2024,1,22,3,0,0,0,0,25.8,99.99000000000001,0,7
2024,1,22,4,0,0,0,0,25.700000000000003,99.75,0,7
2024,1,22,5,0,0,0,0,25.700000000000003,99.97,0,7
2024,1,22,6,0,72,13,74,26.200000000000003,98.09,0,7
2024,1,22,7,0,156,29,167,26.700000000000003,91.77,0,8
2024,1,22,8,0,233,4,236,27.900000000000002,79.14,0,3
2024,1,22,9,0,318,298,545,29.200000000000003,70.97,0,7
2024,1,22,10,0,370,411,739,30.400000000000002,65.38,0,8
2024,1,22,11,0,318,572,878,30.900000000000002,63.95,0,8
2024,1,22,12,0,515,327,841,31,63.84,0,7
2024,1,22,13,0,512,164,670,30.8,64.66,0,4
2024,1,22,14,0,151,848,884,30.1,67.02,0,1
2024,1,22,15,0,137,797,708,29.1,70.87,0,1
2024,1,22,16,0,254,154,335,27.900000000000002,76.77,0,8
2024,1,22,17,0,138,7,140,26.700000000000003,83.98,0,3
2024,1,22,18,0,31,0,31,25.900000000000002,89.55,0,3
2024,1,22,19,0,0,0,0,25.3,94.03,0,3
2024,1,22,20,0,0,0,0,25,96.52,0,7
2024,1,22,21,0,0,0,0,24.900000000000002,97.60000000000001,0,3
2024,1,22,22,0,0,0,0,24.8,98.3,0,8
2024,1,22,23,0,0,0,0,24.700000000000003,98.79,0,3
2024,1,23,0,0,0,0,0,24.700000000000003,98.61,0,3
2024,1,23,1,0,0,0,0,24.6,98.94,0,8
2024,1,23,2,0,0,0,0,24.5,99.16,0,3
2024,1,23,3,0,0,0,0,24.3,100,0,3
2024,1,23,4,0,0,0,0,24.400000000000002,99.23,0,7
2024,1,23,5,0,0,0,0,24.6,98.41,0,7
2024,1,23,6,0,75,88,87,25.400000000000002,94.21000000000001,0,7
2024,1,23,7,0,141,397,289,26.8,83.57000000000001,0,8
2024,1,23,8,0,241,291,410,27.8,77.43,0,7
2024,1,23,9,0,294,380,583,28.200000000000003,75.36,0,7
2024,1,23,10,0,361,389,710,28.5,73.64,0,8
2024,1,23,11,0,346,12,357,28.700000000000003,72.23,0,7
2024,1,23,12,0,468,14,482,28.700000000000003,71.95,0,7
2024,1,23,13,0,439,49,485,28.3,73.64,0,7
2024,1,23,14,0,300,8,308,27.700000000000003,76.5,0,6
2024,1,23,15,0,327,195,467,27.1,79.60000000000001,0,8
2024,1,23,16,0,284,74,324,26.400000000000002,83.96000000000001,0,3
2024,1,23,17,0,150,14,155,25.5,90.28,0,3
2024,1,23,18,0,28,228,47,24.900000000000002,94.81,0,1
2024,1,23,19,0,0,0,0,24.6,96.88,0,3
2024,1,23,20,0,0,0,0,24.5,97.65,0,8
2024,1,23,21,0,0,0,0,24.400000000000002,98.61,0,7
2024,1,23,22,0,0,0,0,24.400000000000002,98.88,0,7
2024,1,23,23,0,0,0,0,24.400000000000002,99.12,0,7
2024,1,24,0,0,0,0,0,24.400000000000002,99.5,0,6
2024,1,24,1,0,0,0,0,24.5,99.34,0,6
2024,1,24,2,0,0,0,0,24.5,99.7,0,7
2024,1,24,3,0,0,0,0,24.6,99.39,0,6
2024,1,24,4,0,0,0,0,24.6,99.42,0,6
2024,1,24,5,0,0,0,0,24.700000000000003,99.07000000000001,0,6
2024,1,24,6,0,7,0,7,24.900000000000002,99.49000000000001,0,6
2024,1,24,7,0,99,3,100,25.200000000000003,98.9,0,7
2024,1,24,8,0,159,5,162,25.8,95.48,0,7
2024,1,24,9,0,258,9,265,26.6,86.37,0,7
2024,1,24,10,0,444,90,524,27.8,76.77,0,7
2024,1,24,11,0,434,125,556,28.3,73.71000000000001,0,8
2024,1,24,12,0,452,10,462,28.1,75.64,0,3
2024,1,24,13,0,371,21,391,27.700000000000003,79.03,0,7
2024,1,24,14,0,280,8,287,27.400000000000002,81.24,0,7
2024,1,24,15,0,115,1,116,26.8,85.46000000000001,0,6
2024,1,24,16,0,78,0,79,26.1,90.9,0,6
2024,1,24,17,0,32,0,32,25.400000000000002,95.73,0,7
2024,1,24,18,0,31,158,44,24.900000000000002,98.47,0,3
2024,1,24,19,0,0,0,0,24.8,98.88,0,3
2024,1,24,20,0,0,0,0,24.700000000000003,99.25,0,3
2024,1,24,21,0,0,0,0,24.6,99.69,0,7
2024,1,24,22,0,0,0,0,24.5,100,0,7
2024,1,24,23,0,0,0,0,24.5,100,0,5
2024,1,25,0,0,0,0,0,24.5,100,0,5
2024,1,25,1,0,0,0,0,24.5,99.99000000000001,0,4
2024,1,25,2,0,0,0,0,24.400000000000002,100,0,7
2024,1,25,3,0,0,0,0,24.400000000000002,99.91,0,6
2024,1,25,4,0,0,0,0,24.400000000000002,99.86,0,6
2024,1,25,5,0,0,0,0,24.400000000000002,100,0,6
2024,1,25,6,0,32,1,32,24.700000000000003,99.4,0,6
2024,1,25,7,0,36,0,36,25.200000000000003,97.88,0,7
2024,1,25,8,0,155,5,157,25.8,93.25,0,6
2024,1,25,9,0,353,104,432,26.700000000000003,85.55,0,7
2024,1,25,10,0,447,103,540,27.400000000000002,81.28,0,7
2024,1,25,11,0,439,196,631,27.700000000000003,80.88,0,8
2024,1,25,12,0,386,442,829,27.8,81.35000000000001,0,7
2024,1,25,13,0,282,1,282,27.700000000000003,82.93,0,3
2024,1,25,14,0,381,153,514,27.3,86.07000000000001,0,7
2024,1,25,15,0,289,30,310,26.700000000000003,90.3,0,7
2024,1,25,16,0,152,6,155,26.200000000000003,94.77,0,6
2024,1,25,17,0,105,11,108,25.900000000000002,97.32000000000001,0,7
2024,1,25,18,0,29,206,45,25.6,99.15,0,7
2024,1,25,19,0,0,0,0,25.400000000000002,100,0,7
2024,1,25,20,0,0,0,0,25.400000000000002,100,0,7
2024,1,25,21,0,0,0,0,25.5,100,0,7
2024,1,25,22,0,0,0,0,25.700000000000003,100,0,7
2024,1,25,23,0,0,0,0,25.900000000000002,100,0,7
2024,1,26,0,0,0,0,0,25.900000000000002,100,0,7
2024,1,26,1,0,0,0,0,25.900000000000002,100,0,3
2024,1,26,2,0,0,0,0,25.8,100,0,8
2024,1,26,3,0,0,0,0,25.6,100,0,8
2024,1,26,4,0,0,0,0,25.400000000000002,100,0,7
2024,1,26,5,0,0,0,0,25.200000000000003,98.98,0,6
2024,1,26,6,0,4,0,4,25.6,96.31,0,6
2024,1,26,7,0,175,42,190,26.400000000000002,90.53,0,7
2024,1,26,8,0,240,56,272,27.400000000000002,82.51,0,8
2024,1,26,9,0,335,176,469,28.3,78.14,0,8
2024,1,26,10,0,314,470,734,29,75.55,0,8
2024,1,26,11,0,408,17,425,29.200000000000003,75.08,0,7
2024,1,26,12,0,345,2,348,29.1,75.41,0,7
2024,1,26,13,0,252,4,256,28.700000000000003,76.99,0,7
2024,1,26,14,0,348,17,362,28.200000000000003,79.3,0,7
2024,1,26,15,0,64,0,64,27.5,82.63,0,6
2024,1,26,16,0,122,3,124,26.8,86.77,0,7
2024,1,26,17,0,37,0,37,26,91.9,0,6
2024,1,26,18,0,34,3,35,25.400000000000002,95.45,0,7
2024,1,26,19,0,0,0,0,25.1,97.08,0,7
2024,1,26,20,0,0,0,0,24.900000000000002,98.01,0,7
2024,1,26,21,0,0,0,0,24.700000000000003,98.87,0,6
2024,1,26,22,0,0,0,0,24.6,99.28,0,6
2024,1,26,23,0,0,0,0,24.5,99.68,0,7
2024,1,27,0,0,0,0,0,24.400000000000002,100,0,7
2024,1,27,1,0,0,0,0,24.400000000000002,99.8,0,7
2024,1,27,2,0,0,0,0,24.200000000000003,100,0,7
2024,1,27,3,0,0,0,0,24.200000000000003,100,0,8
2024,1,27,4,0,0,0,0,24.1,100,0,5
2024,1,27,5,0,0,0,0,24.200000000000003,99.47,0,5
2024,1,27,6,0,57,9,59,24.900000000000002,98.05,0,7
2024,1,27,7,0,164,30,175,25.700000000000003,94.2,0,7
2024,1,27,8,0,224,48,252,26.6,86,0,8
2024,1,27,9,0,298,35,324,27.6,78.59,0,7
2024,1,27,10,0,392,255,619,28.1,77.02,0,7
2024,1,27,11,0,374,339,705,28.400000000000002,77.46000000000001,0,7
2024,1,27,12,0,474,61,534,28.400000000000002,79.4,0,7
2024,1,27,13,0,307,1,308,28,82.73,0,4
2024,1,27,14,0,425,47,466,27.700000000000003,85.59,0,5
2024,1,27,15,0,336,177,463,27.200000000000003,89.42,0,8
2024,1,27,16,0,155,7,159,26.700000000000003,93.55,0,7
2024,1,27,17,0,64,1,64,26.3,96.88,0,8
2024,1,27,18,0,13,0,13,25.900000000000002,99.04,0,8
2024,1,27,19,0,0,0,0,25.700000000000003,99.91,0,8
2024,1,27,20,0,0,0,0,25.6,100,0,8
2024,1,27,21,0,0,0,0,25.5,100,0,6
2024,1,27,22,0,0,0,0,25.5,100,0,6
2024,1,27,23,0,0,0,0,25.5,100,0,6
2024,1,28,0,0,0,0,0,25.5,100,0,6
2024,1,28,1,0,0,0,0,25.5,100,0,6
2024,1,28,2,0,0,0,0,25.5,100,0,7
2024,1,28,3,0,0,0,0,25.400000000000002,100,0,7
2024,1,28,4,0,0,0,0,25.3,100,0,8
2024,1,28,5,0,0,0,0,25.200000000000003,100,0,7
2024,1,28,6,0,28,0,28,25.6,98.84,0,7
2024,1,28,7,0,113,1,114,26.3,95.7,0,5
2024,1,28,8,0,142,0,142,27.3,89.28,0,5
2024,1,28,9,0,156,0,156,28.200000000000003,83.85000000000001,0,4
2024,1,28,10,0,273,3,276,28.900000000000002,80.41,0,7
2024,1,28,11,0,131,0,131,29.1,79.8,0,6
2024,1,28,12,0,458,0,458,29,81.10000000000001,0,7
2024,1,28,13,0,460,142,596,28.8,83.09,0,6
2024,1,28,14,0,273,5,277,28.400000000000002,86,0,9
2024,1,28,15,0,37,0,37,28,89.19,0,9
2024,1,28,16,0,32,0,32,27.3,93.75,0,9
2024,1,28,17,0,15,0,15,26.700000000000003,96.60000000000001,0,6
2024,1,28,18,0,27,1,27,26.200000000000003,97.77,0,6
2024,1,28,19,0,0,0,0,26,97.41,0,6
2024,1,28,20,0,0,0,0,25.8,97.75,0,6
2024,1,28,21,0,0,0,0,25.700000000000003,98.22,0,6
2024,1,28,22,0,0,0,0,25.6,98.65,0,6
2024,1,28,23,0,0,0,0,25.5,98.83,0,7
2024,1,29,0,0,0,0,0,25.400000000000002,98.93,0,7
2024,1,29,1,0,0,0,0,25.3,98.66,0,8
2024,1,29,2,0,0,0,0,25.200000000000003,98.62,0,4
2024,1,29,3,0,0,0,0,25,99.29,0,3
2024,1,29,4,0,0,0,0,24.900000000000002,99.37,0,8
2024,1,29,5,0,0,0,0,24.900000000000002,99.06,0,3
2024,1,29,6,0,41,333,85,25.1,98.25,0,1
2024,1,29,7,0,75,660,314,25.6,96.2,0,1
2024,1,29,8,0,312,89,363,26.200000000000003,92.86,0,3
2024,1,29,9,0,106,877,768,27,88.03,0,1
2024,1,29,10,0,115,915,932,27.8,83.74,0,1
2024,1,29,11,0,120,935,1032,28.5,80.76,0,1
2024,1,29,12,0,280,627,907,29.1,78.53,0,8
2024,1,29,13,0,397,358,741,29.400000000000002,77.48,0,8
2024,1,29,14,0,36,0,36,29.200000000000003,78.93,0,9
2024,1,29,15,0,266,16,277,28.8,82.28,0,6
2024,1,29,16,0,236,246,366,28.200000000000003,87.10000000000001,0,7
2024,1,29,17,0,94,7,96,27.400000000000002,92.09,0,6
2024,1,29,18,0,29,2,30,26.5,96.16,0,6
2024,1,29,19,0,0,0,0,26.1,97.43,0,7
2024,1,29,20,0,0,0,0,25.8,98.16,0,7
2024,1,29,21,0,0,0,0,25.6,98.15,0,7
2024,1,29,22,0,0,0,0,25.5,97.44,0,6
2024,1,29,23,0,0,0,0,25.3,96.98,0,7
2024,1,30,0,0,0,0,0,25.1,96.51,0,7
2024,1,30,1,0,0,0,0,24.900000000000002,95.91,0,7
2024,1,30,2,0,0,0,0,24.6,96.23,0,7
2024,1,30,3,0,0,0,0,24.400000000000002,96.26,0,7
2024,1,30,4,0,0,0,0,24.400000000000002,95.44,0,6
2024,1,30,5,0,0,0,0,24.3,95.89,0,7
2024,1,30,6,0,48,225,77,24.700000000000003,94.86,0,8
2024,1,30,7,0,184,199,255,25.400000000000002,92.49,0,7
2024,1,30,8,0,246,321,430,26.3,88.43,0,7
2024,1,30,9,0,332,271,536,27.3,83.75,0,6
2024,1,30,10,0,415,294,676,28,81.21000000000001,0,6
2024,1,30,11,0,341,463,793,28.400000000000002,80.47,0,7
2024,1,30,12,0,540,272,812,28.400000000000002,81.79,0,7
2024,1,30,13,0,352,473,807,28.3,83.49,0,7
2024,1,30,14,0,332,393,673,28,86.56,0,7
2024,1,30,15,0,308,50,344,27.6,90.08,0,7
2024,1,30,16,0,230,56,260,27.1,94.05,0,7
2024,1,30,17,0,5,0,5,26.700000000000003,96.84,0,6
2024,1,30,18,0,28,206,44,26.3,98.5,0,6
2024,1,30,19,0,0,0,0,26,99.42,0,6
2024,1,30,20,0,0,0,0,25.8,99.34,0,6
2024,1,30,21,0,0,0,0,25.5,99.79,0,6
2024,1,30,22,0,0,0,0,25.400000000000002,99.59,0,6
2024,1,30,23,0,0,0,0,25.3,99.81,0,6
2024,1,31,0,0,0,0,0,25.200000000000003,100,0,6
2024,1,31,1,0,0,0,0,25.1,100,0,9
2024,1,31,2,0,0,0,0,25,100,0,9
2024,1,31,3,0,0,0,0,24.8,100,0,9
2024,1,31,4,0,0,0,0,24.700000000000003,100,0,6
2024,1,31,5,0,0,0,0,24.6,100,0,7
2024,1,31,6,0,26,0,26,24.900000000000002,99.79,0,7
2024,1,31,7,0,14,0,14,25.200000000000003,98.60000000000001,0,6
2024,1,31,8,0,175,7,179,25.700000000000003,95.11,0,6
2024,1,31,9,0,342,51,381,26.200000000000003,91,0,7
2024,1,31,10,0,455,86,532,26.5,89.33,0,7
2024,1,31,11,0,434,303,730,26.8,87.93,0,7
2024,1,31,12,0,460,402,862,27.6,84.03,0,7
2024,1,31,13,0,346,440,769,28.400000000000002,81.01,0,7
2024,1,31,14,0,298,476,710,28.6,81.15,0,7
2024,1,31,15,0,265,431,574,28.400000000000002,83.53,0,7
2024,1,31,16,0,170,519,444,27.900000000000002,88.09,0,8
2024,1,31,17,0,114,18,119,27.200000000000003,92.88,0,7
2024,1,31,18,0,12,0,12,26.5,95.77,0,7
2024,1,31,19,0,0,0,0,26.200000000000003,96.54,0,7
2024,1,31,20,0,0,0,0,26,96.86,0,7
2024,1,31,21,0,0,0,0,25.8,97.26,0,7
2024,1,31,22,0,0,0,0,25.6,97.85000000000001,0,7
2024,1,31,23,0,0,0,0,25.5,97.69,0,6
2024,2,1,0,0,0,0,0,25.5,97.11,0,6
2024,2,1,1,0,0,0,0,25.400000000000002,97.41,0,6
2024,2,1,2,0,0,0,0,25.200000000000003,98.29,0,6
2024,2,1,3,0,0,0,0,25.1,98.72,0,7
2024,2,1,4,0,0,0,0,25,99.02,0,7
2024,2,1,5,0,0,0,0,25,98.66,0,7
2024,2,1,6,0,68,23,71,25.200000000000003,97.61,0,7
2024,2,1,7,0,94,420,244,25.6,95.24,0,7
2024,2,1,8,0,221,467,488,26.200000000000003,91.32000000000001,0,8
2024,2,1,9,0,345,79,404,26.900000000000002,86.8,0,7
2024,2,1,10,0,446,234,654,27.8,81.69,0,7
2024,2,1,11,0,134,922,1033,28.6,77.19,0,1
2024,2,1,12,0,129,938,1066,29,74.4,0,0
2024,2,1,13,0,130,925,1019,29,73.96000000000001,0,0
2024,2,1,14,0,126,896,901,28.700000000000003,75.16,0,1
2024,2,1,15,0,118,840,721,28.200000000000003,77.41,0,0
2024,2,1,16,0,103,748,497,27.400000000000002,81.73,0,1
2024,2,1,17,0,78,571,254,26.6,86.49,0,0
2024,2,1,18,0,28,171,41,25.8,90.79,0,0
2024,2,1,19,0,0,0,0,25.5,92.17,0,0
2024,2,1,20,0,0,0,0,25.200000000000003,93.7,0,1
2024,2,1,21,0,0,0,0,25,94.61,0,0
2024,2,1,22,0,0,0,0,24.8,95.37,0,1
2024,2,1,23,0,0,0,0,24.6,95.75,0,0
2024,2,2,0,0,0,0,0,24.400000000000002,96.06,0,0
2024,2,2,1,0,0,0,0,24.3,95.94,0,8
2024,2,2,2,0,0,0,0,24.1,96.69,0,0
2024,2,2,3,0,0,0,0,23.900000000000002,97.60000000000001,0,1
2024,2,2,4,0,0,0,0,23.8,97.86,0,0
2024,2,2,5,0,0,0,0,23.900000000000002,97.46000000000001,0,8
2024,2,2,6,0,61,165,81,24.8,94.13,0,8
2024,2,2,7,0,159,278,257,26.1,86,0,7
2024,2,2,8,0,181,462,444,27.400000000000002,78.51,0,7
2024,2,2,9,0,299,366,574,28.400000000000002,74.72,0,7
2024,2,2,10,0,406,305,678,29.3,71.66,0,7
2024,2,2,11,0,382,351,724,29.8,69.92,0,7
2024,2,2,12,0,471,45,515,30.1,68.85000000000001,0,6
2024,2,2,13,0,372,321,681,30.200000000000003,68.41,0,7
2024,2,2,14,0,409,113,507,29.900000000000002,70.03,0,7
2024,2,2,15,0,177,606,612,29.3,72.94,0,7
2024,2,2,16,0,217,59,248,28.5,77.04,0,7
2024,2,2,17,0,52,1,52,27.400000000000002,83.83,0,7
2024,2,2,18,0,36,15,37,26.6,88.28,0,7
2024,2,2,19,0,0,0,0,26.1,91.52,0,6
2024,2,2,20,0,0,0,0,25.8,93.92,0,1
2024,2,2,21,0,0,0,0,25.6,95.72,0,3
2024,2,2,22,0,0,0,0,25.400000000000002,97.35000000000001,0,7
2024,2,2,23,0,0,0,0,25.200000000000003,98.8,0,7
2024,2,3,0,0,0,0,0,25.1,99.3,0,7
2024,2,3,1,0,0,0,0,25.1,99.13,0,7
2024,2,3,2,0,0,0,0,25,99.29,0,3
2024,2,3,3,0,0,0,0,24.8,99.96000000000001,0,7
2024,2,3,4,0,0,0,0,24.700000000000003,99.88,0,7
2024,2,3,5,0,0,0,0,24.700000000000003,99.98,0,8
2024,2,3,6,0,34,390,81,25.6,96.65,0,1
2024,2,3,7,0,65,706,314,26.8,88.04,0,1
2024,2,3,8,0,86,831,558,28.1,77.87,0,1
2024,2,3,9,0,105,888,772,29.1,72.29,0,1
2024,2,3,10,0,386,5,390,29.900000000000002,68.39,0,3
2024,2,3,11,0,411,4,415,30.400000000000002,66.02,0,3
2024,2,3,12,0,507,109,616,30.700000000000003,64.41,0,3
2024,2,3,13,0,522,201,715,30.6,64.5,0,3
2024,2,3,14,0,115,918,909,30.3,65.41,0,1
2024,2,3,15,0,107,868,729,29.700000000000003,67.67,0,1
2024,2,3,16,0,91,785,504,28.8,71.74,0,1
2024,2,3,17,0,67,629,259,27.8,77.81,0,1
2024,2,3,18,0,20,0,20,26.700000000000003,84.53,0,8
2024,2,3,19,0,0,0,0,26.1,88.58,0,7
2024,2,3,20,0,0,0,0,25.700000000000003,91.49,0,0
2024,2,3,21,0,0,0,0,25.400000000000002,93.72,0,0
2024,2,3,22,0,0,0,0,25.200000000000003,95.17,0,0
2024,2,3,23,0,0,0,0,25,96.34,0,0
2024,2,4,0,0,0,0,0,24.900000000000002,97.08,0,0
2024,2,4,1,0,0,0,0,24.700000000000003,98.3,0,0
2024,2,4,2,0,0,0,0,24.5,99.28,0,0
2024,2,4,3,0,0,0,0,24.400000000000002,99.53,0,0
2024,2,4,4,0,0,0,0,24.3,99.75,0,0
2024,2,4,5,0,0,0,0,24.400000000000002,99.43,0,8
2024,2,4,6,0,50,2,50,25.400000000000002,94.35000000000001,0,3
2024,2,4,7,0,124,419,271,26.6,85.33,0,7
2024,2,4,8,0,161,534,463,27.900000000000002,76.03,0,7
2024,2,4,9,0,414,148,525,29.1,69.68,0,3
2024,2,4,10,0,105,941,942,29.8,67.13,0,1
2024,2,4,11,0,528,229,751,30.400000000000002,64.76,0,3
2024,2,4,12,0,514,134,648,30.6,63.92,0,3
2024,2,4,13,0,504,178,675,30.700000000000003,63.34,0,3
2024,2,4,14,0,99,947,918,30.400000000000002,64.13,0,1
2024,2,4,15,0,99,889,736,29.700000000000003,66.42,0,0
2024,2,4,16,0,220,336,396,28.8,70.09,0,7
2024,2,4,17,0,67,636,261,27.6,77.15,0,1
2024,2,4,18,0,3,0,3,26.6,83.42,0,7
2024,2,4,19,0,0,0,0,26,87.41,0,7
2024,2,4,20,0,0,0,0,25.5,90.7,0,7
2024,2,4,21,0,0,0,0,25.200000000000003,92.83,0,7
2024,2,4,22,0,0,0,0,24.900000000000002,94.73,0,7
2024,2,4,23,0,0,0,0,24.700000000000003,95.74000000000001,0,7
2024,2,5,0,0,0,0,0,24.5,96.51,0,8
2024,2,5,1,0,0,0,0,24.3,97.29,0,0
2024,2,5,2,0,0,0,0,24,98.66,0,1
2024,2,5,3,0,0,0,0,23.8,99.21000000000001,0,7
2024,2,5,4,0,0,0,0,23.700000000000003,99.5,0,7
2024,2,5,5,0,0,0,0,23.8,99.07000000000001,0,7
2024,2,5,6,0,60,82,69,24.8,95,0,7
2024,2,5,7,0,141,313,251,26.3,84.95,0,7
2024,2,5,8,0,155,523,451,28,74.41,0,7
2024,2,5,9,0,191,583,628,29.3,68.45,0,8
2024,2,5,10,0,434,86,510,30.200000000000003,66.04,0,7
2024,2,5,11,0,440,42,480,30.8,64.67,0,7
2024,2,5,12,0,408,16,424,31,64.07000000000001,0,6
2024,2,5,13,0,384,15,399,30.900000000000002,64.65,0,7
2024,2,5,14,0,323,12,334,30.5,66.43,0,6
2024,2,5,15,0,333,174,457,29.900000000000002,68.78,0,7
2024,2,5,16,0,99,756,495,29,72.82000000000001,0,1
2024,2,5,17,0,72,591,252,27.900000000000002,79.41,0,0
2024,2,5,18,0,28,2,28,27,84.8,0,7
2024,2,5,19,0,0,0,0,26.5,88.15,0,7
2024,2,5,20,0,0,0,0,26.200000000000003,90.06,0,7
2024,2,5,21,0,0,0,0,25.900000000000002,91.84,0,7
2024,2,5,22,0,0,0,0,25.6,93.48,0,8
2024,2,5,23,0,0,0,0,25.400000000000002,94.52,0,7
2024,2,6,0,0,0,0,0,25.1,96.25,0,8
2024,2,6,1,0,0,0,0,24.900000000000002,97.4,0,7
2024,2,6,2,0,0,0,0,24.700000000000003,98.59,0,7
2024,2,6,3,0,0,0,0,24.700000000000003,98.54,0,8
2024,2,6,4,0,0,0,0,24.6,99.07000000000001,0,8
2024,2,6,5,0,0,0,0,24.8,98.01,0,7
2024,2,6,6,0,43,4,43,25.6,93.86,0,7
2024,2,6,7,0,165,228,244,26.8,86.42,0,7
2024,2,6,8,0,215,368,422,27.900000000000002,78.64,0,7
2024,2,6,9,0,335,276,541,28.700000000000003,73.75,0,7
2024,2,6,10,0,289,524,754,29.3,71.14,0,7
2024,2,6,11,0,411,306,708,29.8,69.21000000000001,0,6
2024,2,6,12,0,466,43,509,29.900000000000002,68.9,0,6
2024,2,6,13,0,307,5,312,29.8,69.43,0,6
2024,2,6,14,0,318,11,327,29.5,70.79,0,7
2024,2,6,15,0,288,26,307,29,73.73,0,6
2024,2,6,16,0,82,0,82,28.400000000000002,77.69,0,6
2024,2,6,17,0,11,0,11,27.6,82.73,0,6
2024,2,6,18,0,22,1,22,26.8,87.23,0,7
2024,2,6,19,0,0,0,0,26.3,89.9,0,7
2024,2,6,20,0,0,0,0,25.900000000000002,92.33,0,7
2024,2,6,21,0,0,0,0,25.5,94.63,0,8
2024,2,6,22,0,0,0,0,25.200000000000003,95.87,0,7
2024,2,6,23,0,0,0,0,24.900000000000002,97.05,0,8
2024,2,7,0,0,0,0,0,24.6,98.36,0,7
2024,2,7,1,0,0,0,0,24.3,99.69,0,7
2024,2,7,2,0,0,0,0,24.1,100,0,7
2024,2,7,3,0,0,0,0,24,100,0,8
2024,2,7,4,0,0,0,0,23.900000000000002,100,0,7
2024,2,7,5,0,0,0,0,24.1,99.93,0,8
2024,2,7,6,0,47,7,48,25,96.23,0,8
2024,2,7,7,0,156,240,239,26.200000000000003,88.92,0,7
2024,2,7,8,0,173,551,483,27.700000000000003,77.7,0,7
2024,2,7,9,0,297,375,577,29,68.9,0,7
2024,2,7,10,0,359,381,697,29.900000000000002,64.62,0,7
2024,2,7,11,0,278,542,805,30.5,62.11,0,7
2024,2,7,12,0,534,203,736,31,60.49,0,3
2024,2,7,13,0,503,170,666,31.3,59.82,0,3
2024,2,7,14,0,305,498,735,31.1,61.15,0,7
2024,2,7,15,0,258,469,594,30.5,64.33,0,7
2024,2,7,16,0,40,0,40,29.6,70.57000000000001,0,6
2024,2,7,17,0,6,0,6,28.400000000000002,78.88,0,7
2024,2,7,18,0,25,180,37,27.6,84.18,0,7
2024,2,7,19,0,0,0,0,27.1,88.03,0,7
2024,2,7,20,0,0,0,0,26.8,90.63,0,7
2024,2,7,21,0,0,0,0,26.5,92.74,0,7
2024,2,7,22,0,0,0,0,26.200000000000003,94.53,0,7
2024,2,7,23,0,0,0,0,25.8,96.77,0,6
2024,2,8,0,0,0,0,0,25.6,97.63,0,6
2024,2,8,1,0,0,0,0,25.400000000000002,98.42,0,6
2024,2,8,2,0,0,0,0,25.3,98.53,0,6
2024,2,8,3,0,0,0,0,25.200000000000003,98.60000000000001,0,7
2024,2,8,4,0,0,0,0,25,99.15,0,6
2024,2,8,5,0,0,0,0,25,98.63,0,6
2024,2,8,6,0,52,18,54,25.6,96.60000000000001,0,7
2024,2,8,7,0,130,12,134,26.5,91,0,7
2024,2,8,8,0,228,37,249,27.3,84.87,0,7
2024,2,8,9,0,297,38,326,28.200000000000003,78.13,0,7
2024,2,8,10,0,425,110,522,28.900000000000002,72.78,0,7
2024,2,8,11,0,388,17,404,29.3,69.10000000000001,0,7
2024,2,8,12,0,447,60,507,29.400000000000002,67.28,0,7
2024,2,8,13,0,402,30,431,29.3,66.62,0,7
2024,2,8,14,0,397,167,542,29.1,66.53,0,8
2024,2,8,15,0,324,202,468,28.6,68.62,0,7
2024,2,8,16,0,163,8,167,27.8,73.9,0,6
2024,2,8,17,0,33,0,33,26.900000000000002,80.39,0,6
2024,2,8,18,0,31,7,31,26,86.04,0,6
2024,2,8,19,0,0,0,0,25.400000000000002,90.44,0,7
2024,2,8,20,0,0,0,0,25.1,93.13,0,7
2024,2,8,21,0,0,0,0,25,94.49,0,7
2024,2,8,22,0,0,0,0,24.900000000000002,95.61,0,7
2024,2,8,23,0,0,0,0,24.700000000000003,96.64,0,7
2024,2,9,0,0,0,0,0,24.5,96.62,0,8
2024,2,9,1,0,0,0,0,24.3,95.51,0,0
2024,2,9,2,0,0,0,0,24,94.9,0,8
2024,2,9,3,0,0,0,0,23.6,95.54,0,0
2024,2,9,4,0,0,0,0,23.400000000000002,95.53,0,0
2024,2,9,5,0,0,0,0,23.400000000000002,95.83,0,1
2024,2,9,6,0,34,329,70,24.8,90.82000000000001,0,1
2024,2,9,7,0,69,681,303,26.6,77.66,0,0
2024,2,9,8,0,88,824,549,28.3,66.41,0,0
2024,2,9,9,0,98,903,771,29.400000000000002,61.74,0,0
2024,2,9,10,0,107,940,939,30.3,58.870000000000005,0,1
2024,2,9,11,0,116,954,1042,30.8,57.21,0,1
2024,2,9,12,0,122,952,1070,30.900000000000002,57.19,0,0
2024,2,9,13,0,124,937,1023,30.6,58.59,0,1
2024,2,9,14,0,121,906,902,30.1,60.410000000000004,0,1
2024,2,9,15,0,394,121,480,29.3,63.35,0,3
2024,2,9,16,0,273,226,390,28.3,67.8,0,3
2024,2,9,17,0,125,5,126,27.1,73.96000000000001,0,3
2024,2,9,18,0,25,163,35,26.200000000000003,79.29,0,1
2024,2,9,19,0,0,0,0,25.8,82.24,0,0
2024,2,9,20,0,0,0,0,25.400000000000002,85.05,0,0
2024,2,9,21,0,0,0,0,25.200000000000003,86.52,0,0
2024,2,9,22,0,0,0,0,25,87.71000000000001,0,0
2024,2,9,23,0,0,0,0,24.700000000000003,89.24,0,0
2024,2,10,0,0,0,0,0,24.3,91.45,0,0
2024,2,10,1,0,0,0,0,24,93.32000000000001,0,1
2024,2,10,2,0,0,0,0,23.8,94.63,0,1
2024,2,10,3,0,0,0,0,23.6,96.09,0,3
2024,2,10,4,0,0,0,0,23.5,97.15,0,0
2024,2,10,5,0,0,0,0,23.6,97.77,0,1
2024,2,10,6,0,39,233,64,24.400000000000002,95.84,0,3
2024,2,10,7,0,73,1,74,25.400000000000002,90.75,0,7
2024,2,10,8,0,267,37,288,27,78.01,0,5
2024,2,10,9,0,415,165,538,28.1,71.09,0,3
2024,2,10,10,0,291,1,291,29,67.41,0,3
2024,2,10,11,0,138,908,1020,29.6,65.67,0,1
2024,2,10,12,0,502,84,586,29.8,65.42,0,4
2024,2,10,13,0,398,4,402,29.5,67.04,0,3
2024,2,10,14,0,91,0,91,29.1,68.89,0,7
2024,2,10,15,0,308,166,426,28.5,71.14,0,8
2024,2,10,16,0,185,2,186,27.700000000000003,74.03,0,3
2024,2,10,17,0,52,0,52,26.700000000000003,78.68,0,3
2024,2,10,18,0,15,0,15,25.8,83.33,0,4
2024,2,10,19,0,0,0,0,25.3,86.07000000000001,0,3
2024,2,10,20,0,0,0,0,25,88.07000000000001,0,3
2024,2,10,21,0,0,0,0,24.8,89.74,0,3
2024,2,10,22,0,0,0,0,24.6,91.41,0,0
2024,2,10,23,0,0,0,0,24.5,92.34,0,0
2024,2,11,0,0,0,0,0,24.3,94.07000000000001,0,3
2024,2,11,1,0,0,0,0,24,96.28,0,3
2024,2,11,2,0,0,0,0,24,96.54,0,1
2024,2,11,3,0,0,0,0,23.900000000000002,97.37,0,0
2024,2,11,4,0,0,0,0,23.900000000000002,97.55,0,0
2024,2,11,5,0,0,0,0,24,97.77,0,0
2024,2,11,6,0,38,239,63,25.1,95.78,0,1
2024,2,11,7,0,84,605,289,26.3,90.2,0,1
2024,2,11,8,0,106,770,536,27.8,78.99,0,1
2024,2,11,9,0,364,356,629,28.900000000000002,72.4,0,3
2024,2,11,10,0,116,921,930,29.700000000000003,68.28,0,1
2024,2,11,11,0,124,935,1031,30.200000000000003,66.17,0,1
2024,2,11,12,0,502,82,583,30.3,65.77,0,3
2024,2,11,13,0,127,928,1016,30.200000000000003,66.37,0,1
2024,2,11,14,0,433,71,494,29.900000000000002,67.77,0,3
2024,2,11,15,0,271,17,283,29.400000000000002,70.38,0,6
2024,2,11,16,0,209,405,419,28.6,74.43,0,7
2024,2,11,17,0,145,310,237,27.5,81.06,0,3
2024,2,11,18,0,6,0,6,26.400000000000002,88.26,0,4
2024,2,11,19,0,0,0,0,26,91.28,0,4
2024,2,11,20,0,0,0,0,25.700000000000003,93.63,0,3
2024,2,11,21,0,0,0,0,25.400000000000002,95.8,0,4
2024,2,11,22,0,0,0,0,25.200000000000003,97.31,0,5
2024,2,11,23,0,0,0,0,25,98.71000000000001,0,3
2024,2,12,0,0,0,0,0,24.8,99.53,0,0
2024,2,12,1,0,0,0,0,24.6,100,0,3
2024,2,12,2,0,0,0,0,24.400000000000002,100,0,8
2024,2,12,3,0,0,0,0,24.3,100,0,1
2024,2,12,4,0,0,0,0,24.200000000000003,99.95,0,0
2024,2,12,5,0,0,0,0,24.3,99.12,0,0
2024,2,12,6,0,33,316,66,25.3,96.2,0,1
2024,2,12,7,0,69,674,297,26.3,90.54,0,1
2024,2,12,8,0,89,819,545,28,76.42,0,1
2024,2,12,9,0,96,904,767,29.3,69.75,0,1
2024,2,12,10,0,105,943,938,30.200000000000003,66.63,0,1
2024,2,12,11,0,111,961,1043,30.700000000000003,64.58,0,1
2024,2,12,12,0,114,965,1074,31,63.230000000000004,0,1
2024,2,12,13,0,114,954,1028,31.1,62.46,0,1
2024,2,12,14,0,110,927,908,30.8,63.28,0,1
2024,2,12,15,0,102,879,726,30.200000000000003,65.44,0,0
2024,2,12,16,0,89,789,497,29.3,69.16,0,0
2024,2,12,17,0,67,613,248,28.200000000000003,74.99,0,0
2024,2,12,18,0,23,181,33,27.1,81.11,0,0
2024,2,12,19,0,0,0,0,26.5,84.82000000000001,0,0
2024,2,12,20,0,0,0,0,26,88.25,0,0
2024,2,12,21,0,0,0,0,25.6,91.31,0,0
2024,2,12,22,0,0,0,0,25.200000000000003,94.03,0,0
2024,2,12,23,0,0,0,0,25,95.25,0,0
2024,2,13,0,0,0,0,0,24.8,96.33,0,0
2024,2,13,1,0,0,0,0,24.5,97.81,0,0
2024,2,13,2,0,0,0,0,24.400000000000002,98.10000000000001,0,0
2024,2,13,3,0,0,0,0,24.400000000000002,97.53,0,0
2024,2,13,4,0,0,0,0,24.3,97.58,0,1
2024,2,13,5,0,0,0,0,24.3,97.64,0,0
2024,2,13,6,0,31,355,67,25.700000000000003,93.24,0,0
2024,2,13,7,0,63,706,301,27,85.71000000000001,0,0
2024,2,13,8,0,81,841,548,28.8,72.85000000000001,0,0
2024,2,13,9,0,96,907,768,29.900000000000002,67.88,0,0
2024,2,13,10,0,106,943,938,30.8,63.96,0,0
2024,2,13,11,0,111,963,1043,31.400000000000002,61.120000000000005,0,1
2024,2,13,12,0,112,967,1074,31.8,59.13,0,1
2024,2,13,13,0,519,263,771,31.8,58.93,0,3
2024,2,13,14,0,106,935,910,31.6,59.730000000000004,0,1
2024,2,13,15,0,260,465,590,31,62.07,0,7
2024,2,13,16,0,82,809,500,30.1,66.21000000000001,0,0
2024,2,13,17,0,62,641,250,28.8,73.38,0,0
2024,2,13,18,0,21,202,33,27.6,79.27,0,1
2024,2,13,19,0,0,0,0,26.900000000000002,83.68,0,0
2024,2,13,20,0,0,0,0,26.3,87.69,0,0
2024,2,13,21,0,0,0,0,25.8,91.06,0,0
2024,2,13,22,0,0,0,0,25.400000000000002,93.45,0,0
2024,2,13,23,0,0,0,0,25,95.67,0,0
2024,2,14,0,0,0,0,0,24.700000000000003,97.24000000000001,0,1
2024,2,14,1,0,0,0,0,24.400000000000002,98.58,0,3
2024,2,14,2,0,0,0,0,24.200000000000003,99.37,0,0
2024,2,14,3,0,0,0,0,24,100,0,8
2024,2,14,4,0,0,0,0,23.900000000000002,100,0,8
2024,2,14,5,0,0,0,0,24,99.41,0,1
2024,2,14,6,0,32,319,64,25.200000000000003,92.94,0,1
2024,2,14,7,0,67,687,297,26.900000000000002,82.76,0,0
2024,2,14,8,0,84,836,547,28.5,72.58,0,1
2024,2,14,9,0,231,518,615,30,65.1,0,7
2024,2,14,10,0,249,603,780,31.200000000000003,59.53,0,7
2024,2,14,11,0,200,749,925,32.2,55.25,0,7
2024,2,14,12,0,228,722,945,32.800000000000004,52.9,0,7
2024,2,14,13,0,271,553,799,33.1,51.68,0,7
2024,2,14,14,0,277,543,744,32.9,52.4,0,8
2024,2,14,15,0,252,433,559,32.300000000000004,54.85,0,7
2024,2,14,16,0,236,211,344,31.3,60.44,0,7
2024,2,14,17,0,134,47,148,29.700000000000003,70.16,0,7
2024,2,14,18,0,21,171,31,28.1,78.47,0,7
2024,2,14,19,0,0,0,0,27.3,83.42,0,7
2024,2,14,20,0,0,0,0,26.700000000000003,87.17,0,7
2024,2,14,21,0,0,0,0,26.3,89.53,0,0
2024,2,14,22,0,0,0,0,26,91.37,0,8
2024,2,14,23,0,0,0,0,25.700000000000003,93.48,0,0
2024,2,15,0,0,0,0,0,25.5,94.96000000000001,0,0
2024,2,15,1,0,0,0,0,25.400000000000002,95.8,0,0
2024,2,15,2,0,0,0,0,25.200000000000003,96.98,0,3
2024,2,15,3,0,0,0,0,25.200000000000003,96.83,0,8
2024,2,15,4,0,0,0,0,25.1,97.38,0,8
2024,2,15,5,0,0,0,0,25.1,97.19,0,7
2024,2,15,6,0,35,228,58,25.8,93.17,0,1
2024,2,15,7,0,154,80,180,26.900000000000002,86.15,0,8
2024,2,15,8,0,99,772,527,28.200000000000003,77.92,0,1
2024,2,15,9,0,316,250,501,29.5,71.54,0,8
2024,2,15,10,0,410,187,575,30.5,67.51,0,7
2024,2,15,11,0,412,280,682,31.200000000000003,64.68,0,7
2024,2,15,12,0,389,387,773,31.6,63.02,0,7
2024,2,15,13,0,398,264,650,31.3,64.24,0,7
2024,2,15,14,0,330,18,345,30.5,68.1,0,8
2024,2,15,15,0,106,1,106,29.6,72.85000000000001,0,8
2024,2,15,16,0,204,36,222,28.5,78.95,0,8
2024,2,15,17,0,99,12,102,27.400000000000002,85.69,0,7
2024,2,15,18,0,5,0,5,26.6,90.72,0,7
2024,2,15,19,0,0,0,0,26.200000000000003,93.34,0,6
2024,2,15,20,0,0,0,0,25.900000000000002,95.41,0,6
2024,2,15,21,0,0,0,0,25.8,96.47,0,6
2024,2,15,22,0,0,0,0,25.6,98.09,0,6
2024,2,15,23,0,0,0,0,25.5,99.16,0,6
2024,2,16,0,0,0,0,0,25.5,99.48,0,6
2024,2,16,1,0,0,0,0,25.400000000000002,99.88,0,6
2024,2,16,2,0,0,0,0,25.3,99.61,0,7
2024,2,16,3,0,0,0,0,25.1,100,0,4
2024,2,16,4,0,0,0,0,25,99.76,0,8
2024,2,16,5,0,0,0,0,24.900000000000002,99.58,0,7
2024,2,16,6,0,44,4,45,25.1,98.31,0,5
2024,2,16,7,0,125,25,134,25.5,95.79,0,8
2024,2,16,8,0,105,0,106,26.5,88.39,0,5
2024,2,16,9,0,73,0,73,27.700000000000003,80.88,0,4
2024,2,16,10,0,81,0,81,28.8,76.25,0,4
2024,2,16,11,0,515,271,777,29.400000000000002,75.03,0,3
2024,2,16,12,0,531,204,733,29.700000000000003,74.38,0,3
2024,2,16,13,0,179,0,179,29.8,74.15,0,3
2024,2,16,14,0,100,0,100,29.400000000000002,76.29,0,4
2024,2,16,15,0,22,0,22,28.700000000000003,80.62,0,7
2024,2,16,16,0,10,0,10,27.700000000000003,87.32000000000001,0,6
2024,2,16,17,0,12,0,12,26.8,93.17,0,6
2024,2,16,18,0,11,0,11,26.3,96.25,0,6
2024,2,16,19,0,0,0,0,26,97.73,0,6
2024,2,16,20,0,0,0,0,25.8,98.34,0,6
2024,2,16,21,0,0,0,0,25.6,98.77,0,6
2024,2,16,22,0,0,0,0,25.5,98.60000000000001,0,7
2024,2,16,23,0,0,0,0,25.400000000000002,98.41,0,6
2024,2,17,0,0,0,0,0,25.200000000000003,98.77,0,6
2024,2,17,1,0,0,0,0,25,98.8,0,7
2024,2,17,2,0,0,0,0,24.900000000000002,98.69,0,7
2024,2,17,3,0,0,0,0,24.8,98.82000000000001,0,8
2024,2,17,4,0,0,0,0,24.700000000000003,99,0,8
2024,2,17,5,0,0,0,0,24.6,99.25,0,1
2024,2,17,6,0,31,262,56,24.8,98.23,0,1
2024,2,17,7,0,169,158,221,25.3,95.87,0,3
2024,2,17,8,0,91,786,524,25.900000000000002,91.65,0,1
2024,2,17,9,0,376,96,447,26.700000000000003,85.82000000000001,0,4
2024,2,17,10,0,429,57,479,27.5,80,0,4
2024,2,17,11,0,427,8,435,28.1,76.53,0,3
2024,2,17,12,0,484,154,637,28.6,74.38,0,3
2024,2,17,13,0,129,909,996,29.1,72.29,0,1
2024,2,17,14,0,447,130,559,29.200000000000003,72.21000000000001,0,2
2024,2,17,15,0,371,90,435,28.700000000000003,76.2,0,2
2024,2,17,16,0,194,3,195,27.8,82.79,0,3
2024,2,17,17,0,82,494,223,26.900000000000002,88.2,0,1
2024,2,17,18,0,11,0,11,26.3,91.22,0,3
2024,2,17,19,0,0,0,0,25.900000000000002,92.17,0,7
2024,2,17,20,0,0,0,0,25.6,92.07000000000001,0,7
2024,2,17,21,0,0,0,0,25.200000000000003,92.79,0,6
2024,2,17,22,0,0,0,0,25,93.02,0,9
2024,2,17,23,0,0,0,0,24.8,93.53,0,7
2024,2,18,0,0,0,0,0,24.6,93.79,0,3
2024,2,18,1,0,0,0,0,24.400000000000002,94.71000000000001,0,1
2024,2,18,2,0,0,0,0,24.200000000000003,95.19,0,7
2024,2,18,3,0,0,0,0,24,95.65,0,7
2024,2,18,4,0,0,0,0,23.8,96.36,0,7
2024,2,18,5,0,0,0,0,23.5,97.5,0,6
2024,2,18,6,0,46,9,47,23.5,97.04,0,6
2024,2,18,7,0,59,1,59,23.700000000000003,96.08,0,6
2024,2,18,8,0,154,4,156,24.200000000000003,93.84,0,7
2024,2,18,9,0,277,17,290,25,89.91,0,7
2024,2,18,10,0,382,76,450,25.900000000000002,86.17,0,8
2024,2,18,11,0,353,415,754,26.5,84.51,0,7
2024,2,18,12,0,390,23,412,26.700000000000003,85.47,0,7
2024,2,18,13,0,344,9,353,26.8,86.89,0,6
2024,2,18,14,0,306,8,313,26.8,88.36,0,6
2024,2,18,15,0,331,120,416,26.6,90.56,0,7
2024,2,18,16,0,232,55,260,26.400000000000002,92.58,0,7
2024,2,18,17,0,95,6,96,26,95.42,0,7
2024,2,18,18,0,17,0,17,25.6,97.88,0,7
2024,2,18,19,0,0,0,0,25.5,98.60000000000001,0,7
2024,2,18,20,0,0,0,0,25.5,98.42,0,7
2024,2,18,21,0,0,0,0,25.400000000000002,98.8,0,7
2024,2,18,22,0,0,0,0,25.3,99.07000000000001,0,7
2024,2,18,23,0,0,0,0,25.200000000000003,99.21000000000001,0,7
2024,2,19,0,0,0,0,0,25.1,99.48,0,7
2024,2,19,1,0,0,0,0,25,99.65,0,7
2024,2,19,2,0,0,0,0,24.900000000000002,99.88,0,7
2024,2,19,3,0,0,0,0,24.8,99.97,0,7
2024,2,19,4,0,0,0,0,24.8,99.71000000000001,0,7
2024,2,19,5,0,0,0,0,24.8,99.69,0,8
2024,2,19,6,0,35,176,51,25.200000000000003,98.97,0,1
2024,2,19,7,0,84,566,270,26,96.42,0,1
2024,2,19,8,0,173,504,450,27.3,88.9,0,8
2024,2,19,9,0,112,850,738,28.6,82.02,0,1
2024,2,19,10,0,242,649,812,29.700000000000003,77.05,0,7
2024,2,19,11,0,307,510,800,30.700000000000003,72.2,0,7
2024,2,19,12,0,102,898,991,31.3,69,0,7
2024,2,19,13,0,448,103,546,31.400000000000002,68.42,0,7
2024,2,19,14,0,265,579,759,31,71.08,0,8
2024,2,19,15,0,117,821,693,30.3,75.85000000000001,0,1
2024,2,19,16,0,103,717,466,29.1,83.24,0,1
2024,2,19,17,0,156,71,176,27.900000000000002,90.5,0,3
2024,2,19,18,0,9,0,9,27,94.62,0,8
2024,2,19,19,0,0,0,0,26.6,95.60000000000001,0,7
2024,2,19,20,0,0,0,0,26.3,96.43,0,6
2024,2,19,21,0,0,0,0,26,97.36,0,7
2024,2,19,22,0,0,0,0,25.8,97.9,0,7
2024,2,19,23,0,0,0,0,25.5,99.16,0,6
2024,2,20,0,0,0,0,0,25.400000000000002,99.21000000000001,0,5
2024,2,20,1,0,0,0,0,25.200000000000003,99.85000000000001,0,7
2024,2,20,2,0,0,0,0,25.200000000000003,99.46000000000001,0,6
2024,2,20,3,0,0,0,0,25.1,100,0,6
2024,2,20,4,0,0,0,0,25.1,99.96000000000001,0,7
2024,2,20,5,0,0,0,0,25,100,0,8
2024,2,20,6,0,39,6,40,25.200000000000003,99.89,0,7
2024,2,20,7,0,92,5,93,25.6,98.73,0,6
2024,2,20,8,0,122,2,123,26.400000000000002,94.75,0,6
2024,2,20,9,0,87,0,87,27.3,88.77,0,6
2024,2,20,10,0,260,4,263,27.8,85.87,0,7
2024,2,20,11,0,414,25,438,27.8,86.24,0,7
2024,2,20,12,0,400,350,746,27.700000000000003,87.55,0,7
2024,2,20,13,0,443,100,538,27.5,89.5,0,6
2024,2,20,14,0,403,202,575,27.200000000000003,92.16,0,6
2024,2,20,15,0,285,34,309,26.8,95.2,0,6
2024,2,20,16,0,217,47,241,26.5,97.25,0,7
2024,2,20,17,0,132,65,150,26.200000000000003,98.57000000000001,0,7
2024,2,20,18,0,18,1,18,25.900000000000002,98.98,0,6
2024,2,20,19,0,0,0,0,25.700000000000003,98.82000000000001,0,6
2024,2,20,20,0,0,0,0,25.5,98.74000000000001,0,7
2024,2,20,21,0,0,0,0,25.400000000000002,97.98,0,6
2024,2,20,22,0,0,0,0,25.3,97.23,0,7
2024,2,20,23,0,0,0,0,25.1,97.27,0,6
2024,2,21,0,0,0,0,0,24.900000000000002,97.68,0,6
2024,2,21,1,0,0,0,0,24.700000000000003,98.06,0,8
2024,2,21,2,0,0,0,0,24.6,98.13,0,7
2024,2,21,3,0,0,0,0,24.6,98.21000000000001,0,7
2024,2,21,4,0,0,0,0,24.6,98.67,0,8
2024,2,21,5,0,0,0,0,24.6,99.62,0,7
2024,2,21,6,0,3,0,3,25,99.10000000000001,0,7
2024,2,21,7,0,147,50,163,25.6,97.56,0,7
2024,2,21,8,0,259,113,321,26.3,95.26,0,7
2024,2,21,9,0,346,68,395,27.200000000000003,90.13,0,7
2024,2,21,10,0,416,147,545,28,84.05,0,7
2024,2,21,11,0,357,10,366,28.700000000000003,80.07000000000001,0,6
2024,2,21,12,0,449,217,663,29.1,78.49,0,7
2024,2,21,13,0,357,307,649,29,79.71000000000001,0,7
2024,2,21,14,0,32,0,32,28.6,82.94,0,6
2024,2,21,15,0,20,0,20,28.1,87.25,0,6
2024,2,21,16,0,8,0,8,27.3,92.8,0,7
2024,2,21,17,0,5,0,5,26.6,96.60000000000001,0,6
2024,2,21,18,0,14,0,14,26.200000000000003,97.93,0,9
2024,2,21,19,0,0,0,0,26,98.43,0,6
2024,2,21,20,0,0,0,0,25.8,99.14,0,6
2024,2,21,21,0,0,0,0,25.700000000000003,99.47,0,6
2024,2,21,22,0,0,0,0,25.6,99.79,0,7
2024,2,21,23,0,0,0,0,25.6,99.27,0,6
2024,2,22,0,0,0,0,0,25.5,99.43,0,6
2024,2,22,1,0,0,0,0,25.400000000000002,99.74000000000001,0,6
2024,2,22,2,0,0,0,0,25.3,100,0,6
2024,2,22,3,0,0,0,0,25.3,100,0,7
2024,2,22,4,0,0,0,0,25.3,100,0,7
2024,2,22,5,0,0,0,0,25.400000000000002,100,0,7
2024,2,22,6,0,33,2,33,25.700000000000003,99.59,0,7
2024,2,22,7,0,39,0,39,26.1,98.68,0,6
2024,2,22,8,0,249,151,331,26.5,97.62,0,7
2024,2,22,9,0,280,355,540,27.1,94.96000000000001,0,7
2024,2,22,10,0,356,284,604,27.5,91.92,0,7
2024,2,22,11,0,411,172,577,27.8,89.93,0,7
2024,2,22,12,0,428,112,539,27.900000000000002,89.03,0,7
2024,2,22,13,0,440,184,615,27.8,89.57000000000001,0,6
2024,2,22,14,0,347,45,386,27.5,91.56,0,7
2024,2,22,15,0,263,19,276,27.3,92.88,0,6
2024,2,22,16,0,35,0,35,26.900000000000002,94.94,0,9
2024,2,22,17,0,7,0,7,26.5,96.36,0,6
2024,2,22,18,0,16,83,19,26.1,97.46000000000001,0,6
2024,2,22,19,0,0,0,0,25.900000000000002,98.15,0,6
2024,2,22,20,0,0,0,0,25.900000000000002,97.84,0,7
2024,2,22,21,0,0,0,0,25.8,98.03,0,7
2024,2,22,22,0,0,0,0,25.700000000000003,98.27,0,7
2024,2,22,23,0,0,0,0,25.6,98.59,0,7
2024,2,23,0,0,0,0,0,25.5,99.28,0,7
2024,2,23,1,0,0,0,0,25.400000000000002,99.98,0,7
2024,2,23,2,0,0,0,0,25.400000000000002,99.98,0,7
2024,2,23,3,0,0,0,0,25.400000000000002,99.74000000000001,0,8
2024,2,23,4,0,0,0,0,25.3,99.94,0,1
2024,2,23,5,0,0,0,0,25.3,99.7,0,7
2024,2,23,6,0,34,157,47,25.8,98.47,0,8
2024,2,23,7,0,141,305,240,26.6,94.9,0,8
2024,2,23,8,0,230,35,249,27.700000000000003,87.96000000000001,0,7
2024,2,23,9,0,353,117,438,28.6,82.11,0,7
2024,2,23,10,0,411,199,586,29.400000000000002,77.54,0,7
2024,2,23,11,0,392,334,712,29.900000000000002,75.18,0,7
2024,2,23,12,0,483,115,596,30.200000000000003,73.73,0,6
2024,2,23,13,0,170,1,170,30.200000000000003,74.02,0,6
2024,2,23,14,0,146,0,147,29.900000000000002,76,0,6
2024,2,23,15,0,342,189,474,29.3,79.75,0,7
2024,2,23,16,0,247,197,345,28.400000000000002,86.36,0,7
2024,2,23,17,0,134,71,154,27.400000000000002,92.34,0,7
2024,2,23,18,0,15,20,16,26.5,95.98,0,7
2024,2,23,19,0,0,0,0,26,97.91,0,1
2024,2,23,20,0,0,0,0,25.700000000000003,99.22,0,1
2024,2,23,21,0,0,0,0,25.400000000000002,100,0,1
2024,2,23,22,0,0,0,0,25.200000000000003,100,0,0
2024,2,23,23,0,0,0,0,25,100,0,1
2024,2,24,0,0,0,0,0,24.8,100,0,8
2024,2,24,1,0,0,0,0,24.700000000000003,100,0,8
2024,2,24,2,0,0,0,0,24.6,100,0,0
2024,2,24,3,0,0,0,0,24.5,100,0,8
2024,2,24,4,0,0,0,0,24.400000000000002,100,0,0
2024,2,24,5,0,0,0,0,24.400000000000002,100,0,0
2024,2,24,6,0,19,0,19,25.400000000000002,99.32000000000001,0,3
2024,2,24,7,0,65,668,281,26.400000000000002,94.7,0,1
2024,2,24,8,0,88,812,529,27.8,82.24,0,1
2024,2,24,9,0,106,880,750,28.700000000000003,75.58,0,0
2024,2,24,10,0,115,924,922,29.400000000000002,71.35000000000001,0,0
2024,2,24,11,0,117,949,1029,29.8,68.98,0,0
2024,2,24,12,0,115,960,1060,30,67.69,0,1
2024,2,24,13,0,111,953,1013,29.900000000000002,67.96000000000001,0,0
2024,2,24,14,0,104,932,894,29.6,68.95,0,0
2024,2,24,15,0,103,870,706,29,71.38,0,0
2024,2,24,16,0,88,780,475,28.200000000000003,76.32000000000001,0,0
2024,2,24,17,0,63,600,225,27,83.92,0,0
2024,2,24,18,0,15,108,19,26,88.61,0,0
2024,2,24,19,0,0,0,0,25.400000000000002,91.89,0,0
2024,2,24,20,0,0,0,0,24.900000000000002,94.95,0,0
2024,2,24,21,0,0,0,0,24.5,97.43,0,0
2024,2,24,22,0,0,0,0,24.1,99.88,0,0
2024,2,24,23,0,0,0,0,23.900000000000002,100,0,0
2024,2,25,0,0,0,0,0,23.700000000000003,100,0,0
2024,2,25,1,0,0,0,0,23.5,100,0,0
2024,2,25,2,0,0,0,0,23.6,100,0,0
2024,2,25,3,0,0,0,0,23.6,98.89,0,0
2024,2,25,4,0,0,0,0,23.8,96.53,0,0
2024,2,25,5,0,0,0,0,23.900000000000002,94.75,0,0
2024,2,25,6,0,30,243,50,24.700000000000003,93.59,0,1
2024,2,25,7,0,72,650,281,26.3,83.4,0,1
2024,2,25,8,0,93,809,532,27.6,75.89,0,1
2024,2,25,9,0,403,228,570,28.700000000000003,71.82000000000001,0,3
2024,2,25,10,0,170,715,793,29.5,69.15,0,7
2024,2,25,11,0,221,637,832,30.200000000000003,66.08,0,7
2024,2,25,12,0,101,984,1069,30.5,64.82000000000001,0,0
2024,2,25,13,0,100,976,1021,30.3,66.12,0,0
2024,2,25,14,0,95,949,897,29.8,68.67,0,0
2024,2,25,15,0,90,897,710,29.1,72.46000000000001,0,1
2024,2,25,16,0,77,811,478,28.200000000000003,78.11,0,0
2024,2,25,17,0,56,633,226,27,85.54,0,0
2024,2,25,18,0,14,133,18,26,90.48,0,0
2024,2,25,19,0,0,0,0,25.5,93,0,0
2024,2,25,20,0,0,0,0,25.200000000000003,94.69,0,0
2024,2,25,21,0,0,0,0,24.8,97.04,0,0
2024,2,25,22,0,0,0,0,24.6,98.22,0,0
2024,2,25,23,0,0,0,0,24.400000000000002,99.27,0,0
2024,2,26,0,0,0,0,0,24.400000000000002,99.18,0,0
2024,2,26,1,0,0,0,0,24.400000000000002,98.77,0,0
2024,2,26,2,0,0,0,0,24.400000000000002,98.41,0,0
2024,2,26,3,0,0,0,0,24.400000000000002,98.11,0,0
2024,2,26,4,0,0,0,0,24.200000000000003,99.08,0,0
2024,2,26,5,0,0,0,0,24.200000000000003,98.91,0,0
2024,2,26,6,0,25,314,51,25.400000000000002,93.84,0,1
2024,2,26,7,0,59,693,280,26.8,84.83,0,0
2024,2,26,8,0,78,830,527,27.900000000000002,78.78,0,0
2024,2,26,9,0,88,907,749,28.900000000000002,74.79,0,0
2024,2,26,10,0,98,941,918,29.6,72.37,0,1
2024,2,26,11,0,105,958,1022,30,70.7,0,0
2024,2,26,12,0,108,960,1052,30.1,70.07000000000001,0,0
2024,2,26,13,0,108,949,1003,30,70.12,0,1
2024,2,26,14,0,104,922,882,29.700000000000003,70.88,0,1
2024,2,26,15,0,98,867,696,29,73.48,0,1
2024,2,26,16,0,84,775,466,28.200000000000003,77.14,0,0
2024,2,26,17,0,60,590,216,27,84.14,0,0
2024,2,26,18,0,13,99,16,26.1,89.19,0,1
2024,2,26,19,0,0,0,0,25.6,92.38,0,0
2024,2,26,20,0,0,0,0,25.3,94.16,0,8
2024,2,26,21,0,0,0,0,25,95.86,0,0
2024,2,26,22,0,0,0,0,24.700000000000003,97.48,0,0
2024,2,26,23,0,0,0,0,24.6,97.73,0,0
2024,2,27,0,0,0,0,0,24.5,98.2,0,0
2024,2,27,1,0,0,0,0,24.400000000000002,98.51,0,0
2024,2,27,2,0,0,0,0,24.3,98.64,0,0
2024,2,27,3,0,0,0,0,24.400000000000002,96.79,0,0
2024,2,27,4,0,0,0,0,24.5,94.42,0,0
2024,2,27,5,0,0,0,0,24.6,92.03,0,0
2024,2,27,6,0,25,307,50,25.6,88.95,0,1
2024,2,27,7,0,60,686,279,26.8,80.29,0,0
2024,2,27,8,0,78,832,527,27.900000000000002,73.74,0,0
2024,2,27,9,0,82,917,750,28.900000000000002,68.96000000000001,0,0
2024,2,27,10,0,88,957,921,29.8,65.83,0,0
2024,2,27,11,0,91,976,1024,30.400000000000002,64.27,0,0
2024,2,27,12,0,96,976,1054,30.8,63.02,0,1
2024,2,27,13,0,95,965,1004,30.8,63.61,0,0
2024,2,27,14,0,91,940,883,30.5,65.3,0,1
2024,2,27,15,0,312,19,326,29.900000000000002,68.3,0,2
2024,2,27,16,0,73,805,468,28.900000000000002,73,0,0
2024,2,27,17,0,53,626,217,27.5,81.66,0,0
2024,2,27,18,0,12,123,15,26.400000000000002,87.74,0,1
2024,2,27,19,0,0,0,0,25.8,91.49,0,0
2024,2,27,20,0,0,0,0,25.400000000000002,94.15,0,0
2024,2,27,21,0,0,0,0,25.1,96.27,0,0
2024,2,27,22,0,0,0,0,24.8,98.42,0,0
2024,2,27,23,0,0,0,0,24.700000000000003,99.18,0,0
2024,2,28,0,0,0,0,0,24.700000000000003,99.32000000000001,0,0
2024,2,28,1,0,0,0,0,24.700000000000003,99.37,0,0
2024,2,28,2,0,0,0,0,24.700000000000003,99.4,0,1
2024,2,28,3,0,0,0,0,24.700000000000003,99.35000000000001,0,1
2024,2,28,4,0,0,0,0,24.700000000000003,99.13,0,3
2024,2,28,5,0,0,0,0,24.700000000000003,98.86,0,1
2024,2,28,6,0,26,269,47,25.6,93.93,0,0
2024,2,28,7,0,62,666,273,27,85.54,0,0
2024,2,28,8,0,80,820,522,28.400000000000002,77.71000000000001,0,0
2024,2,28,9,0,90,898,744,29.8,72.02,0,0
2024,2,28,10,0,99,938,914,31.1,66.89,0,0
2024,2,28,11,0,104,958,1019,32.1,62.47,0,0
2024,2,28,12,0,105,963,1048,32.9,58.9,0,0
2024,2,28,13,0,101,955,999,33.300000000000004,57.26,0,0
2024,2,28,14,0,96,931,877,33.2,58.84,0,0
2024,2,28,15,0,88,881,692,32.4,64.79,0,0
2024,2,28,16,0,77,786,461,31.200000000000003,72.22,0,0
2024,2,28,17,0,58,589,210,29.5,81.37,0,0
2024,2,28,18,0,11,75,13,28.1,85.52,0,0
2024,2,28,19,0,0,0,0,27.5,86.97,0,0
2024,2,28,20,0,0,0,0,26.900000000000002,89.89,0,0
2024,2,28,21,0,0,0,0,26.5,91.91,0,0
2024,2,28,22,0,0,0,0,26.200000000000003,93.83,0,7
2024,2,28,23,0,0,0,0,25.8,96.32000000000001,0,0
2024,2,29,0,0,0,0,0,25.5,98.28,0,8
2024,2,29,1,0,0,0,0,25.3,99.3,0,0
2024,2,29,2,0,0,0,0,25.200000000000003,99.63,0,0
2024,2,29,3,0,0,0,0,25.1,99.82000000000001,0,7
2024,2,29,4,0,0,0,0,24.900000000000002,100,0,7
2024,2,29,5,0,0,0,0,24.900000000000002,100,0,7
2024,2,29,6,0,25,1,25,25.700000000000003,96.59,0,7
2024,2,29,7,0,75,585,260,27,89.01,0,7
2024,2,29,8,0,97,755,503,28.5,79.75,0,0
2024,2,29,9,0,103,855,725,30.200000000000003,72.2,0,0
2024,2,29,10,0,112,899,893,31.6,66.01,0,0
2024,2,29,11,0,227,700,895,32.7,61.17,0,7
2024,2,29,12,0,118,926,1024,33.300000000000004,58.94,0,1
2024,2,29,13,0,453,273,709,33.4,59.050000000000004,0,7
2024,2,29,14,0,109,889,855,32.7,63.57,0,1
2024,2,29,15,0,32,0,32,31.6,70.56,0,8
2024,2,29,16,0,146,1,146,30.5,76.68,0,4
2024,2,29,17,0,37,0,37,29.200000000000003,84.51,0,4
2024,2,29,18,0,10,38,11,28.200000000000003,88.97,0,0
2024,2,29,19,0,0,0,0,27.700000000000003,91.64,0,0
2024,2,29,20,0,0,0,0,27.3,93.53,0,3
2024,2,29,21,0,0,0,0,26.900000000000002,95.68,0,8
2024,2,29,22,0,0,0,0,26.700000000000003,96.72,0,8
2024,2,29,23,0,0,0,0,26.5,97.71000000000001,0,7
2024,3,1,0,0,0,0,0,26.3,98.74000000000001,0,1
2024,3,1,1,0,0,0,0,26.3,98.16,0,7
2024,3,1,2,0,0,0,0,26.200000000000003,98.15,0,7
2024,3,1,3,0,0,0,0,26.1,98.13,0,8
2024,3,1,4,0,0,0,0,26,97.82000000000001,0,8
2024,3,1,5,0,0,0,0,25.900000000000002,97.7,0,7
2024,3,1,6,0,3,0,3,26.5,94.53,0,8
2024,3,1,7,0,120,385,241,27.8,85.8,0,8
2024,3,1,8,0,287,177,382,29.400000000000002,76.07000000000001,0,3
2024,3,1,9,0,235,549,633,30.700000000000003,68.64,0,8
2024,3,1,10,0,270,573,767,31.8,63.660000000000004,0,8
2024,3,1,11,0,130,899,988,32.5,61.17,0,1
2024,3,1,12,0,131,906,1017,33,59.85,0,1
2024,3,1,13,0,129,896,968,33.2,59.92,0,1
2024,3,1,14,0,123,865,847,32.800000000000004,62.980000000000004,0,1
2024,3,1,15,0,210,0,210,31.8,69.82000000000001,0,3
2024,3,1,16,0,105,678,432,30.700000000000003,77.3,0,1
2024,3,1,17,0,75,448,189,29.400000000000002,85.48,0,1
2024,3,1,18,0,0,0,0,28.400000000000002,90.69,0,0
2024,3,1,19,0,0,0,0,27.700000000000003,94.63,0,3
2024,3,1,20,0,0,0,0,27.3,96.83,0,7
2024,3,1,21,0,0,0,0,27,98.12,0,6
2024,3,1,22,0,0,0,0,26.700000000000003,99.32000000000001,0,9
2024,3,1,23,0,0,0,0,26.5,99.91,0,9
2024,3,2,0,0,0,0,0,26.5,99.45,0,9
2024,3,2,1,0,0,0,0,26.5,98.68,0,6
2024,3,2,2,0,0,0,0,26.3,99.3,0,9
2024,3,2,3,0,0,0,0,26.1,99.79,0,6
2024,3,2,4,0,0,0,0,25.900000000000002,100,0,6
2024,3,2,5,0,0,0,0,25.8,100,0,6
2024,3,2,6,0,3,0,3,26,100,0,6
2024,3,2,7,0,142,37,154,26.200000000000003,99.85000000000001,0,7
2024,3,2,8,0,243,135,316,26.400000000000002,98.98,0,7
2024,3,2,9,0,322,15,333,26.5,95.84,0,3
2024,3,2,10,0,468,220,659,26.8,91.48,0,3
2024,3,2,11,0,436,189,616,27.200000000000003,87.24,0,7
2024,3,2,12,0,406,310,709,27.5,84.25,0,7
2024,3,2,13,0,353,436,761,27.700000000000003,82.21000000000001,0,7
2024,3,2,14,0,347,199,513,27.6,81.73,0,7
2024,3,2,15,0,133,765,652,27.3,82.56,0,1
2024,3,2,16,0,220,76,257,26.6,85.98,0,7
2024,3,2,17,0,119,82,140,25.900000000000002,89.03,0,7
2024,3,2,18,0,0,0,0,25.5,90.09,0,7
2024,3,2,19,0,0,0,0,25.200000000000003,90.32000000000001,0,7
2024,3,2,20,0,0,0,0,25.1,89.34,0,7
2024,3,2,21,0,0,0,0,25.1,87.48,0,6
2024,3,2,22,0,0,0,0,25,86.81,0,7
2024,3,2,23,0,0,0,0,24.900000000000002,86.58,0,7
2024,3,3,0,0,0,0,0,24.700000000000003,87.14,0,8
2024,3,3,1,0,0,0,0,24.6,87.56,0,7
2024,3,3,2,0,0,0,0,24.400000000000002,88.76,0,3
2024,3,3,3,0,0,0,0,24.200000000000003,89.93,0,5
2024,3,3,4,0,0,0,0,24.1,90.77,0,8
2024,3,3,5,0,0,0,0,23.900000000000002,92.31,0,3
2024,3,3,6,0,25,220,42,24.5,90.61,0,1
2024,3,3,7,0,166,53,182,25.6,84.93,0,3
2024,3,3,8,0,85,793,509,26.8,76.88,0,1
2024,3,3,9,0,103,861,726,27.8,71.79,0,1
2024,3,3,10,0,111,905,894,28.700000000000003,67.75,0,1
2024,3,3,11,0,302,1,302,29.200000000000003,65.69,0,3
2024,3,3,12,0,524,244,762,29.200000000000003,65.65,0,3
2024,3,3,13,0,506,196,689,28.8,67.08,0,3
2024,3,3,14,0,444,256,657,28.1,70.09,0,2
2024,3,3,15,0,323,355,563,27.200000000000003,75.63,0,3
2024,3,3,16,0,259,74,294,26.400000000000002,81.84,0,3
2024,3,3,17,0,85,1,86,25.700000000000003,86.51,0,3
2024,3,3,18,0,0,0,0,25.1,90.14,0,1
2024,3,3,19,0,0,0,0,24.8,91.73,0,0
2024,3,3,20,0,0,0,0,24.6,92.81,0,0
2024,3,3,21,0,0,0,0,24.3,94.43,0,0
2024,3,3,22,0,0,0,0,24.1,95.05,0,8
2024,3,3,23,0,0,0,0,23.900000000000002,95.65,0,0
2024,3,4,0,0,0,0,0,23.8,95,0,8
2024,3,4,1,0,0,0,0,23.900000000000002,92.89,0,8
2024,3,4,2,0,0,0,0,24.200000000000003,90.38,0,7
2024,3,4,3,0,0,0,0,24.400000000000002,88.72,0,7
2024,3,4,4,0,0,0,0,24.6,86.97,0,8
2024,3,4,5,0,0,0,0,24.700000000000003,86.17,0,7
2024,3,4,6,0,19,0,19,25.1,86.72,0,8
2024,3,4,7,0,142,244,218,25.700000000000003,87.79,0,8
2024,3,4,8,0,173,476,427,26.6,78.19,0,7
2024,3,4,9,0,161,630,615,27.5,73.49,0,8
2024,3,4,10,0,104,907,888,28.200000000000003,70.08,0,1
2024,3,4,11,0,236,640,843,28.8,67.23,0,7
2024,3,4,12,0,107,938,1019,29.200000000000003,66.12,0,1
2024,3,4,13,0,440,29,467,29.200000000000003,67.23,0,3
2024,3,4,14,0,147,0,147,28.900000000000002,69.51,0,3
2024,3,4,15,0,285,8,290,28.5,72.59,0,5
2024,3,4,16,0,216,109,268,27.8,77.92,0,7
2024,3,4,17,0,80,7,82,26.8,85.4,0,7
2024,3,4,18,0,0,0,0,26.1,89.88,0,7
2024,3,4,19,0,0,0,0,25.700000000000003,92.46000000000001,0,7
2024,3,4,20,0,0,0,0,25.400000000000002,94.52,0,7
2024,3,4,21,0,0,0,0,25.200000000000003,96,0,7
2024,3,4,22,0,0,0,0,25.1,96.81,0,7
2024,3,4,23,0,0,0,0,25,97.66,0,6
2024,3,5,0,0,0,0,0,24.900000000000002,98.46000000000001,0,6
2024,3,5,1,0,0,0,0,24.8,99.38,0,7
2024,3,5,2,0,0,0,0,24.8,99.62,0,7
2024,3,5,3,0,0,0,0,24.8,99.77,0,5
2024,3,5,4,0,0,0,0,24.8,99.89,0,7
2024,3,5,5,0,0,0,0,24.8,99.79,0,8
2024,3,5,6,0,33,7,33,25.3,97.65,0,8
2024,3,5,7,0,132,7,134,26,94.67,0,5
2024,3,5,8,0,288,135,360,27.200000000000003,87.92,0,5
2024,3,5,9,0,314,142,416,28.400000000000002,81.08,0,8
2024,3,5,10,0,358,4,362,29.6,75.39,0,5
2024,3,5,11,0,299,451,727,30.6,71.66,0,8
2024,3,5,12,0,110,932,1014,31,70.58,0,1
2024,3,5,13,0,108,922,966,31.1,70.61,0,1
2024,3,5,14,0,215,0,216,30.900000000000002,72.29,0,3
2024,3,5,15,0,93,847,662,30.3,76.23,0,1
2024,3,5,16,0,214,206,312,29.5,82.09,0,7
2024,3,5,17,0,66,4,66,28.400000000000002,89.18,0,7
2024,3,5,18,0,0,0,0,27.5,93.28,0,7
2024,3,5,19,0,0,0,0,27,95.77,0,8
2024,3,5,20,0,0,0,0,26.700000000000003,97.27,0,7
2024,3,5,21,0,0,0,0,26.400000000000002,98.58,0,7
2024,3,5,22,0,0,0,0,26.1,99.59,0,5
2024,3,5,23,0,0,0,0,25.900000000000002,99.65,0,8
2024,3,6,0,0,0,0,0,25.6,100,0,7
2024,3,6,1,0,0,0,0,25.400000000000002,100,0,7
2024,3,6,2,0,0,0,0,25.1,100,0,8
2024,3,6,3,0,0,0,0,24.900000000000002,100,0,3
2024,3,6,4,0,0,0,0,24.6,100,0,7
2024,3,6,5,0,0,0,0,24.5,100,0,7
2024,3,6,6,0,26,0,26,25.400000000000002,98.66,0,3
2024,3,6,7,0,164,63,183,26.700000000000003,92.71000000000001,0,3
2024,3,6,8,0,81,801,506,28.5,81.21000000000001,0,0
2024,3,6,9,0,93,877,724,29.8,73.97,0,0
2024,3,6,10,0,99,921,893,30.700000000000003,69.95,0,0
2024,3,6,11,0,105,940,995,31.400000000000002,66.92,0,0
2024,3,6,12,0,108,943,1022,31.8,65.52,0,1
2024,3,6,13,0,108,930,971,31.8,65.67,0,1
2024,3,6,14,0,105,901,849,31.5,67.17,0,1
2024,3,6,15,0,99,842,662,30.8,70.54,0,1
2024,3,6,16,0,84,741,432,29.700000000000003,76.08,0,0
2024,3,6,17,0,115,97,138,28.3,83.56,0,7
2024,3,6,18,0,0,0,0,27.1,89.58,0,7
2024,3,6,19,0,0,0,0,26.400000000000002,92.4,0,7
2024,3,6,20,0,0,0,0,26,93.46000000000001,0,7
2024,3,6,21,0,0,0,0,25.700000000000003,94.37,0,7
2024,3,6,22,0,0,0,0,25.400000000000002,95.64,0,3
2024,3,6,23,0,0,0,0,25.200000000000003,96.77,0,7
2024,3,7,0,0,0,0,0,25.1,97.67,0,0
2024,3,7,1,0,0,0,0,25,98.89,0,0
2024,3,7,2,0,0,0,0,24.8,100,0,0
2024,3,7,3,0,0,0,0,24.8,100,0,0
2024,3,7,4,0,0,0,0,24.8,100,0,0
2024,3,7,5,0,0,0,0,24.900000000000002,100,0,7
2024,3,7,6,0,25,188,38,25.8,97.14,0,8
2024,3,7,7,0,99,1,99,27.1,90.08,0,5
2024,3,7,8,0,241,31,258,28.6,80.97,0,3
2024,3,7,9,0,105,856,721,29.700000000000003,75.63,0,1
2024,3,7,10,0,465,171,612,30.6,71.39,0,3
2024,3,7,11,0,358,309,649,31,68.89,0,8
2024,3,7,12,0,474,43,515,31.3,67.06,0,3
2024,3,7,13,0,116,921,968,31.3,66.94,0,1
2024,3,7,14,0,113,888,844,30.900000000000002,68.86,0,1
2024,3,7,15,0,104,829,656,30.1,73.33,0,1
2024,3,7,16,0,241,206,337,29.1,79.93,0,3
2024,3,7,17,0,117,87,138,27.900000000000002,88.59,0,8
2024,3,7,18,0,0,0,0,26.900000000000002,95.72,0,7
2024,3,7,19,0,0,0,0,26.5,98.82000000000001,0,6
2024,3,7,20,0,0,0,0,26.3,99.76,0,7
2024,3,7,21,0,0,0,0,26.200000000000003,99.72,0,8
2024,3,7,22,0,0,0,0,26,100,0,1
2024,3,7,23,0,0,0,0,25.900000000000002,99.86,0,0
2024,3,8,0,0,0,0,0,25.700000000000003,100,0,1
2024,3,8,1,0,0,0,0,25.6,99.88,0,1
2024,3,8,2,0,0,0,0,25.400000000000002,100,0,4
2024,3,8,3,0,0,0,0,25.3,100,0,8
2024,3,8,4,0,0,0,0,25.1,100,0,4
2024,3,8,5,0,0,0,0,25.1,100,0,4
2024,3,8,6,0,30,2,30,25.700000000000003,98.59,0,4
2024,3,8,7,0,153,20,159,26.700000000000003,92.98,0,3
2024,3,8,8,0,285,74,325,28.1,81.72,0,3
2024,3,8,9,0,303,7,307,29.200000000000003,74.82000000000001,0,3
2024,3,8,10,0,124,876,876,30,71.65,0,1
2024,3,8,11,0,126,903,978,30.700000000000003,68.92,0,1
2024,3,8,12,0,127,910,1006,30.900000000000002,67.71000000000001,0,1
2024,3,8,13,0,472,147,608,30.900000000000002,67.03,0,3
2024,3,8,14,0,118,871,833,30.5,67.82000000000001,0,1
2024,3,8,15,0,110,809,647,29.900000000000002,69.75,0,1
2024,3,8,16,0,90,711,420,28.900000000000002,74.74,0,0
2024,3,8,17,0,65,3,65,27.6,82.03,0,7
2024,3,8,18,0,0,0,0,26.6,86.81,0,6
2024,3,8,19,0,0,0,0,26.1,88.95,0,6
2024,3,8,20,0,0,0,0,25.6,91.33,0,7
2024,3,8,21,0,0,0,0,25.200000000000003,93.5,0,0
2024,3,8,22,0,0,0,0,24.900000000000002,95.13,0,0
2024,3,8,23,0,0,0,0,24.6,96.63,0,0
2024,3,9,0,0,0,0,0,24.400000000000002,97.58,0,0
2024,3,9,1,0,0,0,0,24.200000000000003,98.75,0,0
2024,3,9,2,0,0,0,0,24,99.83,0,0
2024,3,9,3,0,0,0,0,23.900000000000002,100,0,0
2024,3,9,4,0,0,0,0,23.900000000000002,100,0,0
2024,3,9,5,0,0,0,0,24,100,0,1
2024,3,9,6,0,23,212,37,25.1,94.91,0,1
2024,3,9,7,0,64,628,256,26.700000000000003,85.56,0,1
2024,3,9,8,0,84,788,500,28.200000000000003,75.69,0,0
2024,3,9,9,0,97,867,718,29.400000000000002,68.99,0,1
2024,3,9,10,0,106,908,885,30.200000000000003,65.72,0,1
2024,3,9,11,0,113,925,985,30.6,64.33,0,1
2024,3,9,12,0,117,927,1010,30.5,64.88,0,0
2024,3,9,13,0,117,913,958,30.200000000000003,66.19,0,1
2024,3,9,14,0,112,882,834,29.700000000000003,68.64,0,1
2024,3,9,15,0,97,839,651,29.1,71.92,0,0
2024,3,9,16,0,81,741,422,28.3,76.59,0,0
2024,3,9,17,0,55,531,178,27.200000000000003,83.16,0,0
2024,3,9,18,0,0,0,0,26.3,88.29,0,0
2024,3,9,19,0,0,0,0,25.900000000000002,90.63,0,0
2024,3,9,20,0,0,0,0,25.6,92.3,0,7
2024,3,9,21,0,0,0,0,25.400000000000002,93.48,0,1
2024,3,9,22,0,0,0,0,25.3,94.3,0,7
2024,3,9,23,0,0,0,0,25.1,95.74000000000001,0,7
2024,3,10,0,0,0,0,0,24.900000000000002,97.23,0,3
2024,3,10,1,0,0,0,0,24.900000000000002,97.49000000000001,0,8
2024,3,10,2,0,0,0,0,24.900000000000002,97.5,0,7
2024,3,10,3,0,0,0,0,24.8,98.32000000000001,0,7
2024,3,10,4,0,0,0,0,24.700000000000003,99.11,0,7
2024,3,10,5,0,0,0,0,24.700000000000003,99.11,0,3
2024,3,10,6,0,28,3,28,25.6,94.63,0,8
2024,3,10,7,0,114,382,230,27,87.15,0,8
2024,3,10,8,0,87,771,493,28.5,78.4,0,0
2024,3,10,9,0,97,859,711,29.8,71.71000000000001,0,0
2024,3,10,10,0,103,905,878,31,66.92,0,0
2024,3,10,11,0,232,654,847,31.8,63.64,0,8
2024,3,10,12,0,310,522,813,32.2,61.99,0,8
2024,3,10,13,0,315,484,761,31.900000000000002,64.11,0,8
2024,3,10,14,0,369,172,509,31.200000000000003,69.37,0,8
2024,3,10,15,0,148,0,148,30.5,74.79,0,3
2024,3,10,16,0,179,47,200,29.8,78.95,0,7
2024,3,10,17,0,55,2,56,28.900000000000002,83.98,0,7
2024,3,10,18,0,0,0,0,28.200000000000003,85.65,0,8
2024,3,10,19,0,0,0,0,27.700000000000003,87.09,0,7
2024,3,10,20,0,0,0,0,27.3,88.84,0,8
2024,3,10,21,0,0,0,0,26.900000000000002,91.2,0,7
2024,3,10,22,0,0,0,0,26.6,93.3,0,1
2024,3,10,23,0,0,0,0,26.400000000000002,94.74,0,1
2024,3,11,0,0,0,0,0,26.1,96.7,0,7
2024,3,11,1,0,0,0,0,25.900000000000002,98.06,0,7
2024,3,11,2,0,0,0,0,25.700000000000003,99.21000000000001,0,5
2024,3,11,3,0,0,0,0,25.6,99.68,0,7
2024,3,11,4,0,0,0,0,25.400000000000002,100,0,7
2024,3,11,5,0,0,0,0,25.5,99.67,0,7
2024,3,11,6,0,28,2,28,26.3,96.61,0,5
2024,3,11,7,0,110,3,111,27.5,90.92,0,4
2024,3,11,8,0,277,65,311,28.8,83.24,0,3
2024,3,11,9,0,357,79,414,29.400000000000002,80.64,0,3
2024,3,11,10,0,128,858,861,29.6,80.08,0,1
2024,3,11,11,0,491,160,641,29.8,79.18,0,3
2024,3,11,12,0,270,1,270,29.900000000000002,78.33,0,4
2024,3,11,13,0,125,0,125,29.8,77.72,0,6
2024,3,11,14,0,421,275,644,29.400000000000002,78.56,0,3
2024,3,11,15,0,202,5,206,28.6,81.5,0,6
2024,3,11,16,0,8,0,8,27.700000000000003,85.51,0,6
2024,3,11,17,0,4,0,4,26.700000000000003,90.43,0,6
2024,3,11,18,0,0,0,0,26.200000000000003,92.67,0,6
2024,3,11,19,0,0,0,0,26,93.09,0,6
2024,3,11,20,0,0,0,0,25.900000000000002,93.33,0,5
2024,3,11,21,0,0,0,0,25.8,94.01,0,3
2024,3,11,22,0,0,0,0,25.6,95.81,0,3
2024,3,11,23,0,0,0,0,25.5,96.72,0,2
2024,3,12,0,0,0,0,0,25.5,96.93,0,1
2024,3,12,1,0,0,0,0,25.400000000000002,97.7,0,3
2024,3,12,2,0,0,0,0,25.3,98.47,0,3
2024,3,12,3,0,0,0,0,25.1,99.54,0,1
2024,3,12,4,0,0,0,0,25.1,99.46000000000001,0,1
2024,3,12,5,0,0,0,0,25.1,99.62,0,3
2024,3,12,6,0,29,27,30,25.6,98.27,0,3
2024,3,12,7,0,58,0,58,26.1,96.15,0,3
2024,3,12,8,0,185,2,186,26.8,90.81,0,3
2024,3,12,9,0,353,82,412,27.5,83.24,0,3
2024,3,12,10,0,453,157,587,28,78.45,0,3
2024,3,12,11,0,122,902,968,28.400000000000002,75.57000000000001,0,1
2024,3,12,12,0,131,897,990,28.8,73.31,0,1
2024,3,12,13,0,127,888,940,28.900000000000002,72.51,0,1
2024,3,12,14,0,120,859,816,28.8,72.46000000000001,0,1
2024,3,12,15,0,111,797,631,28.400000000000002,73.79,0,1
2024,3,12,16,0,92,690,403,27.6,77.63,0,1
2024,3,12,17,0,60,467,163,26.6,83.71000000000001,0,1
2024,3,12,18,0,0,0,0,25.900000000000002,87.69,0,1
2024,3,12,19,0,0,0,0,25.400000000000002,90.43,0,1
2024,3,12,20,0,0,0,0,25.200000000000003,91.37,0,3
2024,3,12,21,0,0,0,0,25,92.27,0,3
2024,3,12,22,0,0,0,0,24.8,93.23,0,1
2024,3,12,23,0,0,0,0,24.6,94.01,0,1
2024,3,13,0,0,0,0,0,24.5,94.5,0,0
2024,3,13,1,0,0,0,0,24.3,95.5,0,3
2024,3,13,2,0,0,0,0,24.200000000000003,95.12,0,3
2024,3,13,3,0,0,0,0,24.200000000000003,95.16,0,1
2024,3,13,4,0,0,0,0,24.1,95.7,0,0
2024,3,13,5,0,0,0,0,24,95.01,0,3
2024,3,13,6,0,22,224,36,24.900000000000002,91.27,0,1
2024,3,13,7,0,60,656,257,26.200000000000003,83.3,0,1
2024,3,13,8,0,222,12,228,27.400000000000002,76.31,0,3
2024,3,13,9,0,387,111,466,28.5,72.12,0,3
2024,3,13,10,0,275,1,276,29.3,69.88,0,3
2024,3,13,11,0,418,8,426,29.6,69.41,0,3
2024,3,13,12,0,495,162,650,29.8,69.22,0,3
2024,3,13,13,0,487,278,741,29.700000000000003,69.91,0,2
2024,3,13,14,0,422,116,516,29.400000000000002,71.08,0,3
2024,3,13,15,0,335,275,514,28.6,74.5,0,2
2024,3,13,16,0,92,702,406,27.6,79.23,0,1
2024,3,13,17,0,59,477,163,26.400000000000002,85.57000000000001,0,0
2024,3,13,18,0,0,0,0,25.6,90.29,0,3
2024,3,13,19,0,0,0,0,25.200000000000003,92.85000000000001,0,3
2024,3,13,20,0,0,0,0,25,94.34,0,0
2024,3,13,21,0,0,0,0,24.700000000000003,96.32000000000001,0,1
2024,3,13,22,0,0,0,0,24.6,97.15,0,3
2024,3,13,23,0,0,0,0,24.5,97.84,0,0
2024,3,14,0,0,0,0,0,24.3,98.84,0,0
2024,3,14,1,0,0,0,0,24.400000000000002,96.89,0,0
2024,3,14,2,0,0,0,0,24.5,94.86,0,3
2024,3,14,3,0,0,0,0,24.5,94.26,0,0
2024,3,14,4,0,0,0,0,24.6,93.44,0,0
2024,3,14,5,0,0,0,0,24.700000000000003,92.65,0,0
2024,3,14,6,0,22,194,34,25.3,92.47,0,1
2024,3,14,7,0,65,630,254,26.3,88.03,0,0
2024,3,14,8,0,86,795,501,27.700000000000003,77.93,0,1
2024,3,14,9,0,103,867,719,29,71.52,0,1
2024,3,14,10,0,112,912,888,30.1,68.19,0,1
2024,3,14,11,0,116,935,989,31,65.35,0,1
2024,3,14,12,0,115,941,1013,31.400000000000002,64.26,0,1
2024,3,14,13,0,111,932,959,31.3,65.23,0,1
2024,3,14,14,0,406,105,491,31,66.91,0,2
2024,3,14,15,0,113,803,633,30.200000000000003,70.79,0,1
2024,3,14,16,0,97,679,399,29.1,76.47,0,1
2024,3,14,17,0,64,433,156,27.8,84.33,0,1
2024,3,14,18,0,0,0,0,26.900000000000002,89.14,0,1
2024,3,14,19,0,0,0,0,26.3,92.16,0,0
2024,3,14,20,0,0,0,0,25.900000000000002,93.98,0,1
2024,3,14,21,0,0,0,0,25.700000000000003,94.73,0,3
2024,3,14,22,0,0,0,0,25.5,95.41,0,0
2024,3,14,23,0,0,0,0,25.3,96.28,0,3
2024,3,15,0,0,0,0,0,25.1,97.14,0,3
2024,3,15,1,0,0,0,0,24.900000000000002,98.32000000000001,0,3
2024,3,15,2,0,0,0,0,24.8,98.7,0,3
2024,3,15,3,0,0,0,0,24.700000000000003,99.12,0,1
2024,3,15,4,0,0,0,0,24.6,99.49000000000001,0,0
2024,3,15,5,0,0,0,0,24.5,100,0,0
2024,3,15,6,0,23,152,32,25.3,97.59,0,1
2024,3,15,7,0,66,609,248,26.200000000000003,93.44,0,0
2024,3,15,8,0,83,791,495,27.6,82.46000000000001,0,1
2024,3,15,9,0,99,864,712,29.1,73.75,0,0
2024,3,15,10,0,105,914,881,30.1,69.52,0,0
2024,3,15,11,0,109,936,981,30.900000000000002,67.21000000000001,0,0
2024,3,15,12,0,108,944,1006,31.400000000000002,65.59,0,0
2024,3,15,13,0,105,935,954,31.400000000000002,65.43,0,1
2024,3,15,14,0,101,904,827,30.900000000000002,66.92,0,0
2024,3,15,15,0,92,849,639,30.1,70.22,0,1
2024,3,15,16,0,80,736,405,28.900000000000002,75.64,0,1
2024,3,15,17,0,54,505,160,27.5,82.86,0,0
2024,3,15,18,0,0,0,0,26.5,88.67,0,0
2024,3,15,19,0,0,0,0,25.900000000000002,92.33,0,1
2024,3,15,20,0,0,0,0,25.6,94.09,0,1
2024,3,15,21,0,0,0,0,25.400000000000002,95,0,0
2024,3,15,22,0,0,0,0,25.3,95.10000000000001,0,0
2024,3,15,23,0,0,0,0,25.1,96.13,0,1
2024,3,16,0,0,0,0,0,24.900000000000002,97.3,0,1
2024,3,16,1,0,0,0,0,24.8,98.08,0,3
2024,3,16,2,0,0,0,0,24.700000000000003,98.78,0,1
2024,3,16,3,0,0,0,0,24.6,99.58,0,0
2024,3,16,4,0,0,0,0,24.400000000000002,100,0,0
2024,3,16,5,0,0,0,0,24.400000000000002,100,0,2
2024,3,16,6,0,21,212,33,25.3,96.28,0,1
2024,3,16,7,0,61,644,252,26.900000000000002,85.81,0,1
2024,3,16,8,0,261,43,283,28.400000000000002,77.01,0,2
2024,3,16,9,0,92,884,717,29.8,71.23,0,1
2024,3,16,10,0,100,925,884,30.900000000000002,67.65,0,1
2024,3,16,11,0,105,945,983,31.700000000000003,64.27,0,0
2024,3,16,12,0,105,950,1008,32.2,61.800000000000004,0,1
2024,3,16,13,0,103,942,956,32.300000000000004,61,0,0
2024,3,16,14,0,97,914,829,32,62.15,0,0
2024,3,16,15,0,93,848,636,31.3,65.42,0,0
2024,3,16,16,0,80,739,403,30,71.25,0,0
2024,3,16,17,0,53,507,158,28.400000000000002,79.42,0,0
2024,3,16,18,0,0,0,0,27.3,85.04,0,0
2024,3,16,19,0,0,0,0,26.700000000000003,88.38,0,0
2024,3,16,20,0,0,0,0,26.3,90.93,0,0
2024,3,16,21,0,0,0,0,26,93.14,0,0
2024,3,16,22,0,0,0,0,25.700000000000003,95.33,0,0
2024,3,16,23,0,0,0,0,25.5,96.83,0,1
2024,3,17,0,0,0,0,0,25.400000000000002,97.68,0,1
2024,3,17,1,0,0,0,0,25.3,98.41,0,1
2024,3,17,2,0,0,0,0,25.3,98.73,0,1
2024,3,17,3,0,0,0,0,25.400000000000002,98.31,0,1
2024,3,17,4,0,0,0,0,25.400000000000002,98.38,0,0
2024,3,17,5,0,0,0,0,25.3,98.89,0,0
2024,3,17,6,0,21,156,30,26.1,95.09,0,1
2024,3,17,7,0,69,583,242,27.6,87.34,0,1
2024,3,17,8,0,92,757,484,29.3,78.69,0,1
2024,3,17,9,0,97,861,705,30.700000000000003,72.35000000000001,0,1
2024,3,17,10,0,105,906,871,32,66.4,0,1
2024,3,17,11,0,110,926,970,33.1,61.53,0,1
2024,3,17,12,0,120,917,989,33.7,59.050000000000004,0,1
2024,3,17,13,0,120,902,934,33.800000000000004,58.96,0,0
2024,3,17,14,0,116,867,807,33.300000000000004,61.32,0,1
2024,3,17,15,0,108,798,618,32.4,65.75,0,1
2024,3,17,16,0,93,674,386,31.1,72.36,0,1
2024,3,17,17,0,60,418,145,29.5,80.84,0,0
2024,3,17,18,0,0,0,0,28.3,87.67,0,0
2024,3,17,19,0,0,0,0,27.700000000000003,91.52,0,0
2024,3,17,20,0,0,0,0,27.400000000000002,93.31,0,0
2024,3,17,21,0,0,0,0,27.1,95.21000000000001,0,0
2024,3,17,22,0,0,0,0,27,95.85000000000001,0,1
2024,3,17,23,0,0,0,0,26.900000000000002,96.22,0,3
2024,3,18,0,0,0,0,0,26.8,96.42,0,0
2024,3,18,1,0,0,0,0,26.700000000000003,96.25,0,1
2024,3,18,2,0,0,0,0,26.5,96.85000000000001,0,1
2024,3,18,3,0,0,0,0,26.3,97.13,0,0
2024,3,18,4,0,0,0,0,26.1,97.65,0,0
2024,3,18,5,0,0,0,0,25.8,98.91,0,1
2024,3,18,6,0,22,90,27,26.5,94.95,0,1
2024,3,18,7,0,82,515,234,27.900000000000002,86.5,0,1
2024,3,18,8,0,110,704,474,29.400000000000002,78.12,0,1
2024,3,18,9,0,106,842,699,30.700000000000003,71.60000000000001,0,1
2024,3,18,10,0,116,886,864,31.6,67.21000000000001,0,1
2024,3,18,11,0,121,909,963,32.300000000000004,64.29,0,0
2024,3,18,12,0,123,914,987,32.5,63.57,0,1
2024,3,18,13,0,425,22,445,32.4,64.1,0,3
2024,3,18,14,0,114,874,808,31.900000000000002,66.32000000000001,0,1
2024,3,18,15,0,98,827,623,31,70.7,0,0
2024,3,18,16,0,81,721,393,29.900000000000002,76.86,0,0
2024,3,18,17,0,53,482,149,28.6,84.2,0,0
2024,3,18,18,0,0,0,0,27.700000000000003,89.23,0,0
2024,3,18,19,0,0,0,0,27.200000000000003,92.27,0,8
2024,3,18,20,0,0,0,0,26.8,94.65,0,1
2024,3,18,21,0,0,0,0,26.5,96.41,0,3
2024,3,18,22,0,0,0,0,26.3,97.53,0,3
2024,3,18,23,0,0,0,0,26.200000000000003,97.74000000000001,0,1
2024,3,19,0,0,0,0,0,26.200000000000003,97.3,0,3
2024,3,19,1,0,0,0,0,26.200000000000003,96.85000000000001,0,7
2024,3,19,2,0,0,0,0,26.1,97.09,0,7
2024,3,19,3,0,0,0,0,26,97.31,0,0
2024,3,19,4,0,0,0,0,25.900000000000002,97.58,0,0
2024,3,19,5,0,0,0,0,25.8,97.78,0,0
2024,3,19,6,0,21,136,29,26.3,94.97,0,1
2024,3,19,7,0,70,578,240,27.3,87.91,0,0
2024,3,19,8,0,93,753,481,28.6,78.26,0,1
2024,3,19,9,0,98,857,701,29.8,71.26,0,0
2024,3,19,10,0,104,905,866,30.8,66.41,0,0
2024,3,19,11,0,106,929,964,31.5,63.13,0,1
2024,3,19,12,0,108,932,987,31.900000000000002,60.99,0,1
2024,3,19,13,0,107,921,934,31.8,60.800000000000004,0,1
2024,3,19,14,0,102,889,806,31.3,62.08,0,1
2024,3,19,15,0,337,88,392,30.5,65.18,0,2
2024,3,19,16,0,78,722,388,29.3,71.01,0,0
2024,3,19,17,0,51,481,146,28.1,77.28,0,0
2024,3,19,18,0,0,0,0,27.3,81.99,0,0
2024,3,19,19,0,0,0,0,26.8,85.03,0,0
2024,3,19,20,0,0,0,0,26.5,86.88,0,0
2024,3,19,21,0,0,0,0,26.3,88.10000000000001,0,0
2024,3,19,22,0,0,0,0,26.200000000000003,89,0,7
2024,3,19,23,0,0,0,0,26.1,90.05,0,7
2024,3,20,0,0,0,0,0,25.900000000000002,91.7,0,7
2024,3,20,1,0,0,0,0,25.900000000000002,92.17,0,7
2024,3,20,2,0,0,0,0,25.700000000000003,92.42,0,8
2024,3,20,3,0,0,0,0,25.6,91.14,0,8
2024,3,20,4,0,0,0,0,25.400000000000002,92.22,0,0
2024,3,20,5,0,0,0,0,25.200000000000003,93.31,0,1
2024,3,20,6,0,20,172,29,25.6,91.12,0,1
2024,3,20,7,0,63,601,239,26.8,82.37,0,1
2024,3,20,8,0,82,774,481,28.200000000000003,71.14,0,1
2024,3,20,9,0,93,858,696,29.5,64.63,0,1
2024,3,20,10,0,100,903,860,30.700000000000003,60.9,0,1
2024,3,20,11,0,108,917,954,31.400000000000002,60.370000000000005,0,3
2024,3,20,12,0,114,915,975,31.8,61.120000000000005,0,3
2024,3,20,13,0,116,897,919,31.8,62.63,0,3
2024,3,20,14,0,215,0,215,31.5,64.66,0,3
2024,3,20,15,0,95,815,607,30.8,68.04,0,1
2024,3,20,16,0,79,705,379,29.900000000000002,72.96000000000001,0,1
2024,3,20,17,0,50,468,140,28.700000000000003,79.92,0,0
2024,3,20,18,0,0,0,0,27.8,85.62,0,0
2024,3,20,19,0,0,0,0,27.3,88.71000000000001,0,0
2024,3,20,20,0,0,0,0,26.8,91.52,0,0
2024,3,20,21,0,0,0,0,26.5,93.29,0,0
2024,3,20,22,0,0,0,0,26.200000000000003,94.94,0,0
2024,3,20,23,0,0,0,0,26,96.04,0,0
2024,3,21,0,0,0,0,0,25.900000000000002,96.60000000000001,0,0
2024,3,21,1,0,0,0,0,25.900000000000002,96.67,0,0
2024,3,21,2,0,0,0,0,25.900000000000002,96.74000000000001,0,0
2024,3,21,3,0,0,0,0,25.900000000000002,96.74000000000001,0,0
2024,3,21,4,0,0,0,0,25.900000000000002,96.85000000000001,0,0
2024,3,21,5,0,0,0,0,25.900000000000002,96.83,0,0
2024,3,21,6,0,21,109,27,26.200000000000003,95.37,0,1
2024,3,21,7,0,71,561,235,27.200000000000003,89.39,0,0
2024,3,21,8,0,91,752,478,28.6,80.10000000000001,0,0
2024,3,21,9,0,97,856,696,30,71.09,0,0
2024,3,21,10,0,106,898,859,31,65.73,0,0
2024,3,21,11,0,113,914,954,31.700000000000003,62.47,0,1
2024,3,21,12,0,120,910,974,32.2,60.57,0,1
2024,3,21,13,0,121,892,917,32.2,60.75,0,1
2024,3,21,14,0,118,854,789,31.900000000000002,62.120000000000005,0,0
2024,3,21,15,0,99,807,604,31.200000000000003,65.44,0,1
2024,3,21,16,0,82,693,374,30.1,70.84,0,0
2024,3,21,17,0,52,441,136,28.700000000000003,77.84,0,1
2024,3,21,18,0,0,0,0,27.8,82.54,0,0
2024,3,21,19,0,0,0,0,27.200000000000003,86.26,0,0
2024,3,21,20,0,0,0,0,26.900000000000002,88.54,0,0
2024,3,21,21,0,0,0,0,26.6,90.78,0,0
2024,3,21,22,0,0,0,0,26.400000000000002,92.67,0,0
2024,3,21,23,0,0,0,0,26.200000000000003,94.33,0,0
2024,3,22,0,0,0,0,0,26.1,95.46000000000001,0,0
2024,3,22,1,0,0,0,0,26,96.34,0,0
2024,3,22,2,0,0,0,0,25.900000000000002,97.11,0,0
2024,3,22,3,0,0,0,0,25.900000000000002,97.22,0,0
2024,3,22,4,0,0,0,0,25.900000000000002,97.24000000000001,0,0
2024,3,22,5,0,0,0,0,25.8,97.9,0,0
2024,3,22,6,0,21,91,26,26.400000000000002,94.86,0,1
2024,3,22,7,0,74,535,230,27.700000000000003,87.60000000000001,0,1
2024,3,22,8,0,141,621,459,29.1,79.25,0,7
2024,3,22,9,0,171,707,665,30.400000000000002,72.49,0,7
2024,3,22,10,0,120,824,810,31.400000000000002,68.1,0,7
2024,3,22,11,0,242,628,819,32,65.83,0,8
2024,3,22,12,0,277,572,812,32.2,65.53,0,8
2024,3,22,13,0,464,144,592,32.1,66.46000000000001,0,3
2024,3,22,14,0,424,170,557,31.700000000000003,68.42,0,2
2024,3,22,15,0,250,368,478,30.900000000000002,72.25,0,7
2024,3,22,16,0,189,243,290,29.8,78.72,0,8
2024,3,22,17,0,56,384,128,28.5,86.76,0,1
2024,3,22,18,0,0,0,0,27.700000000000003,91.03,0,0
2024,3,22,19,0,0,0,0,27.200000000000003,93.5,0,7
2024,3,22,20,0,0,0,0,26.900000000000002,94.75,0,7
2024,3,22,21,0,0,0,0,26.6,96.01,0,7
2024,3,22,22,0,0,0,0,26.3,97.64,0,7
2024,3,22,23,0,0,0,0,26.200000000000003,98.04,0,7
2024,3,23,0,0,0,0,0,26.1,98.07000000000001,0,7
2024,3,23,1,0,0,0,0,25.900000000000002,98.86,0,7
2024,3,23,2,0,0,0,0,25.8,99.02,0,6
2024,3,23,3,0,0,0,0,25.700000000000003,99.18,0,7
2024,3,23,4,0,0,0,0,25.6,99.07000000000001,0,7
2024,3,23,5,0,0,0,0,25.6,98.49000000000001,0,7
2024,3,23,6,0,23,3,24,25.900000000000002,98.3,0,7
2024,3,23,7,0,81,5,82,26.5,96.89,0,6
2024,3,23,8,0,30,619,346,27.1,93.48,0,7
2024,3,23,9,0,19,0,19,27.900000000000002,88.51,0,6
2024,3,23,10,0,108,0,108,28.6,80.07000000000001,0,6
2024,3,23,11,0,124,0,124,28.8,78.57000000000001,0,6
2024,3,23,12,0,271,2,273,28.900000000000002,77.9,0,6
2024,3,23,13,0,283,5,287,28.900000000000002,77.81,0,6
2024,3,23,14,0,327,41,359,28.6,79.9,0,7
2024,3,23,15,0,253,42,279,28.1,84.23,0,8
2024,3,23,16,0,160,38,176,27.6,88.96000000000001,0,7
2024,3,23,17,0,89,109,109,26.900000000000002,94.16,0,8
2024,3,23,18,0,0,0,0,26.400000000000002,96.73,0,7
2024,3,23,19,0,0,0,0,26.200000000000003,97.58,0,7
2024,3,23,20,0,0,0,0,26.1,97.74000000000001,0,7
2024,3,23,21,0,0,0,0,26,97.57000000000001,0,0
2024,3,23,22,0,0,0,0,26,96.81,0,0
2024,3,23,23,0,0,0,0,25.900000000000002,96.69,0,1
2024,3,24,0,0,0,0,0,25.8,96.64,0,0
2024,3,24,1,0,0,0,0,25.700000000000003,96.43,0,1
2024,3,24,2,0,0,0,0,25.6,95.95,0,0
2024,3,24,3,0,0,0,0,25.5,95.60000000000001,0,0
2024,3,24,4,0,0,0,0,25.400000000000002,95.17,0,0
2024,3,24,5,0,0,0,0,25.3,95.14,0,1
2024,3,24,6,0,19,157,27,25.6,95.28,0,1
2024,3,24,7,0,61,600,235,26.1,96.46000000000001,0,1
2024,3,24,8,0,79,776,475,26.700000000000003,93.64,0,0
2024,3,24,9,0,88,862,688,27.700000000000003,83.73,0,0
2024,3,24,10,0,95,905,850,28.700000000000003,75.4,0,0
2024,3,24,11,0,99,927,946,29.3,71.18,0,0
2024,3,24,12,0,99,934,968,29.6,69.09,0,0
2024,3,24,13,0,98,922,913,29.700000000000003,67.98,0,1
2024,3,24,14,0,92,895,787,29.5,68.3,0,1
2024,3,24,15,0,82,843,600,29,70.3,0,1
2024,3,24,16,0,66,744,372,28.200000000000003,75.81,0,0
2024,3,24,17,0,41,513,133,27,83.83,0,1
2024,3,24,18,0,0,0,0,26,88.64,0,8
2024,3,24,19,0,0,0,0,25.6,90.09,0,8
2024,3,24,20,0,0,0,0,25.400000000000002,90.46000000000001,0,0
2024,3,24,21,0,0,0,0,25.1,91.62,0,0
2024,3,24,22,0,0,0,0,24.700000000000003,93.54,0,0
2024,3,24,23,0,0,0,0,24.400000000000002,94.69,0,0
2024,3,25,0,0,0,0,0,24.3,94.78,0,0
2024,3,25,1,0,0,0,0,24.3,94.39,0,0
2024,3,25,2,0,0,0,0,24.1,95.66,0,0
2024,3,25,3,0,0,0,0,24,96.54,0,0
2024,3,25,4,0,0,0,0,23.900000000000002,97.82000000000001,0,3
2024,3,25,5,0,0,0,0,23.8,98.98,0,0
2024,3,25,6,0,19,156,27,24.5,96.9,0,1
2024,3,25,7,0,62,603,235,25.8,91.43,0,1
2024,3,25,8,0,82,773,475,27.200000000000003,83.88,0,0
2024,3,25,9,0,99,846,686,28.3,76.9,0,0
2024,3,25,10,0,105,893,847,29.1,72.05,0,0
2024,3,25,11,0,108,916,943,29.8,68.72,0,0
2024,3,25,12,0,307,511,782,30.400000000000002,66.13,0,7
2024,3,25,13,0,333,411,695,30.5,65.59,0,8
2024,3,25,14,0,331,282,550,30.1,67.35,0,7
2024,3,25,15,0,225,356,442,29.5,71.13,0,8
2024,3,25,16,0,77,691,359,28.6,77.3,0,1
2024,3,25,17,0,82,55,91,27.400000000000002,84.66,0,7
2024,3,25,18,0,0,0,0,26.700000000000003,89.12,0,6
2024,3,25,19,0,0,0,0,26.400000000000002,91.05,0,8
2024,3,25,20,0,0,0,0,26.1,92.71000000000001,0,7
2024,3,25,21,0,0,0,0,25.900000000000002,93.71000000000001,0,3
2024,3,25,22,0,0,0,0,25.8,94.34,0,7
2024,3,25,23,0,0,0,0,25.6,95.62,0,8
2024,3,26,0,0,0,0,0,25.400000000000002,96.77,0,7
2024,3,26,1,0,0,0,0,25.200000000000003,97.85000000000001,0,7
2024,3,26,2,0,0,0,0,25.200000000000003,97.62,0,1
2024,3,26,3,0,0,0,0,25,98.74000000000001,0,0
2024,3,26,4,0,0,0,0,24.8,99.69,0,0
2024,3,26,5,0,0,0,0,24.700000000000003,100,0,0
2024,3,26,6,0,19,119,25,25.400000000000002,97.59,0,1
2024,3,26,7,0,124,33,133,26.700000000000003,90.59,0,7
2024,3,26,8,0,86,754,468,28.200000000000003,80.51,0,1
2024,3,26,9,0,206,571,601,29.400000000000002,73.91,0,8
2024,3,26,10,0,109,882,840,30.3,70.03,0,1
2024,3,26,11,0,260,603,808,30.900000000000002,67.34,0,8
2024,3,26,12,0,114,908,954,31.200000000000003,65.38,0,1
2024,3,26,13,0,112,895,897,31.1,65.86,0,1
2024,3,26,14,0,397,112,484,30.5,69.81,0,2
2024,3,26,15,0,322,173,427,29.700000000000003,75.2,0,2
2024,3,26,16,0,201,31,213,28.700000000000003,81.31,0,3
2024,3,26,17,0,45,2,45,27.700000000000003,87.16,0,8
2024,3,26,18,0,0,0,0,27.1,90.79,0,7
2024,3,26,19,0,0,0,0,26.700000000000003,93.11,0,7
2024,3,26,20,0,0,0,0,26.400000000000002,94.61,0,7
2024,3,26,21,0,0,0,0,26.1,96.35000000000001,0,7
2024,3,26,22,0,0,0,0,25.900000000000002,97.31,0,8
2024,3,26,23,0,0,0,0,25.8,97.35000000000001,0,7
2024,3,27,0,0,0,0,0,25.6,98.14,0,1
2024,3,27,1,0,0,0,0,25.5,98.4,0,7
2024,3,27,2,0,0,0,0,25.400000000000002,98.31,0,8
2024,3,27,3,0,0,0,0,25.400000000000002,97.77,0,0
2024,3,27,4,0,0,0,0,25.400000000000002,97.5,0,0
2024,3,27,5,0,0,0,0,25.400000000000002,97.19,0,0
2024,3,27,6,0,19,133,25,25.900000000000002,96.41,0,1
2024,3,27,7,0,62,591,230,26.900000000000002,90.32000000000001,0,1
2024,3,27,8,0,134,570,422,27.900000000000002,81.76,0,8
2024,3,27,9,0,96,844,678,28.900000000000002,75.08,0,1
2024,3,27,10,0,293,393,618,29.5,71.7,0,7
2024,3,27,11,0,456,144,587,30,68.86,0,3
2024,3,27,12,0,342,410,720,30.1,67.91,0,7
2024,3,27,13,0,115,886,891,29.900000000000002,68.32000000000001,0,0
2024,3,27,14,0,111,848,762,29.200000000000003,71.27,0,1
2024,3,27,15,0,319,189,434,28.200000000000003,76.35000000000001,0,2
2024,3,27,16,0,46,0,46,27.200000000000003,82.05,0,6
2024,3,27,17,0,38,1,38,26.3,87.67,0,7
2024,3,27,18,0,0,0,0,25.8,90.85000000000001,0,5
2024,3,27,19,0,0,0,0,25.5,92.69,0,7
2024,3,27,20,0,0,0,0,25.3,94.17,0,0
2024,3,27,21,0,0,0,0,25.1,95.74000000000001,0,8
2024,3,27,22,0,0,0,0,25,96.75,0,4
2024,3,27,23,0,0,0,0,24.900000000000002,97.47,0,4
2024,3,28,0,0,0,0,0,24.900000000000002,97.38,0,1
2024,3,28,1,0,0,0,0,24.8,97.66,0,0
2024,3,28,2,0,0,0,0,24.700000000000003,97.44,0,0
2024,3,28,3,0,0,0,0,24.700000000000003,96.59,0,8
2024,3,28,4,0,0,0,0,24.700000000000003,96.05,0,3
2024,3,28,5,0,0,0,0,24.700000000000003,95.54,0,3
2024,3,28,6,0,2,0,2,25.400000000000002,94.59,0,7
2024,3,28,7,0,53,641,235,26.6,88.49,0,0
2024,3,28,8,0,70,801,474,28.1,78.19,0,1
2024,3,28,9,0,99,841,678,29.400000000000002,71.55,0,0
2024,3,28,10,0,104,891,840,30.400000000000002,67.56,0,1
2024,3,28,11,0,108,915,935,31,65.24,0,0
2024,3,28,12,0,341,433,739,31.3,63.65,0,7
2024,3,28,13,0,288,513,735,31.200000000000003,63.53,0,8
2024,3,28,14,0,405,222,574,30.8,64.52,0,2
2024,3,28,15,0,245,267,406,30.1,67.29,0,7
2024,3,28,16,0,50,0,50,29.1,72.58,0,7
2024,3,28,17,0,48,392,113,27.8,80.81,0,1
2024,3,28,18,0,0,0,0,27,85.78,0,7
2024,3,28,19,0,0,0,0,26.5,88.89,0,1
2024,3,28,20,0,0,0,0,26.200000000000003,90.96000000000001,0,1
2024,3,28,21,0,0,0,0,25.900000000000002,93.10000000000001,0,0
2024,3,28,22,0,0,0,0,25.700000000000003,94.42,0,7
2024,3,28,23,0,0,0,0,25.6,95.27,0,0
2024,3,29,0,0,0,0,0,25.5,95.89,0,0
2024,3,29,1,0,0,0,0,25.5,96.32000000000001,0,1
2024,3,29,2,0,0,0,0,25.5,96.24000000000001,0,0
2024,3,29,3,0,0,0,0,25.5,95.99000000000001,0,1
2024,3,29,4,0,0,0,0,25.6,95.09,0,4
2024,3,29,5,0,0,0,0,25.700000000000003,94.15,0,8
2024,3,29,6,0,11,0,11,26.200000000000003,93.58,0,7
2024,3,29,7,0,107,370,212,27.400000000000002,87.52,0,8
2024,3,29,8,0,159,505,413,28.6,78.14,0,7
2024,3,29,9,0,183,614,605,29.700000000000003,71.17,0,7
2024,3,29,10,0,209,615,714,30.5,67.93,0,7
2024,3,29,11,0,113,898,922,31,65.85,0,1
2024,3,29,12,0,240,0,240,31.3,64.42,0,3
2024,3,29,13,0,463,200,637,31.200000000000003,64.78,0,3
2024,3,29,14,0,400,219,567,30.900000000000002,65.97,0,2
2024,3,29,15,0,322,140,405,30.200000000000003,69.08,0,2
2024,3,29,16,0,74,686,344,29.400000000000002,73.37,0,0
2024,3,29,17,0,43,425,112,28.200000000000003,80.78,0,1
2024,3,29,18,0,0,0,0,27.400000000000002,86.03,0,0
2024,3,29,19,0,0,0,0,26.900000000000002,89.32000000000001,0,0
2024,3,29,20,0,0,0,0,26.5,91.98,0,0
2024,3,29,21,0,0,0,0,26.200000000000003,93.97,0,8
2024,3,29,22,0,0,0,0,26,95.11,0,7
2024,3,29,23,0,0,0,0,25.8,96.18,0,0
2024,3,30,0,0,0,0,0,25.700000000000003,96.65,0,1
2024,3,30,1,0,0,0,0,25.6,97.35000000000001,0,1
2024,3,30,2,0,0,0,0,25.5,97.93,0,8
2024,3,30,3,0,0,0,0,25.5,97.91,0,8
2024,3,30,4,0,0,0,0,25.400000000000002,98.32000000000001,0,0
2024,3,30,5,0,0,0,0,25.400000000000002,97.99000000000001,0,1
2024,3,30,6,0,17,141,24,26.1,95.57000000000001,0,1
2024,3,30,7,0,105,406,219,27.5,87.68,0,7
2024,3,30,8,0,133,584,426,29,77.71000000000001,0,7
2024,3,30,9,0,90,846,670,30.1,72.5,0,0
2024,3,30,10,0,98,888,827,30.900000000000002,69.47,0,0
2024,3,30,11,0,103,906,918,31.400000000000002,67.19,0,0
2024,3,30,12,0,107,904,935,31.6,66.01,0,1
2024,3,30,13,0,279,502,714,31.5,66.36,0,7
2024,3,30,14,0,382,267,584,30.900000000000002,69.52,0,2
2024,3,30,15,0,281,47,309,30.200000000000003,74.61,0,3
2024,3,30,16,0,75,671,337,29.400000000000002,80.35000000000001,0,0
2024,3,30,17,0,74,115,92,28.200000000000003,87.33,0,7
2024,3,30,18,0,0,0,0,27.5,91.32000000000001,0,7
2024,3,30,19,0,0,0,0,27,94.35000000000001,0,6
2024,3,30,20,0,0,0,0,26.700000000000003,96.06,0,6
2024,3,30,21,0,0,0,0,26.400000000000002,97.69,0,6
2024,3,30,22,0,0,0,0,26.200000000000003,98.67,0,6
2024,3,30,23,0,0,0,0,26.1,98.96000000000001,0,7
2024,3,31,0,0,0,0,0,25.900000000000002,99.67,0,6
2024,3,31,1,0,0,0,0,25.700000000000003,100,0,9
2024,3,31,2,0,0,0,0,25.6,100,0,6
2024,3,31,3,0,0,0,0,25.5,100,0,7
2024,3,31,4,0,0,0,0,25.400000000000002,100,0,8
2024,3,31,5,0,0,0,0,25.3,100,0,8
2024,3,31,6,0,1,0,1,25.8,98.27,0,4
2024,3,31,7,0,121,7,123,26.700000000000003,93.27,0,5
2024,3,31,8,0,92,723,453,28.1,81.10000000000001,0,0
2024,3,31,9,0,94,838,666,29.6,71.56,0,0
2024,3,31,10,0,102,880,823,30.6,67.07000000000001,0,0
2024,3,31,11,0,109,896,913,30.900000000000002,65.98,0,1
2024,3,31,12,0,115,891,928,30.900000000000002,66.13,0,1
2024,3,31,13,0,119,868,868,30.200000000000003,68.78,0,1
2024,3,31,14,0,281,412,591,29.5,71.3,0,8
2024,3,31,15,0,238,342,440,28.700000000000003,74.01,0,8
2024,3,31,16,0,85,627,327,27.8,77.72,0,0
2024,3,31,17,0,3,0,3,26.900000000000002,82.34,0,7
2024,3,31,18,0,0,0,0,26.5,85.02,0,8
2024,3,31,19,0,0,0,0,26.200000000000003,87.07000000000001,0,3
2024,3,31,20,0,0,0,0,26.1,88.03,0,1
2024,3,31,21,0,0,0,0,25.8,90.42,0,0
2024,3,31,22,0,0,0,0,25.5,92.67,0,1
2024,3,31,23,0,0,0,0,25.200000000000003,94.5,0,0
2024,4,1,0,0,0,0,0,25,95.51,0,0
2024,4,1,1,0,0,0,0,24.8,96.3,0,0
2024,4,1,2,0,0,0,0,24.6,97.4,0,8
2024,4,1,3,0,0,0,0,24.5,98.02,0,1
2024,4,1,4,0,0,0,0,24.5,98.01,0,0
2024,4,1,5,0,0,0,0,24.400000000000002,98.69,0,0
2024,4,1,6,0,16,159,23,24.8,96.53,0,1
2024,4,1,7,0,57,609,227,25.6,90.59,0,0
2024,4,1,8,0,79,769,462,26.8,81.69,0,1
2024,4,1,9,0,331,307,540,27.8,75.04,0,3
2024,4,1,10,0,415,288,650,28.700000000000003,69.61,0,3
2024,4,1,11,0,107,910,920,29.5,65.12,0,1
2024,4,1,12,0,109,912,937,30,62.32,0,1
2024,4,1,13,0,108,896,878,30.3,60.35,0,1
2024,4,1,14,0,278,429,599,29.900000000000002,61.25,0,7
2024,4,1,15,0,105,764,554,29,64.88,0,1
2024,4,1,16,0,87,623,326,27.8,71.07000000000001,0,1
2024,4,1,17,0,49,324,98,26.6,77.69,0,1
2024,4,1,18,0,0,0,0,25.900000000000002,81.61,0,3
2024,4,1,19,0,0,0,0,25.5,83.92,0,3
2024,4,1,20,0,0,0,0,25.1,86.11,0,3
2024,4,1,21,0,0,0,0,24.8,88.3,0,3
2024,4,1,22,0,0,0,0,24.6,90.11,0,3
2024,4,1,23,0,0,0,0,24.400000000000002,91.76,0,3
2024,4,2,0,0,0,0,0,24.400000000000002,92.29,0,3
2024,4,2,1,0,0,0,0,24.5,90.93,0,3
2024,4,2,2,0,0,0,0,24.700000000000003,88.98,0,3
2024,4,2,3,0,0,0,0,25,86.23,0,1
2024,4,2,4,0,0,0,0,25.200000000000003,84.3,0,1
2024,4,2,5,0,0,0,0,25.400000000000002,82.7,0,3
2024,4,2,6,0,17,99,21,25.8,84.31,0,1
2024,4,2,7,0,65,554,219,26.200000000000003,88.78,0,1
2024,4,2,8,0,89,732,453,26.900000000000002,79.75,0,1
2024,4,2,9,0,107,811,658,29,66.04,0,1
2024,4,2,10,0,438,168,575,30.3,59.72,0,3
2024,4,2,11,0,122,877,904,31.1,58.67,0,1
2024,4,2,12,0,412,16,427,31.5,59.06,0,3
2024,4,2,13,0,417,73,480,31.6,59.74,0,4
2024,4,2,14,0,398,202,548,31.400000000000002,61.9,0,3
2024,4,2,15,0,249,302,425,30.900000000000002,64.65,0,7
2024,4,2,16,0,203,101,242,29.8,70.18,0,3
2024,4,2,17,0,5,0,5,28.200000000000003,79.64,0,7
2024,4,2,18,0,0,0,0,27.200000000000003,85.5,0,7
2024,4,2,19,0,0,0,0,26.400000000000002,90.76,0,7
2024,4,2,20,0,0,0,0,25.900000000000002,94.01,0,7
2024,4,2,21,0,0,0,0,25.6,95.79,0,7
2024,4,2,22,0,0,0,0,25.3,97.37,0,7
2024,4,2,23,0,0,0,0,25.1,98.21000000000001,0,7
2024,4,3,0,0,0,0,0,24.900000000000002,98.8,0,8
2024,4,3,1,0,0,0,0,24.8,98.98,0,7
2024,4,3,2,0,0,0,0,24.700000000000003,99.06,0,8
2024,4,3,3,0,0,0,0,24.6,99.21000000000001,0,7
2024,4,3,4,0,0,0,0,24.5,99.72,0,8
2024,4,3,5,0,0,0,0,24.5,99.66,0,7
2024,4,3,6,0,14,0,14,25.1,98.07000000000001,0,7
2024,4,3,7,0,103,19,108,26.200000000000003,94.06,0,7
2024,4,3,8,0,190,43,211,27.8,84.17,0,7
2024,4,3,9,0,280,65,325,29.200000000000003,76.25,0,7
2024,4,3,10,0,355,59,403,30.200000000000003,71.33,0,7
2024,4,3,11,0,335,398,689,30.700000000000003,69.68,0,7
2024,4,3,12,0,289,525,764,30.6,70.63,0,8
2024,4,3,13,0,361,292,611,30.3,72.86,0,7
2024,4,3,14,0,279,2,280,29.900000000000002,75.06,0,5
2024,4,3,15,0,209,27,224,29.3,78.45,0,6
2024,4,3,16,0,25,0,25,28.400000000000002,84.61,0,7
2024,4,3,17,0,45,325,92,27.6,90.28,0,7
2024,4,3,18,0,0,0,0,26.900000000000002,94.95,0,8
2024,4,3,19,0,0,0,0,26.5,97.31,0,8
2024,4,3,20,0,0,0,0,26.200000000000003,98.62,0,4
2024,4,3,21,0,0,0,0,26,99.17,0,3
2024,4,3,22,0,0,0,0,25.900000000000002,99.21000000000001,0,4
2024,4,3,23,0,0,0,0,25.900000000000002,99.10000000000001,0,4
2024,4,4,0,0,0,0,0,25.8,99.25,0,3
2024,4,4,1,0,0,0,0,25.8,98.87,0,3
2024,4,4,2,0,0,0,0,25.8,98.74000000000001,0,4
2024,4,4,3,0,0,0,0,25.8,98.56,0,4
2024,4,4,4,0,0,0,0,25.700000000000003,98.02,0,3
2024,4,4,5,0,0,0,0,25.700000000000003,96.24000000000001,0,1
2024,4,4,6,0,16,84,20,26.1,93.47,0,1
2024,4,4,7,0,71,522,214,26.900000000000002,89.66,0,1
2024,4,4,8,0,98,704,445,28.1,81.15,0,0
2024,4,4,9,0,111,802,653,29.3,72.77,0,1
2024,4,4,10,0,123,845,808,30.1,68.63,0,1
2024,4,4,11,0,133,861,896,30.6,65.9,0,1
2024,4,4,12,0,137,859,911,30.8,64.4,0,1
2024,4,4,13,0,134,845,853,30.700000000000003,64.05,0,0
2024,4,4,14,0,125,808,724,30.3,65.04,0,1
2024,4,4,15,0,107,749,539,29.6,67.58,0,1
2024,4,4,16,0,84,622,315,28.6,72.32000000000001,0,1
2024,4,4,17,0,44,328,91,27.400000000000002,78.95,0,1
2024,4,4,18,0,0,0,0,26.700000000000003,82.76,0,0
2024,4,4,19,0,0,0,0,26.200000000000003,85.74,0,0
2024,4,4,20,0,0,0,0,25.8,88.01,0,0
2024,4,4,21,0,0,0,0,25.5,89.58,0,0
2024,4,4,22,0,0,0,0,25.200000000000003,91.28,0,0
2024,4,4,23,0,0,0,0,25,92.19,0,0
2024,4,5,0,0,0,0,0,24.8,93.23,0,0
2024,4,5,1,0,0,0,0,24.700000000000003,93.95,0,3
2024,4,5,2,0,0,0,0,24.5,95.06,0,1
2024,4,5,3,0,0,0,0,24.3,95.92,0,3
2024,4,5,4,0,0,0,0,24.200000000000003,95.98,0,0
2024,4,5,5,0,0,0,0,24.1,95.81,0,0
2024,4,5,6,0,16,114,21,25,92.3,0,1
2024,4,5,7,0,62,590,224,26.900000000000002,82.3,0,0
2024,4,5,8,0,83,766,460,28.3,72.95,0,0
2024,4,5,9,0,91,861,672,29.400000000000002,67.51,0,0
2024,4,5,10,0,101,900,828,30.3,63.85,0,1
2024,4,5,11,0,107,917,918,30.900000000000002,61.34,0,1
2024,4,5,12,0,486,238,699,31.200000000000003,60.13,0,2
2024,4,5,13,0,376,287,619,31.200000000000003,59.93,0,8
2024,4,5,14,0,339,21,354,30.700000000000003,62.02,0,3
2024,4,5,15,0,255,264,406,29.8,66.23,0,7
2024,4,5,16,0,80,646,318,28.700000000000003,71.82000000000001,0,1
2024,4,5,17,0,43,342,90,27.400000000000002,79.22,0,1
2024,4,5,18,0,0,0,0,26.5,84.85000000000001,0,0
2024,4,5,19,0,0,0,0,26,88.52,0,3
2024,4,5,20,0,0,0,0,25.6,91.7,0,1
2024,4,5,21,0,0,0,0,25.200000000000003,94.5,0,1
2024,4,5,22,0,0,0,0,24.900000000000002,96.26,0,3
2024,4,5,23,0,0,0,0,24.6,97.74000000000001,0,1
2024,4,6,0,0,0,0,0,24.400000000000002,98.25,0,3
2024,4,6,1,0,0,0,0,24.200000000000003,98.78,0,0
2024,4,6,2,0,0,0,0,24.1,98.55,0,1
2024,4,6,3,0,0,0,0,24,97.49000000000001,0,3
2024,4,6,4,0,0,0,0,23.900000000000002,95.79,0,3
2024,4,6,5,0,0,0,0,23.900000000000002,93.52,0,3
2024,4,6,6,0,16,121,21,24.5,90.09,0,1
2024,4,6,7,0,61,605,227,25.700000000000003,82.98,0,1
2024,4,6,8,0,83,781,466,27.200000000000003,70.37,0,0
2024,4,6,9,0,100,858,677,28.3,63.29,0,1
2024,4,6,10,0,106,908,838,29.1,59.76,0,0
2024,4,6,11,0,109,932,930,29.700000000000003,56.94,0,0
2024,4,6,12,0,108,937,947,30,54.910000000000004,0,1
2024,4,6,13,0,107,922,885,29.900000000000002,54.69,0,1
2024,4,6,14,0,101,887,752,29.400000000000002,56.27,0,0
2024,4,6,15,0,93,815,558,28.5,59.870000000000005,0,0
2024,4,6,16,0,75,684,325,27.400000000000002,64.88,0,0
2024,4,6,17,0,41,374,91,26.1,72.03,0,1
2024,4,6,18,0,0,0,0,25.200000000000003,77.31,0,0
2024,4,6,19,0,0,0,0,24.8,79.83,0,0
2024,4,6,20,0,0,0,0,24.5,81.65,0,0
2024,4,6,21,0,0,0,0,24.3,82.92,0,0
2024,4,6,22,0,0,0,0,24.1,84.31,0,0
2024,4,6,23,0,0,0,0,24,85.07000000000001,0,1
2024,4,7,0,0,0,0,0,24.1,84.74,0,1
2024,4,7,1,0,0,0,0,24.1,84.92,0,0
2024,4,7,2,0,0,0,0,24.1,85.36,0,0
2024,4,7,3,0,0,0,0,24.1,86.17,0,0
2024,4,7,4,0,0,0,0,24,87.53,0,0
2024,4,7,5,0,0,0,0,23.8,89.51,0,0
2024,4,7,6,0,16,115,20,24.5,87.56,0,0
2024,4,7,7,0,60,592,221,26.1,77.95,0,0
2024,4,7,8,0,84,760,455,27.400000000000002,69.87,0,0
2024,4,7,9,0,98,840,662,28.400000000000002,64.82000000000001,0,0
2024,4,7,10,0,119,863,812,29.200000000000003,61.15,0,1
2024,4,7,11,0,141,855,893,29.700000000000003,59.06,0,1
2024,4,7,12,0,158,835,902,29.700000000000003,59.300000000000004,0,1
2024,4,7,13,0,165,799,837,29.5,60.29,0,1
2024,4,7,14,0,156,753,706,29.1,61.97,0,1
2024,4,7,15,0,103,763,535,28.5,64.41,0,1
2024,4,7,16,0,80,633,309,27.6,68.87,0,0
2024,4,7,17,0,41,322,83,26.400000000000002,76.07000000000001,0,1
2024,4,7,18,0,0,0,0,25.6,81.86,0,0
2024,4,7,19,0,0,0,0,25.1,85.84,0,0
2024,4,7,20,0,0,0,0,24.700000000000003,88.71000000000001,0,0
2024,4,7,21,0,0,0,0,24.400000000000002,90.60000000000001,0,0
2024,4,7,22,0,0,0,0,24.200000000000003,91.49,0,0
2024,4,7,23,0,0,0,0,24.1,91.82000000000001,0,0
2024,4,8,0,0,0,0,0,24,92.26,0,0
2024,4,8,1,0,0,0,0,23.900000000000002,92.94,0,1
2024,4,8,2,0,0,0,0,23.8,92.57000000000001,0,0
2024,4,8,3,0,0,0,0,23.8,91.64,0,1
2024,4,8,4,0,0,0,0,23.8,91.10000000000001,0,0
2024,4,8,5,0,0,0,0,23.700000000000003,91.48,0,1
2024,4,8,6,0,13,0,13,24.3,90.86,0,3
2024,4,8,7,0,58,0,58,25.8,84.36,0,3
2024,4,8,8,0,157,1,157,27.3,73.81,0,3
2024,4,8,9,0,366,172,480,28.6,66.86,0,3
2024,4,8,10,0,110,879,814,29.6,62.64,0,1
2024,4,8,11,0,462,142,586,30.3,60.15,0,3
2024,4,8,12,0,120,898,918,30.700000000000003,58.49,0,1
2024,4,8,13,0,459,178,608,30.700000000000003,57.95,0,2
2024,4,8,14,0,108,852,727,30.400000000000002,58.68,0,1
2024,4,8,15,0,93,791,539,29.700000000000003,61.43,0,1
2024,4,8,16,0,74,662,311,28.6,66.78,0,1
2024,4,8,17,0,39,354,84,27.200000000000003,74.42,0,1
2024,4,8,18,0,0,0,0,26.3,80.11,0,1
2024,4,8,19,0,0,0,0,25.700000000000003,84.27,0,0
2024,4,8,20,0,0,0,0,25.3,87.16,0,2
2024,4,8,21,0,0,0,0,24.900000000000002,89.69,0,8
2024,4,8,22,0,0,0,0,24.5,92.07000000000001,0,7
2024,4,8,23,0,0,0,0,24.3,93.14,0,3
2024,4,9,0,0,0,0,0,24.1,94.14,0,0
2024,4,9,1,0,0,0,0,24,94.5,0,7
2024,4,9,2,0,0,0,0,24,94.46000000000001,0,7
2024,4,9,3,0,0,0,0,24.200000000000003,92.91,0,7
2024,4,9,4,0,0,0,0,24.5,90.24,0,8
2024,4,9,5,0,0,0,0,24.5,89.92,0,7
2024,4,9,6,0,15,88,18,24.900000000000002,89.31,0,1
2024,4,9,7,0,65,552,214,26.5,82.86,0,0
2024,4,9,8,0,91,729,445,28.1,72.58,0,0
2024,4,9,9,0,98,832,653,29.3,66.1,0,1
2024,4,9,10,0,105,879,807,30.400000000000002,60.93,0,0
2024,4,9,11,0,106,905,896,31.200000000000003,57.99,0,0
2024,4,9,12,0,106,908,911,31.700000000000003,57.17,0,1
2024,4,9,13,0,393,30,418,31.700000000000003,56.64,0,2
2024,4,9,14,0,393,159,508,31.400000000000002,57.01,0,2
2024,4,9,15,0,97,765,525,30.6,59.56,0,1
2024,4,9,16,0,77,626,300,29.400000000000002,65.48,0,1
2024,4,9,17,0,26,0,26,28,73.59,0,8
2024,4,9,18,0,0,0,0,27.200000000000003,78.75,0,5
2024,4,9,19,0,0,0,0,26.6,82.63,0,3
2024,4,9,20,0,0,0,0,26.200000000000003,85.15,0,8
2024,4,9,21,0,0,0,0,25.900000000000002,87.16,0,3
2024,4,9,22,0,0,0,0,25.5,89.69,0,8
2024,4,9,23,0,0,0,0,25.200000000000003,91.87,0,4
2024,4,10,0,0,0,0,0,25.1,92.79,0,3
2024,4,10,1,0,0,0,0,25.1,92.78,0,3
2024,4,10,2,0,0,0,0,25,92.94,0,3
2024,4,10,3,0,0,0,0,25,92.44,0,3
2024,4,10,4,0,0,0,0,24.900000000000002,92.82000000000001,0,3
2024,4,10,5,0,0,0,0,24.8,93.19,0,3
2024,4,10,6,0,7,0,7,25.3,92.33,0,3
2024,4,10,7,0,60,564,211,26.8,83.45,0,1
2024,4,10,8,0,82,741,440,28.5,71.8,0,1
2024,4,10,9,0,83,851,649,29.900000000000002,64.39,0,0
2024,4,10,10,0,91,891,801,31,59.25,0,0
2024,4,10,11,0,96,909,888,31.700000000000003,57.660000000000004,0,1
2024,4,10,12,0,463,238,673,32,56.980000000000004,0,2
2024,4,10,13,0,107,879,837,31.900000000000002,57.06,0,1
2024,4,10,14,0,385,184,517,31.5,58.07,0,2
2024,4,10,15,0,221,349,415,30.6,61.230000000000004,0,8
2024,4,10,16,0,134,22,141,29.5,66.96000000000001,0,7
2024,4,10,17,0,38,302,74,28.200000000000003,74.89,0,1
2024,4,10,18,0,0,0,0,27.3,81.16,0,1
2024,4,10,19,0,0,0,0,26.8,85.18,0,1
2024,4,10,20,0,0,0,0,26.5,87.85000000000001,0,1
2024,4,10,21,0,0,0,0,26.200000000000003,90.17,0,1
2024,4,10,22,0,0,0,0,26,92.10000000000001,0,1
2024,4,10,23,0,0,0,0,25.8,93.79,0,0
2024,4,11,0,0,0,0,0,25.6,95.21000000000001,0,0
2024,4,11,1,0,0,0,0,25.400000000000002,96.54,0,3
2024,4,11,2,0,0,0,0,25.3,96.60000000000001,0,3
2024,4,11,3,0,0,0,0,25.400000000000002,94.52,0,4
2024,4,11,4,0,0,0,0,25.6,92.23,0,4
2024,4,11,5,0,0,0,0,25.8,90.42,0,3
2024,4,11,6,0,1,0,1,26.1,89.91,0,3
2024,4,11,7,0,55,591,213,26.900000000000002,88.03,0,0
2024,4,11,8,0,74,766,444,28.5,73.47,0,0
2024,4,11,9,0,86,849,648,29.900000000000002,64.65,0,1
2024,4,11,10,0,94,893,802,30.900000000000002,60.26,0,0
2024,4,11,11,0,100,909,889,31.6,57.88,0,0
2024,4,11,12,0,103,907,901,31.900000000000002,57.65,0,1
2024,4,11,13,0,105,887,839,31.8,57.82,0,0
2024,4,11,14,0,100,847,707,31.3,59.230000000000004,0,1
2024,4,11,15,0,87,784,520,30.5,62.75,0,1
2024,4,11,16,0,69,651,296,29.200000000000003,69.45,0,0
2024,4,11,17,0,35,336,74,27.5,80.42,0,1
2024,4,11,18,0,0,0,0,26.400000000000002,88.91,0,3
2024,4,11,19,0,0,0,0,25.8,93.92,0,3
2024,4,11,20,0,0,0,0,25.6,95.89,0,3
2024,4,11,21,0,0,0,0,25.3,97.61,0,1
2024,4,11,22,0,0,0,0,25.1,98.3,0,0
2024,4,11,23,0,0,0,0,24.900000000000002,98.69,0,0
2024,4,12,0,0,0,0,0,24.8,98.59,0,0
2024,4,12,1,0,0,0,0,24.700000000000003,98.76,0,0
2024,4,12,2,0,0,0,0,24.6,98.99000000000001,0,1
2024,4,12,3,0,0,0,0,24.6,98.48,0,3
2024,4,12,4,0,0,0,0,24.5,98.55,0,3
2024,4,12,5,0,0,0,0,24.5,97.9,0,3
2024,4,12,6,0,10,0,10,25.1,97.15,0,3
2024,4,12,7,0,33,0,33,26.1,94.5,0,3
2024,4,12,8,0,224,28,237,27.400000000000002,84.19,0,3
2024,4,12,9,0,366,116,442,28.8,71.71000000000001,0,3
2024,4,12,10,0,224,616,712,29.700000000000003,66.18,0,8
2024,4,12,11,0,455,133,570,30.3,62.82,0,3
2024,4,12,12,0,383,8,390,30.400000000000002,62.02,0,3
2024,4,12,13,0,446,207,617,30.3,62.27,0,3
2024,4,12,14,0,382,212,533,29.8,64.15,0,3
2024,4,12,15,0,251,31,268,29.1,67.62,0,3
2024,4,12,16,0,86,570,282,28,73.86,0,0
2024,4,12,17,0,40,240,67,26.700000000000003,82.41,0,3
2024,4,12,18,0,0,0,0,26,87.62,0,1
2024,4,12,19,0,0,0,0,25.700000000000003,89.99,0,3
2024,4,12,20,0,0,0,0,25.5,91.61,0,3
2024,4,12,21,0,0,0,0,25.3,92.99,0,1
2024,4,12,22,0,0,0,0,25.1,94.19,0,3
2024,4,12,23,0,0,0,0,25,94.5,0,3
2024,4,13,0,0,0,0,0,24.900000000000002,94.72,0,3
2024,4,13,1,0,0,0,0,24.700000000000003,95.52,0,3
2024,4,13,2,0,0,0,0,24.6,95.67,0,3
2024,4,13,3,0,0,0,0,24.5,95.75,0,3
2024,4,13,4,0,0,0,0,24.400000000000002,95.77,0,1
2024,4,13,5,0,0,0,0,24.3,95.87,0,1
2024,4,13,6,0,10,0,10,24.6,94.91,0,3
2024,4,13,7,0,58,577,210,25.5,90.65,0,0
2024,4,13,8,0,78,757,440,26.8,80.87,0,0
2024,4,13,9,0,89,844,645,28.1,72.01,0,0
2024,4,13,10,0,307,2,309,29,67.04,0,3
2024,4,13,11,0,103,904,883,29.5,64.09,0,1
2024,4,13,12,0,109,901,896,29.700000000000003,62.620000000000005,0,1
2024,4,13,13,0,109,882,834,29.700000000000003,61.980000000000004,0,1
2024,4,13,14,0,99,855,705,29.400000000000002,62.13,0,0
2024,4,13,15,0,91,780,517,28.700000000000003,64.46000000000001,0,1
2024,4,13,16,0,160,176,220,27.700000000000003,68.93,0,8
2024,4,13,17,0,35,318,70,26.5,75.44,0,0
2024,4,13,18,0,0,0,0,25.700000000000003,80.51,0,0
2024,4,13,19,0,0,0,0,25.3,83.25,0,0
2024,4,13,20,0,0,0,0,25.1,84.73,0,0
2024,4,13,21,0,0,0,0,24.900000000000002,86.16,0,0
2024,4,13,22,0,0,0,0,24.8,87.12,0,1
2024,4,13,23,0,0,0,0,24.6,88.74,0,0
2024,4,14,0,0,0,0,0,24.400000000000002,90.32000000000001,0,0
2024,4,14,1,0,0,0,0,24.200000000000003,91.96000000000001,0,1
2024,4,14,2,0,0,0,0,24.1,93.08,0,0
2024,4,14,3,0,0,0,0,24,93.87,0,0
2024,4,14,4,0,0,0,0,24,93.84,0,0
2024,4,14,5,0,0,0,0,24,93.07000000000001,0,0
2024,4,14,6,0,14,85,16,24.5,91.72,0,1
2024,4,14,7,0,84,1,84,25.8,85.96000000000001,0,3
2024,4,14,8,0,82,746,437,27.1,76.12,0,1
2024,4,14,9,0,101,817,637,28.400000000000002,69.10000000000001,0,0
2024,4,14,10,0,333,240,522,29.3,65.42,0,7
2024,4,14,11,0,114,883,873,29.900000000000002,63.11,0,0
2024,4,14,12,0,119,878,883,30.200000000000003,62.31,0,1
2024,4,14,13,0,415,298,659,29.900000000000002,63.870000000000005,0,2
2024,4,14,14,0,117,805,685,29.3,66.74,0,1
2024,4,14,15,0,114,699,493,28.6,69.97,0,1
2024,4,14,16,0,90,541,272,27.6,74.62,0,0
2024,4,14,17,0,40,197,61,26.700000000000003,79.18,0,0
2024,4,14,18,0,0,0,0,26.200000000000003,81.63,0,0
2024,4,14,19,0,0,0,0,25.900000000000002,83,0,0
2024,4,14,20,0,0,0,0,25.6,84.4,0,0
2024,4,14,21,0,0,0,0,25.3,85.92,0,0
2024,4,14,22,0,0,0,0,25,87.41,0,0
2024,4,14,23,0,0,0,0,24.8,87.74,0,0
2024,4,15,0,0,0,0,0,24.6,88.46000000000001,0,0
2024,4,15,1,0,0,0,0,24.400000000000002,89.37,0,0
2024,4,15,2,0,0,0,0,24.400000000000002,88.61,0,0
2024,4,15,3,0,0,0,0,24.400000000000002,87.77,0,0
2024,4,15,4,0,0,0,0,24.3,87.71000000000001,0,0
2024,4,15,5,0,0,0,0,24.1,88.53,0,0
2024,4,15,6,0,13,52,15,24.6,87.29,0,1
2024,4,15,7,0,65,532,203,26.200000000000003,78.62,0,0
2024,4,15,8,0,92,710,429,27.6,69.54,0,0
2024,4,15,9,0,93,830,636,28.5,65.7,0,0
2024,4,15,10,0,106,865,784,29.200000000000003,63.29,0,0
2024,4,15,11,0,113,881,868,29.8,60.94,0,1
2024,4,15,12,0,128,861,874,30,60.13,0,1
2024,4,15,13,0,433,130,539,29.8,60.71,0,2
2024,4,15,14,0,120,798,681,29.400000000000002,62.06,0,1
2024,4,15,15,0,249,31,265,28.6,65.83,0,2
2024,4,15,16,0,84,560,272,27.400000000000002,72.12,0,1
2024,4,15,17,0,37,217,60,26.200000000000003,79.77,0,1
2024,4,15,18,0,0,0,0,25.400000000000002,85.45,0,3
2024,4,15,19,0,0,0,0,25,88.92,0,3
2024,4,15,20,0,0,0,0,24.8,90.61,0,4
2024,4,15,21,0,0,0,0,24.700000000000003,91.10000000000001,0,3
2024,4,15,22,0,0,0,0,24.8,89.23,0,3
2024,4,15,23,0,0,0,0,24.900000000000002,86.49,0,3
2024,4,16,0,0,0,0,0,24.8,85.10000000000001,0,1
2024,4,16,1,0,0,0,0,24.5,85.74,0,1
2024,4,16,2,0,0,0,0,24.200000000000003,86.93,0,3
2024,4,16,3,0,0,0,0,24,88.22,0,3
2024,4,16,4,0,0,0,0,24,88,0,1
2024,4,16,5,0,0,0,0,24,88.01,0,3
2024,4,16,6,0,12,14,12,24.6,87.09,0,1
2024,4,16,7,0,79,429,191,25.900000000000002,81.16,0,0
2024,4,16,8,0,111,639,414,27.3,71.26,0,1
2024,4,16,9,0,102,803,625,28.5,63.870000000000005,0,0
2024,4,16,10,0,114,842,772,29.200000000000003,60.120000000000005,0,0
2024,4,16,11,0,123,858,856,29.6,58.08,0,0
2024,4,16,12,0,126,857,867,29.700000000000003,57.44,0,1
2024,4,16,13,0,125,836,804,29.5,58,0,1
2024,4,16,14,0,118,795,674,29,59.56,0,1
2024,4,16,15,0,98,734,491,28.400000000000002,61.54,0,1
2024,4,16,16,0,76,589,271,27.5,65.01,0,0
2024,4,16,17,0,35,240,59,26.400000000000002,70.06,0,1
2024,4,16,18,0,0,0,0,25.6,75.19,0,0
2024,4,16,19,0,0,0,0,25,80.06,0,0
2024,4,16,20,0,0,0,0,24.6,82.94,0,0
2024,4,16,21,0,0,0,0,24.3,85.54,0,0
2024,4,16,22,0,0,0,0,24.1,87.61,0,0
2024,4,16,23,0,0,0,0,23.900000000000002,89.8,0,0
2024,4,17,0,0,0,0,0,23.8,91.02,0,0
2024,4,17,1,0,0,0,0,23.6,92.18,0,0
2024,4,17,2,0,0,0,0,23.6,91.32000000000001,0,0
2024,4,17,3,0,0,0,0,23.700000000000003,89.3,0,0
2024,4,17,4,0,0,0,0,23.8,87.67,0,1
2024,4,17,5,0,0,0,0,24,85.68,0,1
2024,4,17,6,0,13,58,14,24.5,84.65,0,1
2024,4,17,7,0,61,534,199,26.200000000000003,77.31,0,1
2024,4,17,8,0,87,713,422,27.700000000000003,65.48,0,0
2024,4,17,9,0,185,611,581,28.8,60.26,0,8
2024,4,17,10,0,116,837,768,29.700000000000003,56.81,0,1
2024,4,17,11,0,434,128,543,30.400000000000002,54.61,0,3
2024,4,17,12,0,416,76,482,30.6,54.33,0,3
2024,4,17,13,0,117,847,801,30.5,54.92,0,1
2024,4,17,14,0,112,801,670,30,56.6,0,1
2024,4,17,15,0,98,728,486,29.3,59.18,0,1
2024,4,17,16,0,76,581,267,28.400000000000002,62.83,0,0
2024,4,17,17,0,33,237,57,27.1,69.3,0,1
2024,4,17,18,0,0,0,0,26.3,73.66,0,0
2024,4,17,19,0,0,0,0,25.8,76.55,0,0
2024,4,17,20,0,0,0,0,25.400000000000002,78.95,0,0
2024,4,17,21,0,0,0,0,25.1,80.83,0,0
2024,4,17,22,0,0,0,0,24.8,82.66,0,1
2024,4,17,23,0,0,0,0,24.5,84.73,0,1
2024,4,18,0,0,0,0,0,24.200000000000003,86.8,0,1
2024,4,18,1,0,0,0,0,24,88.55,0,1
2024,4,18,2,0,0,0,0,23.8,90.14,0,1
2024,4,18,3,0,0,0,0,23.6,91.69,0,0
2024,4,18,4,0,0,0,0,23.400000000000002,93.51,0,1
2024,4,18,5,0,0,0,0,23.1,95.98,0,3
2024,4,18,6,0,12,47,13,23.700000000000003,93.7,0,1
2024,4,18,7,0,63,511,194,25.5,83.85000000000001,0,1
2024,4,18,8,0,244,59,272,27.6,72.05,0,3
2024,4,18,9,0,166,608,559,29.1,64.58,0,7
2024,4,18,10,0,123,816,757,30.1,61.11,0,1
2024,4,18,11,0,128,839,839,30.900000000000002,59.620000000000005,0,1
2024,4,18,12,0,128,842,851,31.400000000000002,57.53,0,1
2024,4,18,13,0,123,828,789,31.400000000000002,58.35,0,1
2024,4,18,14,0,361,97,428,31,60.27,0,3
2024,4,18,15,0,206,6,209,30.400000000000002,62.63,0,3
2024,4,18,16,0,75,573,261,29.3,66.41,0,1
2024,4,18,17,0,10,0,10,27.8,74.03,0,3
2024,4,18,18,0,0,0,0,26.700000000000003,81.05,0,4
2024,4,18,19,0,0,0,0,26.1,85.4,0,3
2024,4,18,20,0,0,0,0,25.700000000000003,88.33,0,3
2024,4,18,21,0,0,0,0,25.3,91.60000000000001,0,3
2024,4,18,22,0,0,0,0,25,94.32000000000001,0,7
2024,4,18,23,0,0,0,0,24.6,96.9,0,4
2024,4,19,0,0,0,0,0,24.200000000000003,98.29,0,3
2024,4,19,1,0,0,0,0,23.900000000000002,98.02,0,5
2024,4,19,2,0,0,0,0,23.400000000000002,97.82000000000001,0,5
2024,4,19,3,0,0,0,0,23,97.17,0,4
2024,4,19,4,0,0,0,0,22.700000000000003,97.05,0,3
2024,4,19,5,0,0,0,0,22.5,96.71000000000001,0,4
2024,4,19,6,0,4,0,4,22.6,96.51,0,4
2024,4,19,7,0,15,0,15,23.1,94.47,0,8
2024,4,19,8,0,72,0,72,23.700000000000003,90.19,0,4
2024,4,19,9,0,176,0,177,24.400000000000002,84.46000000000001,0,4
2024,4,19,10,0,133,0,133,24.900000000000002,81.2,0,5
2024,4,19,11,0,355,32,382,25.3,79.11,0,8
2024,4,19,12,0,368,59,419,25.6,77.73,0,8
2024,4,19,13,0,367,66,420,25.8,76.9,0,7
2024,4,19,14,0,299,318,518,25.900000000000002,76.11,0,8
2024,4,19,15,0,207,31,224,25.900000000000002,75.69,0,8
2024,4,19,16,0,51,0,51,25.5,77.53,0,5
2024,4,19,17,0,42,2,42,24.8,81.14,0,3
2024,4,19,18,0,0,0,0,24.3,84.21000000000001,0,3
2024,4,19,19,0,0,0,0,23.900000000000002,87.12,0,1
2024,4,19,20,0,0,0,0,23.6,89.43,0,1
2024,4,19,21,0,0,0,0,23.3,92.05,0,1
2024,4,19,22,0,0,0,0,23.1,93.97,0,1
2024,4,19,23,0,0,0,0,23,94.95,0,1
2024,4,20,0,0,0,0,0,23,94.98,0,1
2024,4,20,1,0,0,0,0,22.900000000000002,95.56,0,3
2024,4,20,2,0,0,0,0,22.8,95.94,0,1
2024,4,20,3,0,0,0,0,22.8,95.60000000000001,0,3
2024,4,20,4,0,0,0,0,22.700000000000003,95.83,0,3
2024,4,20,5,0,0,0,0,22.8,93.60000000000001,0,0
2024,4,20,6,0,12,25,12,23.400000000000002,89.74,0,1
2024,4,20,7,0,69,495,194,24.5,84.45,0,0
2024,4,20,8,0,96,697,420,25.900000000000002,76.59,0,0
2024,4,20,9,0,119,775,617,27.1,68.33,0,1
2024,4,20,10,0,131,826,768,27.8,64.65,0,1
2024,4,20,11,0,453,136,567,28.1,63.120000000000005,0,2
2024,4,20,12,0,276,1,277,28.200000000000003,62.43,0,3
2024,4,20,13,0,303,2,304,28,62.86,0,3
2024,4,20,14,0,380,169,496,27.5,64.55,0,2
2024,4,20,15,0,283,65,317,26.8,67.29,0,2
2024,4,20,16,0,172,89,201,25.8,71.84,0,2
2024,4,20,17,0,33,202,51,24.8,77.66,0,1
2024,4,20,18,0,0,0,0,24,83.01,0,1
2024,4,20,19,0,0,0,0,23.6,86.10000000000001,0,1
2024,4,20,20,0,0,0,0,23.400000000000002,87.52,0,0
2024,4,20,21,0,0,0,0,23.1,89.39,0,1
2024,4,20,22,0,0,0,0,23,90.03,0,3
2024,4,20,23,0,0,0,0,22.8,91.29,0,1
2024,4,21,0,0,0,0,0,22.6,92.42,0,0
2024,4,21,1,0,0,0,0,22.400000000000002,93.69,0,0
2024,4,21,2,0,0,0,0,22.3,94.18,0,0
2024,4,21,3,0,0,0,0,22.200000000000003,94.87,0,0
2024,4,21,4,0,0,0,0,22.1,95.62,0,0
2024,4,21,5,0,0,0,0,22,96.42,0,1
2024,4,21,6,0,12,67,13,22.6,94.04,0,1
2024,4,21,7,0,56,578,201,24.1,87.06,0,1
2024,4,21,8,0,77,760,429,25.700000000000003,75.23,0,0
2024,4,21,9,0,89,844,629,26.900000000000002,67.43,0,0
2024,4,21,10,0,389,100,466,27.8,63.370000000000005,0,2
2024,4,21,11,0,444,140,562,28.3,61.11,0,3
2024,4,21,12,0,462,190,623,28.400000000000002,60.64,0,3
2024,4,21,13,0,409,111,497,28.200000000000003,61.44,0,3
2024,4,21,14,0,340,72,389,27.8,63.01,0,3
2024,4,21,15,0,240,29,255,27.1,66.02,0,3
2024,4,21,16,0,116,4,117,26.1,70.95,0,3
2024,4,21,17,0,2,0,2,24.8,78.66,0,3
2024,4,21,18,0,0,0,0,24,84.36,0,3
2024,4,21,19,0,0,0,0,23.400000000000002,88.99,0,3
2024,4,21,20,0,0,0,0,23.1,91.74,0,3
2024,4,21,21,0,0,0,0,23,93.07000000000001,0,1
2024,4,21,22,0,0,0,0,22.900000000000002,94.44,0,3
2024,4,21,23,0,0,0,0,22.900000000000002,95.43,0,3
2024,4,22,0,0,0,0,0,22.900000000000002,96.43,0,3
2024,4,22,1,0,0,0,0,22.900000000000002,97.39,0,3
2024,4,22,2,0,0,0,0,23,98,0,1
2024,4,22,3,0,0,0,0,23.1,98.45,0,1
2024,4,22,4,0,0,0,0,23.200000000000003,98.63,0,1
2024,4,22,5,0,0,0,0,23.3,98.73,0,1
2024,4,22,6,0,11,58,12,23.900000000000002,97.24000000000001,0,1
2024,4,22,7,0,84,2,84,25.1,93.21000000000001,0,3
2024,4,22,8,0,75,738,416,26.400000000000002,86.27,0,1
2024,4,22,9,0,121,744,596,27.8,76.35000000000001,0,1
2024,4,22,10,0,133,796,742,28.6,72.46000000000001,0,1
2024,4,22,11,0,141,815,822,29.200000000000003,69.85000000000001,0,1
2024,4,22,12,0,389,24,409,29.200000000000003,70.21000000000001,0,3
2024,4,22,13,0,251,1,251,28.900000000000002,72.16,0,3
2024,4,22,14,0,243,2,244,28.5,74.48,0,3
2024,4,22,15,0,100,0,100,27.900000000000002,77.63,0,3
2024,4,22,16,0,107,2,107,27.1,82.42,0,3
2024,4,22,17,0,14,0,14,26,89.82000000000001,0,3
2024,4,22,18,0,0,0,0,25.3,94.63,0,1
2024,4,22,19,0,0,0,0,24.900000000000002,97.45,0,1
2024,4,22,20,0,0,0,0,24.700000000000003,98.61,0,0
2024,4,22,21,0,0,0,0,24.5,99.4,0,0
2024,4,22,22,0,0,0,0,24.3,100,0,0
2024,4,22,23,0,0,0,0,24.1,100,0,0
2024,4,23,0,0,0,0,0,23.900000000000002,100,0,0
2024,4,23,1,0,0,0,0,23.700000000000003,100,0,0
2024,4,23,2,0,0,0,0,23.700000000000003,100,0,0
2024,4,23,3,0,0,0,0,23.8,99.85000000000001,0,0
2024,4,23,4,0,0,0,0,23.900000000000002,98.52,0,0
2024,4,23,5,0,0,0,0,24.1,97.06,0,0
2024,4,23,6,0,11,47,12,24.400000000000002,95.59,0,1
2024,4,23,7,0,57,537,191,25.3,94.62,0,1
2024,4,23,8,0,78,730,413,26.700000000000003,85.44,0,0
2024,4,23,9,0,90,818,610,28.400000000000002,73.79,0,1
2024,4,23,10,0,99,861,756,29.400000000000002,69.22,0,1
2024,4,23,11,0,105,879,838,30.1,65.97,0,1
2024,4,23,12,0,108,878,847,30.400000000000002,64.27,0,1
2024,4,23,13,0,108,857,783,30.3,64.02,0,1
2024,4,23,14,0,104,811,652,30,64.93,0,1
2024,4,23,15,0,163,1,163,29.3,67.68,0,3
2024,4,23,16,0,66,602,253,28.400000000000002,72.39,0,0
2024,4,23,17,0,27,229,46,27,79.48,0,1
2024,4,23,18,0,0,0,0,26.200000000000003,83.92,0,0
2024,4,23,19,0,0,0,0,25.700000000000003,87.14,0,0
2024,4,23,20,0,0,0,0,25.3,89.60000000000001,0,0
2024,4,23,21,0,0,0,0,24.900000000000002,91.82000000000001,0,0
2024,4,23,22,0,0,0,0,24.6,93.42,0,0
2024,4,23,23,0,0,0,0,24.3,94.88,0,0
2024,4,24,0,0,0,0,0,24.1,95.56,0,0
2024,4,24,1,0,0,0,0,23.8,96.9,0,0
2024,4,24,2,0,0,0,0,23.5,98.43,0,0
2024,4,24,3,0,0,0,0,23.3,99.38,0,0
2024,4,24,4,0,0,0,0,23,100,0,0
2024,4,24,5,0,0,0,0,22.8,100,0,0
2024,4,24,6,0,6,0,6,23.400000000000002,99.08,0,3
2024,4,24,7,0,56,549,192,25.3,88.19,0,0
2024,4,24,8,0,78,735,414,27.3,76.86,0,0
2024,4,24,9,0,84,835,613,28.8,69.91,0,0
2024,4,24,10,0,91,879,759,30,64.75,0,0
2024,4,24,11,0,96,897,840,30.900000000000002,61,0,0
2024,4,24,12,0,96,898,849,31.6,58.19,0,0
2024,4,24,13,0,95,881,786,31.700000000000003,57.61,0,1
2024,4,24,14,0,91,839,655,31.5,58.4,0,1
2024,4,24,15,0,82,759,469,30.8,61.57,0,0
2024,4,24,16,0,64,609,251,29.6,68.06,0,0
2024,4,24,17,0,26,232,45,28,76.49,0,1
2024,4,24,18,0,0,0,0,27.1,81.54,0,0
2024,4,24,19,0,0,0,0,26.5,85.46000000000001,0,0
2024,4,24,20,0,0,0,0,26,88.75,0,0
2024,4,24,21,0,0,0,0,25.6,91.34,0,0
2024,4,24,22,0,0,0,0,25.3,93.44,0,0
2024,4,24,23,0,0,0,0,25,95.36,0,0
2024,4,25,0,0,0,0,0,24.6,97.96000000000001,0,0
2024,4,25,1,0,0,0,0,24.3,99.84,0,0
2024,4,25,2,0,0,0,0,24,100,0,0
2024,4,25,3,0,0,0,0,23.900000000000002,100,0,0
2024,4,25,4,0,0,0,0,23.8,100,0,0
2024,4,25,5,0,0,0,0,23.700000000000003,100,0,3
2024,4,25,6,0,0,0,0,24.200000000000003,99.39,0,1
2024,4,25,7,0,123,114,151,26,89.76,0,3
2024,4,25,8,0,83,711,407,27.900000000000002,77.14,0,1
2024,4,25,9,0,185,573,546,29.3,69.55,0,8
2024,4,25,10,0,117,828,744,30.3,64.92,0,0
2024,4,25,11,0,294,444,662,30.8,62.34,0,7
2024,4,25,12,0,311,433,673,31,61.230000000000004,0,7
2024,4,25,13,0,269,494,655,30.8,61.72,0,7
2024,4,25,14,0,271,357,511,30.3,63.4,0,8
2024,4,25,15,0,268,164,351,29.400000000000002,66.9,0,2
2024,4,25,16,0,71,578,246,28.3,72.14,0,0
2024,4,25,17,0,28,187,42,26.900000000000002,80.36,0,0
2024,4,25,18,0,0,0,0,26,86.96000000000001,0,0
2024,4,25,19,0,0,0,0,25.400000000000002,91.66,0,0
2024,4,25,20,0,0,0,0,25,94.85000000000001,0,0
2024,4,25,21,0,0,0,0,24.6,97.59,0,0
2024,4,25,22,0,0,0,0,24.400000000000002,98.91,0,0
2024,4,25,23,0,0,0,0,24.3,99.51,0,0
2024,4,26,0,0,0,0,0,24.200000000000003,99.79,0,0
2024,4,26,1,0,0,0,0,24,100,0,0
2024,4,26,2,0,0,0,0,23.900000000000002,100,0,0
2024,4,26,3,0,0,0,0,23.900000000000002,100,0,0
2024,4,26,4,0,0,0,0,23.900000000000002,100,0,0
2024,4,26,5,0,0,0,0,23.8,100,0,0
2024,4,26,6,0,0,0,0,24.3,98.89,0,1
2024,4,26,7,0,64,487,182,25.5,94.3,0,1
2024,4,26,8,0,90,683,400,26.900000000000002,84.77,0,1
2024,4,26,9,0,132,715,581,28.400000000000002,74.47,0,1
2024,4,26,10,0,297,3,300,29.200000000000003,70.17,0,3
2024,4,26,11,0,381,415,723,29.700000000000003,67.72,0,3
2024,4,26,12,0,330,3,332,29.8,66.83,0,3
2024,4,26,13,0,367,40,398,29.400000000000002,68.2,0,3
2024,4,26,14,0,29,0,29,28.8,70.85000000000001,0,3
2024,4,26,15,0,19,0,19,27.900000000000002,75.37,0,3
2024,4,26,16,0,135,8,137,26.700000000000003,82.59,0,3
2024,4,26,17,0,22,0,22,25.5,90.83,0,3
2024,4,26,18,0,0,0,0,24.900000000000002,94.65,0,3
2024,4,26,19,0,0,0,0,24.6,96.04,0,3
2024,4,26,20,0,0,0,0,24.400000000000002,96.44,0,3
2024,4,26,21,0,0,0,0,24.200000000000003,96.31,0,3
2024,4,26,22,0,0,0,0,24.1,95.14,0,3
2024,4,26,23,0,0,0,0,23.900000000000002,94.28,0,1
2024,4,27,0,0,0,0,0,23.700000000000003,93.57000000000001,0,1
2024,4,27,1,0,0,0,0,23.6,91.62,0,0
2024,4,27,2,0,0,0,0,23.5,90.12,0,0
2024,4,27,3,0,0,0,0,23.400000000000002,89.22,0,0
2024,4,27,4,0,0,0,0,23.200000000000003,89.68,0,0
2024,4,27,5,0,0,0,0,23.1,89.53,0,0
2024,4,27,6,0,0,0,0,23.400000000000002,88.74,0,1
2024,4,27,7,0,21,0,21,24.6,82.3,0,3
2024,4,27,8,0,237,40,255,26,72.18,0,3
2024,4,27,9,0,107,787,600,27.1,65.66,0,0
2024,4,27,10,0,301,3,304,28,61.6,0,2
2024,4,27,11,0,117,864,827,28.6,58.92,0,0
2024,4,27,12,0,112,876,839,28.8,58.120000000000005,0,1
2024,4,27,13,0,108,862,776,28.8,58.050000000000004,0,0
2024,4,27,14,0,100,824,647,28.400000000000002,59.31,0,0
2024,4,27,15,0,88,746,461,27.700000000000003,61.9,0,1
2024,4,27,16,0,68,588,243,26.700000000000003,66.45,0,0
2024,4,27,17,0,26,196,40,25.400000000000002,73.91,0,1
2024,4,27,18,0,0,0,0,24.6,79.17,0,0
2024,4,27,19,0,0,0,0,24,82.67,0,0
2024,4,27,20,0,0,0,0,23.5,85.56,0,0
2024,4,27,21,0,0,0,0,23,87.97,0,0
2024,4,27,22,0,0,0,0,22.700000000000003,89.27,0,0
2024,4,27,23,0,0,0,0,22.400000000000002,90.58,0,0
2024,4,28,0,0,0,0,0,22.200000000000003,91.48,0,0
2024,4,28,1,0,0,0,0,22.1,91.71000000000001,0,0
2024,4,28,2,0,0,0,0,22.1,91.51,0,0
2024,4,28,3,0,0,0,0,22,92.08,0,0
2024,4,28,4,0,0,0,0,21.700000000000003,94.10000000000001,0,0
2024,4,28,5,0,0,0,0,21.200000000000003,97.25,0,0
2024,4,28,6,0,0,0,0,21.400000000000002,96.33,0,1
2024,4,28,7,0,52,576,191,23.5,85.56,0,0
2024,4,28,8,0,73,755,412,26.1,71.65,0,0
2024,4,28,9,0,86,834,606,28,62.93,0,0
2024,4,28,10,0,93,879,752,29.3,58.96,0,0
2024,4,28,11,0,96,898,832,30.3,56.69,0,0
2024,4,28,12,0,96,902,841,31,54.27,0,0
2024,4,28,13,0,93,884,776,31.3,53.51,0,0
2024,4,28,14,0,87,847,646,31.200000000000003,54.24,0,0
2024,4,28,15,0,78,771,461,30.6,56.800000000000004,0,0
2024,4,28,16,0,60,618,243,29.400000000000002,62.38,0,0
2024,4,28,17,0,24,221,39,27.6,70.35000000000001,0,1
2024,4,28,18,0,0,0,0,26.6,75.96000000000001,0,0
2024,4,28,19,0,0,0,0,25.900000000000002,81.01,0,0
2024,4,28,20,0,0,0,0,25.400000000000002,85.03,0,0
2024,4,28,21,0,0,0,0,25,88.18,0,0
2024,4,28,22,0,0,0,0,24.6,91.17,0,0
2024,4,28,23,0,0,0,0,24.3,93.48,0,0
2024,4,29,0,0,0,0,0,24,95.79,0,0
2024,4,29,1,0,0,0,0,23.6,98.73,0,0
2024,4,29,2,0,0,0,0,23.3,100,0,0
2024,4,29,3,0,0,0,0,23.200000000000003,100,0,0
2024,4,29,4,0,0,0,0,23.200000000000003,100,0,0
2024,4,29,5,0,0,0,0,23.1,100,0,1
2024,4,29,6,0,0,0,0,23.6,100,0,1
2024,4,29,7,0,59,505,180,25.5,90.51,0,1
2024,4,29,8,0,81,708,398,27.6,79.17,0,1
2024,4,29,9,0,85,822,596,29.400000000000002,69.64,0,0
2024,4,29,10,0,90,871,740,30.900000000000002,61.32,0,0
2024,4,29,11,0,94,890,820,31.6,58.730000000000004,0,0
2024,4,29,12,0,94,894,830,31.900000000000002,57.870000000000005,0,0
2024,4,29,13,0,94,876,767,31.8,58.31,0,0
2024,4,29,14,0,89,834,637,31.400000000000002,59.81,0,0
2024,4,29,15,0,78,762,455,30.6,63.02,0,0
2024,4,29,16,0,60,612,239,29.400000000000002,68.56,0,0
2024,4,29,17,0,23,223,37,27.900000000000002,76.39,0,1
2024,4,29,18,0,0,0,0,26.900000000000002,82.19,0,0
2024,4,29,19,0,0,0,0,26.200000000000003,87.03,0,0
2024,4,29,20,0,0,0,0,25.6,91.31,0,0
2024,4,29,21,0,0,0,0,25.200000000000003,94.11,0,0
2024,4,29,22,0,0,0,0,24.900000000000002,95.96000000000001,0,0
2024,4,29,23,0,0,0,0,24.700000000000003,96.91,0,0
2024,4,30,0,0,0,0,0,24.5,97.38,0,0
2024,4,30,1,0,0,0,0,24.3,97.64,0,1
2024,4,30,2,0,0,0,0,24.1,98.01,0,0
2024,4,30,3,0,0,0,0,23.900000000000002,98.33,0,0
2024,4,30,4,0,0,0,0,23.8,97.97,0,1
2024,4,30,5,0,0,0,0,23.700000000000003,97.7,0,1
2024,4,30,6,0,0,0,0,24.1,95.79,0,0
2024,4,30,7,0,51,570,186,25.6,88.55,0,0
2024,4,30,8,0,73,749,407,27.1,77.38,0,1
2024,4,30,9,0,81,843,603,28.700000000000003,66.6,0,1
2024,4,30,10,0,90,880,745,29.700000000000003,62.56,0,0
2024,4,30,11,0,96,897,825,30.3,59.910000000000004,0,0
2024,4,30,12,0,419,124,521,30.6,58.050000000000004,0,3
2024,4,30,13,0,98,875,769,30.5,57.81,0,1
2024,4,30,14,0,92,837,639,30.200000000000003,58.39,0,1
2024,4,30,15,0,80,763,455,29.5,60.11,0,1
2024,4,30,16,0,62,611,238,28.5,63.46,0,0
2024,4,30,17,0,23,218,37,27.1,70.13,0,1
2024,4,30,18,0,0,0,0,26.1,75.63,0,0
2024,4,30,19,0,0,0,0,25.400000000000002,79.73,0,0
2024,4,30,20,0,0,0,0,24.8,82.99,0,1
2024,4,30,21,0,0,0,0,24.3,85.55,0,1
2024,4,30,22,0,0,0,0,23.900000000000002,87.35000000000001,0,0
2024,4,30,23,0,0,0,0,23.6,88.77,0,0
2024,5,1,0,0,0,0,0,23.200000000000003,90.73,0,1
2024,5,1,1,0,0,0,0,23,91.76,0,0
2024,5,1,2,0,0,0,0,23.1,91.27,0,0
2024,5,1,3,0,0,0,0,23.200000000000003,90.75,0,0
2024,5,1,4,0,0,0,0,23.1,91.47,0,0
2024,5,1,5,0,0,0,0,22.6,94.74,0,1
2024,5,1,6,0,0,0,0,22.3,96.67,0,1
2024,5,1,7,0,51,585,188,24.200000000000003,87.63,0,0
2024,5,1,8,0,71,765,410,26.8,72.42,0,0
2024,5,1,9,0,84,844,604,28.5,64.36,0,1
2024,5,1,10,0,91,887,749,29.8,59.76,0,0
2024,5,1,11,0,95,904,828,30.700000000000003,56.63,0,0
2024,5,1,12,0,97,905,836,31.200000000000003,54.46,0,1
2024,5,1,13,0,96,886,772,31.3,54.14,0,1
2024,5,1,14,0,286,15,296,30.900000000000002,55.82,0,2
2024,5,1,15,0,212,21,222,30.1,59.04,0,3
2024,5,1,16,0,63,605,236,28.900000000000002,64.22,0,1
2024,5,1,17,0,23,197,35,27.3,72.91,0,1
2024,5,1,18,0,0,0,0,26.3,79.60000000000001,0,0
2024,5,1,19,0,0,0,0,25.6,84.35000000000001,0,0
2024,5,1,20,0,0,0,0,25.1,87.79,0,0
2024,5,1,21,0,0,0,0,24.700000000000003,90.34,0,0
2024,5,1,22,0,0,0,0,24.3,92.73,0,0
2024,5,1,23,0,0,0,0,23.900000000000002,95.04,0,0
2024,5,2,0,0,0,0,0,23.5,97.37,0,0
2024,5,2,1,0,0,0,0,23.200000000000003,99.11,0,0
2024,5,2,2,0,0,0,0,22.900000000000002,100,0,0
2024,5,2,3,0,0,0,0,22.6,100,0,0
2024,5,2,4,0,0,0,0,22.400000000000002,100,0,0
2024,5,2,5,0,0,0,0,22.400000000000002,100,0,0
2024,5,2,6,0,0,0,0,23.1,99.67,0,1
2024,5,2,7,0,52,567,184,24.900000000000002,87.92,0,0
2024,5,2,8,0,72,755,405,26.900000000000002,74.91,0,0
2024,5,2,9,0,82,846,601,28.5,65.92,0,0
2024,5,2,10,0,89,889,745,29.900000000000002,60.25,0,0
2024,5,2,11,0,92,911,827,30.900000000000002,56.26,0,0
2024,5,2,12,0,94,910,835,31.6,53.27,0,1
2024,5,2,13,0,404,129,501,31.700000000000003,53.050000000000004,0,2
2024,5,2,14,0,87,851,638,31.400000000000002,54.56,0,1
2024,5,2,15,0,77,777,454,30.700000000000003,57.910000000000004,0,0
2024,5,2,16,0,59,618,235,29.6,63.63,0,1
2024,5,2,17,0,21,208,34,27.900000000000002,72.81,0,0
2024,5,2,18,0,0,0,0,26.900000000000002,79.51,0,0
2024,5,2,19,0,0,0,0,26.200000000000003,84.75,0,0
2024,5,2,20,0,0,0,0,25.6,88.82000000000001,0,0
2024,5,2,21,0,0,0,0,25.200000000000003,91.47,0,0
2024,5,2,22,0,0,0,0,24.8,93.89,0,0
2024,5,2,23,0,0,0,0,24.400000000000002,96.22,0,0
2024,5,3,0,0,0,0,0,24.1,97.92,0,0
2024,5,3,1,0,0,0,0,23.8,99.62,0,0
2024,5,3,2,0,0,0,0,23.5,100,0,0
2024,5,3,3,0,0,0,0,23.400000000000002,100,0,0
2024,5,3,4,0,0,0,0,23.200000000000003,100,0,0
2024,5,3,5,0,0,0,0,23.1,100,0,0
2024,5,3,6,0,0,0,0,23.6,99.61,0,1
2024,5,3,7,0,52,563,182,25.400000000000002,88.7,0,0
2024,5,3,8,0,71,754,402,27.400000000000002,76.46000000000001,0,0
2024,5,3,9,0,81,844,597,29.1,67.57000000000001,0,0
2024,5,3,10,0,89,887,742,30.5,61.31,0,0
2024,5,3,11,0,93,905,821,31.700000000000003,54.81,0,0
2024,5,3,12,0,95,907,831,32.5,50.800000000000004,0,0
2024,5,3,13,0,93,889,766,32.6,50.13,0,0
2024,5,3,14,0,88,849,635,32.300000000000004,51.51,0,0
2024,5,3,15,0,77,775,451,31.5,55.04,0,0
2024,5,3,16,0,59,619,233,30.1,62.28,0,0
2024,5,3,17,0,21,207,33,28.200000000000003,73.27,0,0
2024,5,3,18,0,0,0,0,27.1,81.3,0,0
2024,5,3,19,0,0,0,0,26.3,87.87,0,0
2024,5,3,20,0,0,0,0,25.8,92.03,0,0
2024,5,3,21,0,0,0,0,25.400000000000002,94.84,0,0
2024,5,3,22,0,0,0,0,25,97.2,0,0
2024,5,3,23,0,0,0,0,24.8,97.94,0,0
2024,5,4,0,0,0,0,0,24.5,99.11,0,3
2024,5,4,1,0,0,0,0,24.200000000000003,100,0,3
2024,5,4,2,0,0,0,0,24.1,99.89,0,0
2024,5,4,3,0,0,0,0,24,99.42,0,0
2024,5,4,4,0,0,0,0,24,98.36,0,0
2024,5,4,5,0,0,0,0,24,97.37,0,0
2024,5,4,6,0,0,0,0,24.3,95.48,0,1
2024,5,4,7,0,55,544,180,25.900000000000002,84.69,0,1
2024,5,4,8,0,75,741,400,27.6,71.68,0,0
2024,5,4,9,0,88,831,594,28.900000000000002,63.95,0,1
2024,5,4,10,0,93,880,738,29.8,60.17,0,0
2024,5,4,11,0,97,900,818,30.400000000000002,58.46,0,1
2024,5,4,12,0,97,900,825,30.6,58.14,0,0
2024,5,4,13,0,97,878,758,30.6,58.27,0,1
2024,5,4,14,0,92,832,626,30.200000000000003,59.79,0,0
2024,5,4,15,0,81,753,443,29.5,62.57,0,0
2024,5,4,16,0,62,590,227,28.400000000000002,67.74,0,0
2024,5,4,17,0,21,174,31,27.200000000000003,74.52,0,0
2024,5,4,18,0,0,0,0,26.5,79.7,0,0
2024,5,4,19,0,0,0,0,26,83.76,0,0
2024,5,4,20,0,0,0,0,25.5,87.60000000000001,0,0
2024,5,4,21,0,0,0,0,25.200000000000003,90.05,0,0
2024,5,4,22,0,0,0,0,25,91.85000000000001,0,0
2024,5,4,23,0,0,0,0,24.900000000000002,93.06,0,1
2024,5,5,0,0,0,0,0,24.700000000000003,94.74,0,1
2024,5,5,1,0,0,0,0,24.5,95.86,0,3
2024,5,5,2,0,0,0,0,24.3,96.55,0,3
2024,5,5,3,0,0,0,0,24.1,97.24000000000001,0,3
2024,5,5,4,0,0,0,0,24,97.23,0,1
2024,5,5,5,0,0,0,0,23.8,97.95,0,0
2024,5,5,6,0,0,0,0,24.200000000000003,96.96000000000001,0,0
2024,5,5,7,0,48,578,180,25.400000000000002,92.72,0,0
2024,5,5,8,0,66,761,398,27,80.44,0,0
2024,5,5,9,0,92,810,583,28.5,69.93,0,0
2024,5,5,10,0,99,856,725,29.3,66.32000000000001,0,1
2024,5,5,11,0,104,874,802,29.900000000000002,64.01,0,0
2024,5,5,12,0,108,871,809,30.1,63.25,0,1
2024,5,5,13,0,388,105,467,30.1,63.230000000000004,0,3
2024,5,5,14,0,98,808,615,29.8,64.24,0,1
2024,5,5,15,0,83,735,434,29.1,67.56,0,1
2024,5,5,16,0,55,0,55,27.900000000000002,74.71000000000001,0,3
2024,5,5,17,0,21,138,28,26.6,84.14,0,1
2024,5,5,18,0,0,0,0,25.900000000000002,90.19,0,3
2024,5,5,19,0,0,0,0,25.5,93.76,0,3
2024,5,5,20,0,0,0,0,25.3,95.66,0,1
2024,5,5,21,0,0,0,0,25.200000000000003,96.5,0,3
2024,5,5,22,0,0,0,0,25.1,97.09,0,3
2024,5,5,23,0,0,0,0,25,97.34,0,3
2024,5,6,0,0,0,0,0,24.900000000000002,97.57000000000001,0,1
2024,5,6,1,0,0,0,0,24.8,97.97,0,1
2024,5,6,2,0,0,0,0,24.8,97.63,0,3
2024,5,6,3,0,0,0,0,24.700000000000003,97.83,0,3
2024,5,6,4,0,0,0,0,24.700000000000003,97.32000000000001,0,3
2024,5,6,5,0,0,0,0,24.700000000000003,96.32000000000001,0,3
2024,5,6,6,0,0,0,0,24.900000000000002,94.75,0,3
2024,5,6,7,0,63,458,166,25.8,90.01,0,1
2024,5,6,8,0,235,95,276,27.1,80.26,0,3
2024,5,6,9,0,98,791,576,28.5,69.35000000000001,0,1
2024,5,6,10,0,108,839,719,29.400000000000002,63.86,0,0
2024,5,6,11,0,114,862,799,30,60.92,0,1
2024,5,6,12,0,115,864,808,30.200000000000003,59.480000000000004,0,0
2024,5,6,13,0,114,844,745,30.200000000000003,58.77,0,1
2024,5,6,14,0,106,802,617,29.900000000000002,59.02,0,0
2024,5,6,15,0,104,683,428,29.200000000000003,60.83,0,0
2024,5,6,16,0,75,511,216,28.3,64.61,0,0
2024,5,6,17,0,21,103,27,27.1,71.52,0,1
2024,5,6,18,0,0,0,0,26.5,75.98,0,1
2024,5,6,19,0,0,0,0,26.1,79.19,0,0
2024,5,6,20,0,0,0,0,25.700000000000003,82.3,0,0
2024,5,6,21,0,0,0,0,25.3,85.34,0,0
2024,5,6,22,0,0,0,0,25,87.64,0,0
2024,5,6,23,0,0,0,0,24.6,90.35000000000001,0,0
2024,5,7,0,0,0,0,0,24.3,92.60000000000001,0,0
2024,5,7,1,0,0,0,0,24.200000000000003,93.69,0,0
2024,5,7,2,0,0,0,0,24,95.45,0,0
2024,5,7,3,0,0,0,0,23.900000000000002,96.8,0,1
2024,5,7,4,0,0,0,0,24,96.86,0,1
2024,5,7,5,0,0,0,0,24.1,96.88,0,1
2024,5,7,6,0,0,0,0,24.6,95.14,0,1
2024,5,7,7,0,58,0,58,26.1,87.58,0,3
2024,5,7,8,0,79,701,382,27.8,75.94,0,1
2024,5,7,9,0,249,8,254,29.200000000000003,67.96000000000001,0,3
2024,5,7,10,0,313,10,320,30,63.940000000000005,0,3
2024,5,7,11,0,108,858,788,30.5,61.71,0,1
2024,5,7,12,0,391,70,447,30.8,60.7,0,3
2024,5,7,13,0,400,154,514,30.8,60.38,0,2
2024,5,7,14,0,330,84,384,30.400000000000002,61.980000000000004,0,3
2024,5,7,15,0,218,25,230,29.700000000000003,65.03,0,3
2024,5,7,16,0,62,560,215,28.8,69.06,0,0
2024,5,7,17,0,19,142,26,27.6,75.44,0,1
2024,5,7,18,0,0,0,0,26.700000000000003,81,0,3
2024,5,7,19,0,0,0,0,26.200000000000003,84.67,0,1
2024,5,7,20,0,0,0,0,25.700000000000003,87.97,0,3
2024,5,7,21,0,0,0,0,25.3,90.62,0,3
2024,5,7,22,0,0,0,0,24.900000000000002,93.31,0,3
2024,5,7,23,0,0,0,0,24.700000000000003,94.81,0,1
2024,5,8,0,0,0,0,0,24.400000000000002,96.60000000000001,0,0
2024,5,8,1,0,0,0,0,24.3,97.13,0,0
2024,5,8,2,0,0,0,0,24.200000000000003,97.59,0,0
2024,5,8,3,0,0,0,0,24,98.55,0,0
2024,5,8,4,0,0,0,0,24,98.5,0,0
2024,5,8,5,0,0,0,0,24,98.51,0,0
2024,5,8,6,0,0,0,0,24.400000000000002,97.08,0,1
2024,5,8,7,0,53,518,169,25.900000000000002,90.21000000000001,0,0
2024,5,8,8,0,76,715,383,27.400000000000002,79.77,0,0
2024,5,8,9,0,90,802,571,29,69.64,0,1
2024,5,8,10,0,344,51,380,29.900000000000002,65.45,0,3
2024,5,8,11,0,356,17,369,30.400000000000002,63.45,0,3
2024,5,8,12,0,402,111,491,30.6,62.89,0,3
2024,5,8,13,0,101,846,729,30.5,63.54,0,1
2024,5,8,14,0,93,806,602,30.1,65.06,0,1
2024,5,8,15,0,80,729,422,29.400000000000002,67.8,0,1
2024,5,8,16,0,60,564,212,28.5,71.7,0,0
2024,5,8,17,0,19,137,25,27.3,78.03,0,3
2024,5,8,18,0,0,0,0,26.5,83.43,0,3
2024,5,8,19,0,0,0,0,26,86.92,0,3
2024,5,8,20,0,0,0,0,25.6,89.64,0,3
2024,5,8,21,0,0,0,0,25.200000000000003,91.86,0,0
2024,5,8,22,0,0,0,0,24.900000000000002,93.49,0,0
2024,5,8,23,0,0,0,0,24.6,95.17,0,1
2024,5,9,0,0,0,0,0,24.3,96.86,0,0
2024,5,9,1,0,0,0,0,24.200000000000003,97.56,0,0
2024,5,9,2,0,0,0,0,24,98.79,0,0
2024,5,9,3,0,0,0,0,23.900000000000002,99.49000000000001,0,0
2024,5,9,4,0,0,0,0,24,98.97,0,0
2024,5,9,5,0,0,0,0,24.200000000000003,97.78,0,0
2024,5,9,6,0,0,0,0,24.5,96.2,0,1
2024,5,9,7,0,45,563,170,25.900000000000002,89.04,0,1
2024,5,9,8,0,201,27,212,27.700000000000003,77,0,3
2024,5,9,9,0,84,808,567,29,70.58,0,1
2024,5,9,10,0,92,854,708,29.700000000000003,68.13,0,1
2024,5,9,11,0,414,145,529,30.200000000000003,66.28,0,2
2024,5,9,12,0,283,1,284,30.5,64.79,0,3
2024,5,9,13,0,96,856,729,30.5,64.46000000000001,0,1
2024,5,9,14,0,120,0,120,30.200000000000003,65.29,0,3
2024,5,9,15,0,78,737,422,29.6,67.63,0,1
2024,5,9,16,0,136,27,143,28.700000000000003,71.77,0,3
2024,5,9,17,0,18,138,24,27.400000000000002,78.95,0,1
2024,5,9,18,0,0,0,0,26.6,84.11,0,1
2024,5,9,19,0,0,0,0,26.1,87.99,0,0
2024,5,9,20,0,0,0,0,25.6,91.95,0,1
2024,5,9,21,0,0,0,0,25.200000000000003,95.26,0,3
2024,5,9,22,0,0,0,0,24.900000000000002,97.66,0,1
2024,5,9,23,0,0,0,0,24.700000000000003,99.02,0,3
2024,5,10,0,0,0,0,0,24.5,99.85000000000001,0,3
2024,5,10,1,0,0,0,0,24.400000000000002,99.91,0,0
2024,5,10,2,0,0,0,0,24.400000000000002,99.25,0,3
2024,5,10,3,0,0,0,0,24.3,98.91,0,3
2024,5,10,4,0,0,0,0,24.3,98.13,0,3
2024,5,10,5,0,0,0,0,24.3,97.46000000000001,0,3
2024,5,10,6,0,0,0,0,24.700000000000003,96.3,0,3
2024,5,10,7,0,107,23,112,25.900000000000002,94.96000000000001,0,3
2024,5,10,8,0,70,719,376,27,86.39,0,0
2024,5,10,9,0,83,806,563,28.8,72.8,0,0
2024,5,10,10,0,91,851,701,29.900000000000002,67.95,0,1
2024,5,10,11,0,413,160,538,30.6,64.52,0,3
2024,5,10,12,0,416,154,538,30.8,62.620000000000005,0,3
2024,5,10,13,0,348,80,407,30.8,61.550000000000004,0,3
2024,5,10,14,0,295,54,328,30.3,62.65,0,3
2024,5,10,15,0,224,32,238,29.6,64.61,0,3
2024,5,10,16,0,131,20,136,28.8,67.32000000000001,0,2
2024,5,10,17,0,17,0,17,27.6,73.03,0,3
2024,5,10,18,0,0,0,0,26.8,77.38,0,7
2024,5,10,19,0,0,0,0,26.400000000000002,79.93,0,3
2024,5,10,20,0,0,0,0,25.900000000000002,82.95,0,3
2024,5,10,21,0,0,0,0,25.5,85.53,0,3
2024,5,10,22,0,0,0,0,25.200000000000003,87.51,0,1
2024,5,10,23,0,0,0,0,24.900000000000002,89.51,0,0
2024,5,11,0,0,0,0,0,24.6,91.26,0,0
2024,5,11,1,0,0,0,0,24.400000000000002,92.29,0,0
2024,5,11,2,0,0,0,0,24.3,92.76,0,0
2024,5,11,3,0,0,0,0,24.1,93.8,0,0
2024,5,11,4,0,0,0,0,23.900000000000002,95.01,0,0
2024,5,11,5,0,0,0,0,23.8,95.65,0,0
2024,5,11,6,0,0,0,0,24,95.57000000000001,0,1
2024,5,11,7,0,48,532,164,25.6,86.3,0,0
2024,5,11,8,0,174,14,180,27.6,72.33,0,3
2024,5,11,9,0,83,803,559,29,65.54,0,1
2024,5,11,10,0,91,847,697,30.200000000000003,61.54,0,1
2024,5,11,11,0,96,867,775,31,59.46,0,0
2024,5,11,12,0,100,863,781,31.5,57.47,0,0
2024,5,11,13,0,98,844,718,31.700000000000003,56.47,0,0
2024,5,11,14,0,91,804,592,31.5,56.910000000000004,0,0
2024,5,11,15,0,78,726,414,30.900000000000002,58.93,0,1
2024,5,11,16,0,58,559,206,29.900000000000002,63.32,0,0
2024,5,11,17,0,16,1,16,28.5,68.9,0,7
2024,5,11,18,0,0,0,0,27.6,72.56,0,0
2024,5,11,19,0,0,0,0,26.900000000000002,76.17,0,0
2024,5,11,20,0,0,0,0,26.3,79.29,0,0
2024,5,11,21,0,0,0,0,25.900000000000002,81.29,0,0
2024,5,11,22,0,0,0,0,25.400000000000002,83.86,0,0
2024,5,11,23,0,0,0,0,25.1,85.45,0,0
2024,5,12,0,0,0,0,0,24.8,87.18,0,0
2024,5,12,1,0,0,0,0,24.400000000000002,89.57000000000001,0,0
2024,5,12,2,0,0,0,0,24,92.27,0,0
2024,5,12,3,0,0,0,0,23.700000000000003,94.37,0,0
2024,5,12,4,0,0,0,0,23.400000000000002,96.4,0,0
2024,5,12,5,0,0,0,0,23.200000000000003,97.71000000000001,0,0
2024,5,12,6,0,0,0,0,23.400000000000002,96.26,0,0
2024,5,12,7,0,50,520,162,25,85.83,0,0
2024,5,12,8,0,72,717,373,27,73.43,0,0
2024,5,12,9,0,84,809,561,28.900000000000002,64.28,0,0
2024,5,12,10,0,92,854,700,30.400000000000002,59.17,0,0
2024,5,12,11,0,96,874,777,31.700000000000003,53.94,0,0
2024,5,12,12,0,154,762,753,32.5,50.6,0,7
2024,5,12,13,0,93,862,723,32.6,50.44,0,1
2024,5,12,14,0,86,822,596,32.300000000000004,51.84,0,1
2024,5,12,15,0,77,737,416,31.6,54.49,0,0
2024,5,12,16,0,58,569,207,30.3,60.42,0,0
2024,5,12,17,0,16,136,22,28.5,68.86,0,1
2024,5,12,18,0,0,0,0,27.400000000000002,74.63,0,0
2024,5,12,19,0,0,0,0,26.700000000000003,79.07000000000001,0,0
2024,5,12,20,0,0,0,0,26.200000000000003,82.31,0,0
2024,5,12,21,0,0,0,0,25.700000000000003,85.44,0,0
2024,5,12,22,0,0,0,0,25.400000000000002,87.37,0,0
2024,5,12,23,0,0,0,0,25,89.77,0,0
2024,5,13,0,0,0,0,0,24.700000000000003,91.60000000000001,0,0
2024,5,13,1,0,0,0,0,24.3,94.10000000000001,0,0
2024,5,13,2,0,0,0,0,24,95.93,0,0
2024,5,13,3,0,0,0,0,23.700000000000003,97.79,0,0
2024,5,13,4,0,0,0,0,23.400000000000002,99.33,0,0
2024,5,13,5,0,0,0,0,23.200000000000003,100,0,1
2024,5,13,6,0,0,0,0,23.400000000000002,98.11,0,1
2024,5,13,7,0,50,525,162,24.900000000000002,87.83,0,0
2024,5,13,8,0,70,726,374,26.900000000000002,74.82000000000001,0,0
2024,5,13,9,0,82,817,563,28.8,65.16,0,0
2024,5,13,10,0,90,863,703,30.5,58.300000000000004,0,0
2024,5,13,11,0,93,883,779,32,52.02,0,0
2024,5,13,12,0,93,886,787,33,47.63,0,0
2024,5,13,13,0,90,870,724,33.6,45.56,0,0
2024,5,13,14,0,84,827,596,33.5,46.12,0,0
2024,5,13,15,0,76,740,415,32.800000000000004,49.050000000000004,0,1
2024,5,13,16,0,57,571,205,31.400000000000002,56.51,0,0
2024,5,13,17,0,16,137,21,29.3,66.2,0,1
2024,5,13,18,0,0,0,0,28,73.19,0,0
2024,5,13,19,0,0,0,0,27.200000000000003,79.11,0,0
2024,5,13,20,0,0,0,0,26.6,83.53,0,0
2024,5,13,21,0,0,0,0,26.1,87.25,0,0
2024,5,13,22,0,0,0,0,25.6,90.83,0,0
2024,5,13,23,0,0,0,0,25.200000000000003,93.78,0,0
2024,5,14,0,0,0,0,0,24.8,96.59,0,0
2024,5,14,1,0,0,0,0,24.3,99.37,0,0
2024,5,14,2,0,0,0,0,23.900000000000002,100,0,0
2024,5,14,3,0,0,0,0,23.6,100,0,0
2024,5,14,4,0,0,0,0,23.400000000000002,100,0,0
2024,5,14,5,0,0,0,0,23.3,99.19,0,0
2024,5,14,6,0,0,0,0,23.400000000000002,95.76,0,1
2024,5,14,7,0,49,538,163,24.900000000000002,84.01,0,1
2024,5,14,8,0,70,741,378,27.200000000000003,68.95,0,0
2024,5,14,9,0,81,836,570,29.700000000000003,55.77,0,0
2024,5,14,10,0,87,884,713,32,44.71,0,0
2024,5,14,11,0,91,904,791,33.5,37.94,0,0
2024,5,14,12,0,93,903,798,33.9,36.69,0,0
2024,5,14,13,0,93,878,732,33.6,38.22,0,0
2024,5,14,14,0,90,825,599,32.800000000000004,41.69,0,0
2024,5,14,15,0,78,743,417,31.6,47.09,0,0
2024,5,14,16,0,59,564,205,29.700000000000003,56.660000000000004,0,0
2024,5,14,17,0,15,121,20,27.700000000000003,68.4,0,1
2024,5,14,18,0,0,0,0,26.700000000000003,76.57000000000001,0,2
2024,5,14,19,0,0,0,0,26.1,82.64,0,0
2024,5,14,20,0,0,0,0,25.6,88.16,0,0
2024,5,14,21,0,0,0,0,25.3,92.55,0,0
2024,5,14,22,0,0,0,0,25.200000000000003,95.38,0,0
2024,5,14,23,0,0,0,0,25.400000000000002,95.89,0,0
2024,5,15,0,0,0,0,0,25.400000000000002,96.87,0,0
2024,5,15,1,0,0,0,0,25.3,97.81,0,0
2024,5,15,2,0,0,0,0,25.200000000000003,98.34,0,0
2024,5,15,3,0,0,0,0,25,99.2,0,1
2024,5,15,4,0,0,0,0,24.8,99.86,0,3
2024,5,15,5,0,0,0,0,24.700000000000003,100,0,1
2024,5,15,6,0,0,0,0,25,97.47,0,1
2024,5,15,7,0,62,411,148,26.400000000000002,88.2,0,0
2024,5,15,8,0,89,641,355,28,76.37,0,0
2024,5,15,9,0,118,714,534,29.200000000000003,68.05,0,0
2024,5,15,10,0,130,768,671,29.900000000000002,63.65,0,1
2024,5,15,11,0,137,791,747,30.400000000000002,61.02,0,1
2024,5,15,12,0,143,784,752,30.5,60.230000000000004,0,1
2024,5,15,13,0,143,754,689,30.5,59.980000000000004,0,1
2024,5,15,14,0,133,702,564,30.1,61.42,0,1
2024,5,15,15,0,119,588,386,29.3,64.49,0,1
2024,5,15,16,0,84,391,185,28.200000000000003,69.22,0,0
2024,5,15,17,0,15,26,16,27.1,75.03,0,1
2024,5,15,18,0,0,0,0,26.400000000000002,79.55,0,0
2024,5,15,19,0,0,0,0,26,82.54,0,0
2024,5,15,20,0,0,0,0,25.6,85.45,0,0
2024,5,15,21,0,0,0,0,25.400000000000002,86.9,0,3
2024,5,15,22,0,0,0,0,25.200000000000003,88.10000000000001,0,8
2024,5,15,23,0,0,0,0,25.1,88.83,0,1
2024,5,16,0,0,0,0,0,25,89.49,0,3
2024,5,16,1,0,0,0,0,24.900000000000002,89.95,0,1
2024,5,16,2,0,0,0,0,24.700000000000003,91.19,0,1
2024,5,16,3,0,0,0,0,24.6,92.13,0,0
2024,5,16,4,0,0,0,0,24.5,93,0,0
2024,5,16,5,0,0,0,0,24.400000000000002,93.89,0,1
2024,5,16,6,0,0,0,0,24.700000000000003,92.51,0,1
2024,5,16,7,0,57,440,149,26,84.39,0,1
2024,5,16,8,0,84,658,355,27.5,74.79,0,1
2024,5,16,9,0,110,731,535,28.700000000000003,68.36,0,0
2024,5,16,10,0,115,795,674,29.6,64.13,0,1
2024,5,16,11,0,118,822,750,30.200000000000003,61.46,0,1
2024,5,16,12,0,415,140,524,30.6,59.49,0,2
2024,5,16,13,0,380,213,534,30.5,59.27,0,2
2024,5,16,14,0,326,164,427,30.200000000000003,60.1,0,2
2024,5,16,15,0,87,688,398,29.5,62.910000000000004,0,1
2024,5,16,16,0,61,527,195,28.5,67.49,0,0
2024,5,16,17,0,15,98,19,27.3,73.95,0,1
2024,5,16,18,0,0,0,0,26.6,78.73,0,0
2024,5,16,19,0,0,0,0,26.1,82.66,0,0
2024,5,16,20,0,0,0,0,25.6,86.54,0,0
2024,5,16,21,0,0,0,0,25.1,90.19,0,0
2024,5,16,22,0,0,0,0,24.6,93.72,0,3
2024,5,16,23,0,0,0,0,24.200000000000003,96.68,0,3
2024,5,17,0,0,0,0,0,23.900000000000002,98.87,0,3
2024,5,17,1,0,0,0,0,23.8,99.55,0,3
2024,5,17,2,0,0,0,0,24,98.04,0,3
2024,5,17,3,0,0,0,0,24,97.73,0,3
2024,5,17,4,0,0,0,0,23.8,98.93,0,0
2024,5,17,5,0,0,0,0,23.6,100,0,0
2024,5,17,6,0,0,0,0,23.700000000000003,99.44,0,1
2024,5,17,7,0,47,520,155,25.400000000000002,90.02,0,1
2024,5,17,8,0,67,721,363,27.6,75.83,0,0
2024,5,17,9,0,74,819,548,29.1,67.46000000000001,0,0
2024,5,17,10,0,81,864,686,30.200000000000003,63,0,0
2024,5,17,11,0,85,883,762,31,59.61,0,1
2024,5,17,12,0,87,882,769,31.3,58.01,0,1
2024,5,17,13,0,86,861,706,31.3,57.77,0,1
2024,5,17,14,0,82,819,581,30.8,59.78,0,1
2024,5,17,15,0,136,1,136,30.1,62.78,0,3
2024,5,17,16,0,57,552,197,29.1,67.01,0,1
2024,5,17,17,0,15,110,19,27.700000000000003,74.22,0,1
2024,5,17,18,0,0,0,0,26.8,80.06,0,0
2024,5,17,19,0,0,0,0,26.200000000000003,84.19,0,0
2024,5,17,20,0,0,0,0,25.700000000000003,87.19,0,0
2024,5,17,21,0,0,0,0,25.3,89.28,0,0
2024,5,17,22,0,0,0,0,24.900000000000002,91.18,0,0
2024,5,17,23,0,0,0,0,24.6,92.42,0,1
2024,5,18,0,0,0,0,0,24.200000000000003,94.14,0,0
2024,5,18,1,0,0,0,0,23.900000000000002,95.5,0,1
2024,5,18,2,0,0,0,0,23.5,97.49000000000001,0,0
2024,5,18,3,0,0,0,0,23.1,99.78,0,0
2024,5,18,4,0,0,0,0,22.8,100,0,0
2024,5,18,5,0,0,0,0,22.6,100,0,0
2024,5,18,6,0,0,0,0,22.900000000000002,100,0,0
2024,5,18,7,0,45,546,157,24.700000000000003,89.02,0,0
2024,5,18,8,0,64,745,368,26.900000000000002,75.01,0,0
2024,5,18,9,0,76,832,556,28.6,64.78,0,0
2024,5,18,10,0,83,880,697,29.900000000000002,58.550000000000004,0,0
2024,5,18,11,0,88,897,774,30.700000000000003,55.51,0,1
2024,5,18,12,0,91,893,779,31.1,53.89,0,1
2024,5,18,13,0,90,872,716,31.1,53.65,0,1
2024,5,18,14,0,57,0,57,30.700000000000003,54.76,0,3
2024,5,18,15,0,75,746,410,30,56.980000000000004,0,1
2024,5,18,16,0,55,582,202,28.900000000000002,61.13,0,0
2024,5,18,17,0,15,129,19,27.3,69.12,0,1
2024,5,18,18,0,0,0,0,26.400000000000002,75.04,0,0
2024,5,18,19,0,0,0,0,25.700000000000003,80.4,0,0
2024,5,18,20,0,0,0,0,25.1,84.72,0,0
2024,5,18,21,0,0,0,0,24.6,88.13,0,0
2024,5,18,22,0,0,0,0,24.200000000000003,90.78,0,0
2024,5,18,23,0,0,0,0,23.8,93.36,0,0
2024,5,19,0,0,0,0,0,23.5,95.32000000000001,0,0
2024,5,19,1,0,0,0,0,23.1,97.85000000000001,0,0
2024,5,19,2,0,0,0,0,22.8,99.85000000000001,0,0
2024,5,19,3,0,0,0,0,22.6,100,0,0
2024,5,19,4,0,0,0,0,22.400000000000002,100,0,0
2024,5,19,5,0,0,0,0,22.200000000000003,100,0,0
2024,5,19,6,0,0,0,0,22.700000000000003,100,0,0
2024,5,19,7,0,51,488,151,24.5,88.63,0,0
2024,5,19,8,0,75,697,359,26.5,74.37,0,0
2024,5,19,9,0,89,794,545,28.1,65.53,0,0
2024,5,19,10,0,96,842,682,29.400000000000002,59.730000000000004,0,0
2024,5,19,11,0,102,861,758,30.400000000000002,56.28,0,0
2024,5,19,12,0,103,861,765,31.1,53.54,0,0
2024,5,19,13,0,100,844,704,31.3,52.370000000000005,0,1
2024,5,19,14,0,92,803,579,31,53.1,0,1
2024,5,19,15,0,79,724,402,30.400000000000002,54.64,0,0
2024,5,19,16,0,58,554,196,29.200000000000003,58.620000000000005,0,0
2024,5,19,17,0,14,103,18,27.5,66.17,0,1
2024,5,19,18,0,0,0,0,26.5,71.91,0,0
2024,5,19,19,0,0,0,0,25.8,76.34,0,0
2024,5,19,20,0,0,0,0,25.3,79.27,0,0
2024,5,19,21,0,0,0,0,24.900000000000002,81.49,0,0
2024,5,19,22,0,0,0,0,24.5,83.63,0,0
2024,5,19,23,0,0,0,0,24.200000000000003,84.96000000000001,0,3
2024,5,20,0,0,0,0,0,23.900000000000002,86.06,0,1
2024,5,20,1,0,0,0,0,23.6,87.55,0,0
2024,5,20,2,0,0,0,0,23.400000000000002,88.24,0,0
2024,5,20,3,0,0,0,0,23.3,88.02,0,0
2024,5,20,4,0,0,0,0,23.200000000000003,87.88,0,0
2024,5,20,5,0,0,0,0,23.200000000000003,87.75,0,0
2024,5,20,6,0,0,0,0,23.5,86.46000000000001,0,1
2024,5,20,7,0,51,491,150,25.1,78.99,0,0
2024,5,20,8,0,74,702,358,27.1,65.13,0,0
2024,5,20,9,0,83,812,548,28.3,57.78,0,0
2024,5,20,10,0,91,861,688,29.3,52.480000000000004,0,0
2024,5,20,11,0,95,882,765,30,49.120000000000005,0,0
2024,5,20,12,0,97,884,774,30.3,48.22,0,0
2024,5,20,13,0,95,864,712,30.400000000000002,48.33,0,0
2024,5,20,14,0,278,27,294,30.1,49.5,0,2
2024,5,20,15,0,76,745,407,29.5,51.61,0,0
2024,5,20,16,0,56,576,199,28.400000000000002,56.27,0,0
2024,5,20,17,0,14,121,18,26.700000000000003,65.37,0,0
2024,5,20,18,0,0,0,0,25.8,71.59,0,0
2024,5,20,19,0,0,0,0,25.200000000000003,76.12,0,0
2024,5,20,20,0,0,0,0,24.700000000000003,79.83,0,0
2024,5,20,21,0,0,0,0,24.200000000000003,83.36,0,0
2024,5,20,22,0,0,0,0,23.8,86.42,0,0
2024,5,20,23,0,0,0,0,23.400000000000002,89.51,0,0
2024,5,21,0,0,0,0,0,23.1,91.87,0,0
2024,5,21,1,0,0,0,0,22.900000000000002,93.33,0,0
2024,5,21,2,0,0,0,0,23,92.24,0,0
2024,5,21,3,0,0,0,0,23.3,89.63,0,0
2024,5,21,4,0,0,0,0,23.5,87.85000000000001,0,0
2024,5,21,5,0,0,0,0,23.6,86.64,0,0
2024,5,21,6,0,0,0,0,23.700000000000003,85.72,0,1
2024,5,21,7,0,47,514,150,24.700000000000003,81.69,0,1
2024,5,21,8,0,69,722,359,26.5,70.01,0,0
2024,5,21,9,0,80,815,545,27.8,63.08,0,0
2024,5,21,10,0,87,863,683,28.8,58.33,0,1
2024,5,21,11,0,91,883,760,29.5,55.27,0,1
2024,5,21,12,0,93,883,768,29.700000000000003,54.18,0,1
2024,5,21,13,0,91,864,706,29.6,54.230000000000004,0,0
2024,5,21,14,0,85,825,581,29.200000000000003,55.49,0,0
2024,5,21,15,0,73,747,404,28.3,58.870000000000005,0,0
2024,5,21,16,0,53,586,198,27.200000000000003,63.97,0,0
2024,5,21,17,0,14,129,18,25.900000000000002,71.41,0,0
2024,5,21,18,0,0,0,0,25.1,77.59,0,0
2024,5,21,19,0,0,0,0,24.5,82.81,0,0
2024,5,21,20,0,0,0,0,24,86.94,0,0
2024,5,21,21,0,0,0,0,23.700000000000003,89.79,0,0
2024,5,21,22,0,0,0,0,23.6,91.07000000000001,0,0
2024,5,21,23,0,0,0,0,23.5,92.23,0,0
2024,5,22,0,0,0,0,0,23.6,91.97,0,0
2024,5,22,1,0,0,0,0,23.5,92.36,0,0
2024,5,22,2,0,0,0,0,23.3,93.31,0,0
2024,5,22,3,0,0,0,0,23.200000000000003,93.7,0,1
2024,5,22,4,0,0,0,0,23.1,94.07000000000001,0,0
2024,5,22,5,0,0,0,0,23.1,93.75,0,0
2024,5,22,6,0,0,0,0,23.400000000000002,92.10000000000001,0,1
2024,5,22,7,0,44,536,150,25.200000000000003,82.14,0,0
2024,5,22,8,0,65,733,358,26.900000000000002,69.83,0,0
2024,5,22,9,0,81,813,543,28.1,62.51,0,0
2024,5,22,10,0,89,859,681,29,57.620000000000005,0,0
2024,5,22,11,0,93,882,759,29.5,54.57,0,1
2024,5,22,12,0,376,64,425,29.8,52.61,0,2
2024,5,22,13,0,93,867,708,29.8,51.76,0,0
2024,5,22,14,0,86,827,582,29.5,51.910000000000004,0,1
2024,5,22,15,0,75,747,405,28.8,53.660000000000004,0,1
2024,5,22,16,0,55,578,198,27.700000000000003,57.800000000000004,0,0
2024,5,22,17,0,14,112,17,26.200000000000003,65.73,0,0
2024,5,22,18,0,0,0,0,25.3,72.21000000000001,0,0
2024,5,22,19,0,0,0,0,24.700000000000003,76.87,0,0
2024,5,22,20,0,0,0,0,24.200000000000003,81.06,0,0
2024,5,22,21,0,0,0,0,23.8,84.43,0,0
2024,5,22,22,0,0,0,0,23.400000000000002,87.49,0,0
2024,5,22,23,0,0,0,0,23.1,89.81,0,0
2024,5,23,0,0,0,0,0,22.900000000000002,91.60000000000001,0,0
2024,5,23,1,0,0,0,0,22.700000000000003,93.24,0,0
2024,5,23,2,0,0,0,0,22.6,94.18,0,0
2024,5,23,3,0,0,0,0,22.5,94.11,0,0
2024,5,23,4,0,0,0,0,22.5,93.53,0,0
2024,5,23,5,0,0,0,0,22.5,93.24,0,0
2024,5,23,6,0,0,0,0,22.8,91.78,0,0
2024,5,23,7,0,42,552,150,24.700000000000003,82.75,0,0
2024,5,23,8,0,62,743,358,26.8,69.3,0,0
2024,5,23,9,0,94,778,534,28.1,61.34,0,1
2024,5,23,10,0,371,112,448,29.1,56.52,0,3
2024,5,23,11,0,262,1,263,29.700000000000003,54.19,0,3
2024,5,23,12,0,328,8,335,29.900000000000002,54.08,0,3
2024,5,23,13,0,344,53,382,29.8,54.51,0,3
2024,5,23,14,0,225,2,227,29.5,55.51,0,3
2024,5,23,15,0,91,0,91,28.8,57.76,0,3
2024,5,23,16,0,87,2,87,27.8,61.29,0,3
2024,5,23,17,0,13,115,17,26.3,67.97,0,3
2024,5,23,18,0,0,0,0,25.5,72.52,0,1
2024,5,23,19,0,0,0,0,24.8,76.53,0,1
2024,5,23,20,0,0,0,0,24.3,79.27,0,1
2024,5,23,21,0,0,0,0,23.8,81.86,0,0
2024,5,23,22,0,0,0,0,23.5,83.46000000000001,0,0
2024,5,23,23,0,0,0,0,23.1,85.56,0,0
2024,5,24,0,0,0,0,0,22.900000000000002,86.57000000000001,0,0
2024,5,24,1,0,0,0,0,22.6,88,0,0
2024,5,24,2,0,0,0,0,22.400000000000002,89.13,0,0
2024,5,24,3,0,0,0,0,22.1,90.85000000000001,0,0
2024,5,24,4,0,0,0,0,21.8,92.85000000000001,0,1
2024,5,24,5,0,0,0,0,21.6,94.47,0,1
2024,5,24,6,0,0,0,0,21.8,93.47,0,0
2024,5,24,7,0,47,508,146,23.400000000000002,83.54,0,0
2024,5,24,8,0,68,720,354,25.900000000000002,67.07000000000001,0,0
2024,5,24,9,0,83,808,539,27.700000000000003,56.67,0,0
2024,5,24,10,0,94,853,678,28.900000000000002,52.1,0,0
2024,5,24,11,0,99,871,754,29.8,49.96,0,1
2024,5,24,12,0,99,874,762,30.400000000000002,49.04,0,1
2024,5,24,13,0,96,860,702,30.700000000000003,48.050000000000004,0,0
2024,5,24,14,0,88,819,577,30.6,47.78,0,0
2024,5,24,15,0,70,758,403,30.200000000000003,48.24,0,0
2024,5,24,16,0,52,590,196,29.1,51.15,0,0
2024,5,24,17,0,13,124,16,27.200000000000003,55.96,0,0
2024,5,24,18,0,0,0,0,26.1,59.18,0,0
2024,5,24,19,0,0,0,0,25.3,62.27,0,0
2024,5,24,20,0,0,0,0,24.8,64.55,0,0
2024,5,24,21,0,0,0,0,24.3,67.39,0,0
2024,5,24,22,0,0,0,0,23.900000000000002,70.79,0,0
2024,5,24,23,0,0,0,0,23.6,74.84,0,0
2024,5,25,0,0,0,0,0,23.200000000000003,79.83,0,0
2024,5,25,1,0,0,0,0,22.900000000000002,83.75,0,0
2024,5,25,2,0,0,0,0,22.6,86.99,0,0
2024,5,25,3,0,0,0,0,22.200000000000003,90.12,0,0
2024,5,25,4,0,0,0,0,21.900000000000002,92.23,0,0
2024,5,25,5,0,0,0,0,21.6,93.86,0,0
2024,5,25,6,0,0,0,0,21.6,92.92,0,1
2024,5,25,7,0,94,108,115,23,84.93,0,7
2024,5,25,8,0,165,296,282,25.1,74.47,0,7
2024,5,25,9,0,200,399,424,27.1,63,0,7
2024,5,25,10,0,194,523,550,28.8,54.54,0,7
2024,5,25,11,0,150,670,651,30,50.15,0,7
2024,5,25,12,0,102,854,747,31,46.15,0,0
2024,5,25,13,0,101,831,686,31.400000000000002,43.89,0,0
2024,5,25,14,0,94,786,562,31.1,45.53,0,0
2024,5,25,15,0,199,193,284,30.200000000000003,49.77,0,7
2024,5,25,16,0,101,31,109,28.8,56.69,0,7
2024,5,25,17,0,12,66,14,27.3,64.44,0,7
2024,5,25,18,0,0,0,0,26.3,71.32000000000001,0,1
2024,5,25,19,0,0,0,0,25.6,77.34,0,1
2024,5,25,20,0,0,0,0,25.1,81.76,0,8
2024,5,25,21,0,0,0,0,24.700000000000003,85.41,0,0
2024,5,25,22,0,0,0,0,24.400000000000002,88.28,0,0
2024,5,25,23,0,0,0,0,24.200000000000003,90.34,0,0
2024,5,26,0,0,0,0,0,24,92.28,0,0
2024,5,26,1,0,0,0,0,23.900000000000002,93.49,0,0
2024,5,26,2,0,0,0,0,23.8,94.39,0,0
2024,5,26,3,0,0,0,0,23.8,94.26,0,0
2024,5,26,4,0,0,0,0,23.700000000000003,94.51,0,0
2024,5,26,5,0,0,0,0,23.5,95.5,0,1
2024,5,26,6,0,0,0,0,23.6,95.58,0,3
2024,5,26,7,0,65,1,65,24.5,92.09,0,3
2024,5,26,8,0,85,0,85,25.900000000000002,83.37,0,3
2024,5,26,9,0,71,0,71,27.5,71.7,0,3
2024,5,26,10,0,276,5,280,28.3,66.46000000000001,0,3
2024,5,26,11,0,396,106,475,28.700000000000003,64.23,0,3
2024,5,26,12,0,148,752,715,28.700000000000003,64.18,0,1
2024,5,26,13,0,377,193,513,28.5,65.12,0,3
2024,5,26,14,0,321,94,377,28,67.39,0,3
2024,5,26,15,0,100,619,370,27.3,70.77,0,1
2024,5,26,16,0,71,428,174,26.3,76.01,0,0
2024,5,26,17,0,8,0,8,25.200000000000003,83.12,0,3
2024,5,26,18,0,0,0,0,24.6,87.95,0,1
2024,5,26,19,0,0,0,0,24.3,90.62,0,0
2024,5,26,20,0,0,0,0,24.1,92.43,0,3
2024,5,26,21,0,0,0,0,23.900000000000002,94.01,0,0
2024,5,26,22,0,0,0,0,23.8,94.74,0,0
2024,5,26,23,0,0,0,0,23.6,95.82000000000001,0,0
2024,5,27,0,0,0,0,0,23.5,95.99000000000001,0,1
2024,5,27,1,0,0,0,0,23.3,96.77,0,0
2024,5,27,2,0,0,0,0,23.200000000000003,96.9,0,0
2024,5,27,3,0,0,0,0,23,97.56,0,0
2024,5,27,4,0,0,0,0,22.900000000000002,97.66,0,0
2024,5,27,5,0,0,0,0,22.8,97.79,0,1
2024,5,27,6,0,0,0,0,23,97.07000000000001,0,1
2024,5,27,7,0,45,485,137,24.1,93.82000000000001,0,1
2024,5,27,8,0,66,697,338,25.1,86.54,0,0
2024,5,27,9,0,80,784,518,26.700000000000003,72.75,0,0
2024,5,27,10,0,87,835,653,27.900000000000002,65.29,0,0
2024,5,27,11,0,90,856,728,28.700000000000003,60.81,0,1
2024,5,27,12,0,92,856,736,29.200000000000003,58.18,0,1
2024,5,27,13,0,90,837,676,29.200000000000003,58.07,0,1
2024,5,27,14,0,297,217,425,28.900000000000002,59.160000000000004,0,2
2024,5,27,15,0,205,25,216,28.200000000000003,62.31,0,3
2024,5,27,16,0,104,4,105,27.1,68.26,0,3
2024,5,27,17,0,8,0,8,25.700000000000003,77.58,0,3
2024,5,27,18,0,0,0,0,24.900000000000002,83.85000000000001,0,3
2024,5,27,19,0,0,0,0,24.400000000000002,87.63,0,3
2024,5,27,20,0,0,0,0,23.900000000000002,91.02,0,4
2024,5,27,21,0,0,0,0,23.6,92.59,0,3
2024,5,27,22,0,0,0,0,23.3,93.66,0,1
2024,5,27,23,0,0,0,0,23.1,94.61,0,5
2024,5,28,0,0,0,0,0,23.1,94.42,0,3
2024,5,28,1,0,0,0,0,23.200000000000003,93.43,0,3
2024,5,28,2,0,0,0,0,23.3,92.62,0,8
2024,5,28,3,0,0,0,0,23.200000000000003,93.05,0,8
2024,5,28,4,0,0,0,0,23,94.17,0,0
2024,5,28,5,0,0,0,0,22.8,95.42,0,0
2024,5,28,6,0,0,0,0,22.700000000000003,96.39,0,3
2024,5,28,7,0,47,460,134,23.900000000000002,92.55,0,0
2024,5,28,8,0,71,676,334,25.400000000000002,83.79,0,0
2024,5,28,9,0,81,783,517,27.200000000000003,71.51,0,0
2024,5,28,10,0,90,830,652,28.400000000000002,65.02,0,0
2024,5,28,11,0,95,849,726,29.400000000000002,60.56,0,0
2024,5,28,12,0,93,857,736,30,57.910000000000004,0,1
2024,5,28,13,0,329,69,377,30.3,56.480000000000004,0,2
2024,5,28,14,0,83,800,556,30.200000000000003,56.68,0,1
2024,5,28,15,0,153,3,154,29.8,58.38,0,3
2024,5,28,16,0,52,556,185,28.8,63.22,0,0
2024,5,28,17,0,12,106,15,27.200000000000003,71.2,0,0
2024,5,28,18,0,0,0,0,26.3,75.97,0,0
2024,5,28,19,0,0,0,0,25.700000000000003,79.98,0,0
2024,5,28,20,0,0,0,0,25.200000000000003,83.16,0,0
2024,5,28,21,0,0,0,0,24.8,85.57000000000001,0,0
2024,5,28,22,0,0,0,0,24.400000000000002,87.87,0,0
2024,5,28,23,0,0,0,0,24.1,89.66,0,1
2024,5,29,0,0,0,0,0,23.900000000000002,90.88,0,8
2024,5,29,1,0,0,0,0,23.700000000000003,92.33,0,7
2024,5,29,2,0,0,0,0,23.6,93.05,0,0
2024,5,29,3,0,0,0,0,23.400000000000002,94.41,0,7
2024,5,29,4,0,0,0,0,23.200000000000003,95.83,0,7
2024,5,29,5,0,0,0,0,23,97.27,0,7
2024,5,29,6,0,0,0,0,23,97.46000000000001,0,1
2024,5,29,7,0,77,11,79,23.6,94.51,0,7
2024,5,29,8,0,151,395,304,24.8,87.35000000000001,0,7
2024,5,29,9,0,161,487,431,26.5,76.10000000000001,0,7
2024,5,29,10,0,189,564,570,28.1,66.6,0,8
2024,5,29,11,0,218,546,622,29.3,60.480000000000004,0,7
2024,5,29,12,0,280,340,535,30.1,55.980000000000004,0,7
2024,5,29,13,0,91,837,675,30.400000000000002,54.18,0,1
2024,5,29,14,0,228,303,407,30.1,56.06,0,7
2024,5,29,15,0,79,690,378,29.3,59.93,0,1
2024,5,29,16,0,59,498,179,28,66.32000000000001,0,0
2024,5,29,17,0,12,48,14,26.3,75.41,0,1
2024,5,29,18,0,0,0,0,25.200000000000003,82.62,0,1
2024,5,29,19,0,0,0,0,24.5,88.13,0,2
2024,5,29,20,0,0,0,0,23.900000000000002,92.93,0,1
2024,5,29,21,0,0,0,0,23.5,95.98,0,1
2024,5,29,22,0,0,0,0,23.3,97.45,0,1
2024,5,29,23,0,0,0,0,23.200000000000003,97.9,0,3
2024,5,30,0,0,0,0,0,23.1,98.04,0,3
2024,5,30,1,0,0,0,0,22.900000000000002,98.3,0,3
2024,5,30,2,0,0,0,0,22.8,97.11,0,0
2024,5,30,3,0,0,0,0,22.6,96.12,0,2
2024,5,30,4,0,0,0,0,22.400000000000002,94.95,0,3
2024,5,30,5,0,0,0,0,22.3,93.3,0,3
2024,5,30,6,0,0,0,0,22.200000000000003,91.93,0,1
2024,5,30,7,0,31,0,31,22.700000000000003,88,0,3
2024,5,30,8,0,176,12,181,23.700000000000003,79.56,0,3
2024,5,30,9,0,130,654,492,24.900000000000002,70.61,0,0
2024,5,30,10,0,136,732,629,25.700000000000003,66.03,0,1
2024,5,30,11,0,137,771,707,26.3,63.230000000000004,0,0
2024,5,30,12,0,136,779,718,26.6,61.730000000000004,0,0
2024,5,30,13,0,130,760,659,26.5,61.76,0,0
2024,5,30,14,0,120,712,539,26.200000000000003,62.42,0,1
2024,5,30,15,0,101,621,370,25.6,64.31,0,1
2024,5,30,16,0,91,2,91,24.8,67.12,0,3
2024,5,30,17,0,4,0,4,23.900000000000002,71.25,0,3
2024,5,30,18,0,0,0,0,23.3,74.7,0,3
2024,5,30,19,0,0,0,0,23,76.73,0,1
2024,5,30,20,0,0,0,0,22.8,78.01,0,0
2024,5,30,21,0,0,0,0,22.700000000000003,78.55,0,0
2024,5,30,22,0,0,0,0,22.6,79.03,0,0
2024,5,30,23,0,0,0,0,22.5,79.27,0,1
2024,5,31,0,0,0,0,0,22.5,78.73,0,3
2024,5,31,1,0,0,0,0,22.3,79.36,0,3
2024,5,31,2,0,0,0,0,22.1,80.09,0,3
2024,5,31,3,0,0,0,0,21.900000000000002,80.89,0,3
2024,5,31,4,0,0,0,0,21.700000000000003,81.86,0,0
2024,5,31,5,0,0,0,0,21.6,82.49,0,0
2024,5,31,6,0,0,0,0,21.8,81.81,0,1
2024,5,31,7,0,87,10,89,22.8,76.58,0,3
2024,5,31,8,0,91,602,322,24.1,68.35000000000001,0,0
2024,5,31,9,0,99,743,508,25.1,62.45,0,0
2024,5,31,10,0,106,805,646,26,57.97,0,0
2024,5,31,11,0,110,831,723,26.5,55.33,0,0
2024,5,31,12,0,111,831,731,26.700000000000003,54.45,0,0
2024,5,31,13,0,109,811,672,26.6,54.9,0,0
2024,5,31,14,0,100,765,549,26.1,56.86,0,1
2024,5,31,15,0,81,697,381,25.5,59.410000000000004,0,1
2024,5,31,16,0,58,516,181,24.5,64.1,0,0
2024,5,31,17,0,12,70,14,23.400000000000002,70.43,0,0
2024,5,31,18,0,0,0,0,22.8,75.29,0,0
2024,5,31,19,0,0,0,0,22.3,79.61,0,0
2024,5,31,20,0,0,0,0,21.900000000000002,83.57000000000001,0,0
2024,5,31,21,0,0,0,0,21.5,87.34,0,0
2024,5,31,22,0,0,0,0,21.200000000000003,90.4,0,0
2024,5,31,23,0,0,0,0,21.1,92.39,0,0
2024,6,1,0,0,0,0,0,21.200000000000003,92.01,0,3
2024,6,1,1,0,0,0,0,21.1,93.17,0,1
2024,6,1,2,0,0,0,0,21.200000000000003,93.28,0,0
2024,6,1,3,0,0,0,0,21.400000000000002,92.25,0,1
2024,6,1,4,0,0,0,0,21.5,91.46000000000001,0,1
2024,6,1,5,0,0,0,0,21.6,90.31,0,1
2024,6,1,6,0,0,0,0,22,87.48,0,3
2024,6,1,7,0,22,0,22,23,82.58,0,3
2024,6,1,8,0,82,636,326,24.6,72.92,0,0
2024,6,1,9,0,253,36,273,26,63.230000000000004,0,3
2024,6,1,10,0,291,15,300,26.900000000000002,58.27,0,2
2024,6,1,11,0,114,822,719,27.3,56.31,0,1
2024,6,1,12,0,371,88,436,27.200000000000003,56.64,0,3
2024,6,1,13,0,152,0,152,27,57.5,0,3
2024,6,1,14,0,160,0,160,26.6,58.96,0,3
2024,6,1,15,0,90,665,377,26,61.46,0,1
2024,6,1,16,0,64,483,179,25.1,65.95,0,0
2024,6,1,17,0,1,0,1,24,72.28,0,3
2024,6,1,18,0,0,0,0,23.3,76.99,0,3
2024,6,1,19,0,0,0,0,22.8,80.10000000000001,0,3
2024,6,1,20,0,0,0,0,22.6,81.07000000000001,0,3
2024,6,1,21,0,0,0,0,22.5,81.21000000000001,0,3
2024,6,1,22,0,0,0,0,22.400000000000002,81.16,0,1
2024,6,1,23,0,0,0,0,22.200000000000003,81.29,0,0
2024,6,2,0,0,0,0,0,22.1,80.75,0,1
2024,6,2,1,0,0,0,0,21.900000000000002,81.2,0,0
2024,6,2,2,0,0,0,0,21.8,81.01,0,0
2024,6,2,3,0,0,0,0,21.700000000000003,80.9,0,0
2024,6,2,4,0,0,0,0,21.700000000000003,80.2,0,1
2024,6,2,5,0,0,0,0,21.6,80.22,0,1
2024,6,2,6,0,0,0,0,21.8,79.58,0,0
2024,6,2,7,0,47,476,133,23.5,72.82000000000001,0,0
2024,6,2,8,0,71,698,337,25.400000000000002,61.27,0,0
2024,6,2,9,0,85,795,520,26.6,55.78,0,0
2024,6,2,10,0,239,1,240,27.3,53.85,0,3
2024,6,2,11,0,377,97,448,27.900000000000002,52.74,0,3
2024,6,2,12,0,365,62,411,28.1,52.410000000000004,0,3
2024,6,2,13,0,154,0,154,28,52.870000000000005,0,3
2024,6,2,14,0,88,808,561,27.6,54.21,0,0
2024,6,2,15,0,231,81,265,27,56.03,0,2
2024,6,2,16,0,32,0,32,26,59.730000000000004,0,3
2024,6,2,17,0,1,0,1,25,64.8,0,2
2024,6,2,18,0,0,0,0,24.400000000000002,68.82000000000001,0,0
2024,6,2,19,0,0,0,0,23.900000000000002,72.51,0,0
2024,6,2,20,0,0,0,0,23.400000000000002,75.94,0,0
2024,6,2,21,0,0,0,0,23.1,78.36,0,0
2024,6,2,22,0,0,0,0,22.700000000000003,81.29,0,0
2024,6,2,23,0,0,0,0,22.400000000000002,83.58,0,0
2024,6,3,0,0,0,0,0,22.3,84.66,0,0
2024,6,3,1,0,0,0,0,22.200000000000003,85.68,0,0
2024,6,3,2,0,0,0,0,22.1,86.37,0,0
2024,6,3,3,0,0,0,0,21.900000000000002,87.58,0,1
2024,6,3,4,0,0,0,0,21.8,88.24,0,0
2024,6,3,5,0,0,0,0,21.8,88.39,0,0
2024,6,3,6,0,0,0,0,21.900000000000002,88.91,0,1
2024,6,3,7,0,42,496,130,23.400000000000002,87.63,0,1
2024,6,3,8,0,65,697,329,24.700000000000003,83.36,0,0
2024,6,3,9,0,87,765,504,26.3,72.57000000000001,0,0
2024,6,3,10,0,195,0,195,27.3,68.23,0,2
2024,6,3,11,0,105,825,709,27.700000000000003,67.14,0,1
2024,6,3,12,0,107,821,716,27.700000000000003,67.72,0,1
2024,6,3,13,0,363,118,445,27.5,69.04,0,2
2024,6,3,14,0,99,751,537,27.200000000000003,70.45,0,1
2024,6,3,15,0,181,15,187,26.6,73.31,0,3
2024,6,3,16,0,99,4,100,25.8,78.03,0,3
2024,6,3,17,0,8,0,8,24.6,85.48,0,3
2024,6,3,18,0,0,0,0,23.900000000000002,89.33,0,3
2024,6,3,19,0,0,0,0,23.400000000000002,91.63,0,1
2024,6,3,20,0,0,0,0,23.1,92.99,0,0
2024,6,3,21,0,0,0,0,22.8,94.33,0,3
2024,6,3,22,0,0,0,0,22.6,95.11,0,3
2024,6,3,23,0,0,0,0,22.400000000000002,95.77,0,3
2024,6,4,0,0,0,0,0,22.200000000000003,96.73,0,3
2024,6,4,1,0,0,0,0,22.1,97.2,0,3
2024,6,4,2,0,0,0,0,22,97.75,0,0
2024,6,4,3,0,0,0,0,21.900000000000002,98.09,0,3
2024,6,4,4,0,0,0,0,21.900000000000002,97.84,0,0
2024,6,4,5,0,0,0,0,21.900000000000002,97.75,0,0
2024,6,4,6,0,0,0,0,21.900000000000002,98,0,1
2024,6,4,7,0,42,485,128,23.3,95.73,0,0
2024,6,4,8,0,63,703,328,24.6,90.23,0,0
2024,6,4,9,0,75,796,508,26.3,76.88,0,0
2024,6,4,10,0,80,848,643,27.6,68.16,0,0
2024,6,4,11,0,83,869,719,28.3,64.03,0,0
2024,6,4,12,0,83,873,729,28.5,62.72,0,0
2024,6,4,13,0,284,278,476,28.400000000000002,62.910000000000004,0,8
2024,6,4,14,0,77,812,551,27.900000000000002,64.88,0,0
2024,6,4,15,0,207,209,297,27.1,69.14,0,2
2024,6,4,16,0,111,79,130,25.8,77.48,0,7
2024,6,4,17,0,6,0,6,24.3,87.79,0,8
2024,6,4,18,0,0,0,0,23.5,93.93,0,8
2024,6,4,19,0,0,0,0,23.1,96.98,0,7
2024,6,4,20,0,0,0,0,22.8,98.97,0,3
2024,6,4,21,0,0,0,0,22.700000000000003,99.5,0,0
2024,6,4,22,0,0,0,0,22.6,99.95,0,0
2024,6,4,23,0,0,0,0,22.5,99.8,0,0
2024,6,5,0,0,0,0,0,22.5,99.37,0,8
2024,6,5,1,0,0,0,0,22.400000000000002,99.44,0,0
2024,6,5,2,0,0,0,0,22.400000000000002,99.05,0,1
2024,6,5,3,0,0,0,0,22.400000000000002,98.56,0,0
2024,6,5,4,0,0,0,0,22.3,98.68,0,0
2024,6,5,5,0,0,0,0,22.200000000000003,98.79,0,1
2024,6,5,6,0,0,0,0,22.400000000000002,97.66,0,1
2024,6,5,7,0,50,407,121,23.3,93.3,0,0
2024,6,5,8,0,76,648,320,24.6,84.77,0,0
2024,6,5,9,0,258,40,279,25.8,76.22,0,3
2024,6,5,10,0,281,11,289,26.5,71.77,0,3
2024,6,5,11,0,357,84,418,26.900000000000002,69.08,0,3
2024,6,5,12,0,104,837,722,27.1,67.52,0,1
2024,6,5,13,0,100,820,665,27,67.66,0,1
2024,6,5,14,0,180,1,180,26.5,69.43,0,3
2024,6,5,15,0,222,51,244,25.8,72.68,0,3
2024,6,5,16,0,58,513,179,24.700000000000003,79.21000000000001,0,1
2024,6,5,17,0,12,60,14,23.5,87.46000000000001,0,1
2024,6,5,18,0,0,0,0,22.8,92.91,0,0
2024,6,5,19,0,0,0,0,22.5,95.47,0,1
2024,6,5,20,0,0,0,0,22.3,96.83,0,1
2024,6,5,21,0,0,0,0,22.1,97.81,0,0
2024,6,5,22,0,0,0,0,22,98.12,0,1
2024,6,5,23,0,0,0,0,21.900000000000002,98.38,0,1
2024,6,6,0,0,0,0,0,21.8,98.71000000000001,0,1
2024,6,6,1,0,0,0,0,21.8,98.78,0,1
2024,6,6,2,0,0,0,0,21.8,98.8,0,1
2024,6,6,3,0,0,0,0,21.8,98.86,0,3
2024,6,6,4,0,0,0,0,21.8,98.95,0,3
2024,6,6,5,0,0,0,0,21.8,99.04,0,3
2024,6,6,6,0,0,0,0,22.1,98.24000000000001,0,3
2024,6,6,7,0,30,0,30,23.3,95.85000000000001,0,3
2024,6,6,8,0,71,0,71,24.400000000000002,91.73,0,3
2024,6,6,9,0,129,0,129,26.1,78.06,0,3
2024,6,6,10,0,351,135,441,27.200000000000003,70.43,0,3
2024,6,6,11,0,110,809,700,27.700000000000003,67.38,0,1
2024,6,6,12,0,390,146,497,28,65.38,0,3
2024,6,6,13,0,134,0,134,27.900000000000002,65,0,3
2024,6,6,14,0,304,80,351,27.5,66.53,0,3
2024,6,6,15,0,84,665,369,26.700000000000003,70.55,0,1
2024,6,6,16,0,59,490,175,25.700000000000003,76.68,0,1
2024,6,6,17,0,12,49,13,24.5,83.89,0,1
2024,6,6,18,0,0,0,0,23.8,88.36,0,3
2024,6,6,19,0,0,0,0,23.400000000000002,90.87,0,1
2024,6,6,20,0,0,0,0,23.200000000000003,92.13,0,1
2024,6,6,21,0,0,0,0,23,93.18,0,1
2024,6,6,22,0,0,0,0,22.8,94.22,0,3
2024,6,6,23,0,0,0,0,22.5,95.7,0,0
2024,6,7,0,0,0,0,0,22.400000000000002,96.13,0,0
2024,6,7,1,0,0,0,0,22.3,96.7,0,0
2024,6,7,2,0,0,0,0,22.3,96.63,0,0
2024,6,7,3,0,0,0,0,22.3,96.72,0,0
2024,6,7,4,0,0,0,0,22.3,96.8,0,0
2024,6,7,5,0,0,0,0,22.3,96.65,0,0
2024,6,7,6,0,0,0,0,22.400000000000002,96.22,0,0
2024,6,7,7,0,49,393,117,23.700000000000003,92.05,0,0
2024,6,7,8,0,76,640,314,24.8,86.25,0,0
2024,6,7,9,0,89,752,495,26.400000000000002,72.53,0,0
2024,6,7,10,0,97,806,630,27.3,67,0,0
2024,6,7,11,0,101,832,706,27.8,64.35,0,1
2024,6,7,12,0,102,835,717,28,63.09,0,1
2024,6,7,13,0,99,816,660,28,62.59,0,1
2024,6,7,14,0,237,9,242,27.6,63.480000000000004,0,2
2024,6,7,15,0,75,700,375,26.900000000000002,66.04,0,0
2024,6,7,16,0,55,524,179,25.8,71.82000000000001,0,0
2024,6,7,17,0,12,70,14,24.700000000000003,78.84,0,0
2024,6,7,18,0,0,0,0,24,83.71000000000001,0,0
2024,6,7,19,0,0,0,0,23.5,87.22,0,0
2024,6,7,20,0,0,0,0,23.1,89.88,0,0
2024,6,7,21,0,0,0,0,22.900000000000002,91.34,0,0
2024,6,7,22,0,0,0,0,22.700000000000003,92.47,0,0
2024,6,7,23,0,0,0,0,22.5,93.36,0,0
2024,6,8,0,0,0,0,0,22.400000000000002,93.71000000000001,0,0
2024,6,8,1,0,0,0,0,22.3,94.35000000000001,0,0
2024,6,8,2,0,0,0,0,22.1,95.46000000000001,0,0
2024,6,8,3,0,0,0,0,22,95.95,0,3
2024,6,8,4,0,0,0,0,22,95.15,0,3
2024,6,8,5,0,0,0,0,21.900000000000002,93.56,0,3
2024,6,8,6,0,0,0,0,22.1,92.3,0,3
2024,6,8,7,0,82,12,84,23.3,87.39,0,3
2024,6,8,8,0,165,15,170,24.700000000000003,78.23,0,3
2024,6,8,9,0,152,0,152,26,69.79,0,3
2024,6,8,10,0,207,1,207,26.900000000000002,65.25,0,3
2024,6,8,11,0,292,5,296,27.400000000000002,63.29,0,3
2024,6,8,12,0,97,843,718,27.6,62.49,0,1
2024,6,8,13,0,362,146,463,27.5,62.76,0,2
2024,6,8,14,0,244,15,252,27,65.03,0,3
2024,6,8,15,0,15,0,15,26.1,69.25,0,3
2024,6,8,16,0,56,516,178,25.1,74.46000000000001,0,1
2024,6,8,17,0,12,68,14,24,80.71000000000001,0,1
2024,6,8,18,0,0,0,0,23.5,83.44,0,1
2024,6,8,19,0,0,0,0,23.200000000000003,83.9,0,3
2024,6,8,20,0,0,0,0,22.700000000000003,85.84,0,0
2024,6,8,21,0,0,0,0,22.3,87.32000000000001,0,0
2024,6,8,22,0,0,0,0,21.900000000000002,88.98,0,0
2024,6,8,23,0,0,0,0,21.700000000000003,89.83,0,0
2024,6,9,0,0,0,0,0,21.5,91.10000000000001,0,0
2024,6,9,1,0,0,0,0,21.400000000000002,91.84,0,0
2024,6,9,2,0,0,0,0,21.400000000000002,91.21000000000001,0,0
2024,6,9,3,0,0,0,0,21.6,89.54,0,0
2024,6,9,4,0,0,0,0,21.700000000000003,89.67,0,0
2024,6,9,5,0,0,0,0,21.6,90.95,0,7
2024,6,9,6,0,0,0,0,21.700000000000003,91.74,0,7
2024,6,9,7,0,44,453,121,22.900000000000002,87.56,0,7
2024,6,9,8,0,132,462,303,24.3,78.17,0,7
2024,6,9,9,0,172,488,434,25.700000000000003,68.48,0,7
2024,6,9,10,0,197,542,554,26.700000000000003,63.14,0,7
2024,6,9,11,0,249,455,579,27.3,60.17,0,7
2024,6,9,12,0,298,325,537,27.6,58.88,0,7
2024,6,9,13,0,276,343,511,27.6,58.46,0,7
2024,6,9,14,0,250,197,365,27.3,59.14,0,7
2024,6,9,15,0,178,306,309,26.700000000000003,61.21,0,7
2024,6,9,16,0,110,43,120,25.6,66.48,0,8
2024,6,9,17,0,11,1,11,24,75.49,0,7
2024,6,9,18,0,0,0,0,23.200000000000003,80.89,0,7
2024,6,9,19,0,0,0,0,22.700000000000003,84.65,0,1
2024,6,9,20,0,0,0,0,22.3,87.64,0,0
2024,6,9,21,0,0,0,0,22,89.88,0,0
2024,6,9,22,0,0,0,0,21.700000000000003,91.7,0,0
2024,6,9,23,0,0,0,0,21.3,93.92,0,0
2024,6,10,0,0,0,0,0,21.200000000000003,94.44,0,0
2024,6,10,1,0,0,0,0,21.200000000000003,94.26,0,0
2024,6,10,2,0,0,0,0,21.3,93.31,0,0
2024,6,10,3,0,0,0,0,21.3,92.96000000000001,0,0
2024,6,10,4,0,0,0,0,21,94.35000000000001,0,0
2024,6,10,5,0,0,0,0,20.700000000000003,95.81,0,0
2024,6,10,6,0,0,0,0,20.6,96.06,0,0
2024,6,10,7,0,45,453,122,22,90.66,0,0
2024,6,10,8,0,70,688,324,24.1,77.3,0,0
2024,6,10,9,0,80,801,510,26.1,63.800000000000004,0,0
2024,6,10,10,0,88,852,648,27.3,57.96,0,0
2024,6,10,11,0,91,876,726,28.1,54.95,0,0
2024,6,10,12,0,91,880,738,28.700000000000003,53.19,0,1
2024,6,10,13,0,89,863,680,28.8,52.34,0,0
2024,6,10,14,0,83,825,562,28.6,52.65,0,1
2024,6,10,15,0,70,752,391,28,54.29,0,1
2024,6,10,16,0,52,584,190,26.700000000000003,59.39,0,0
2024,6,10,17,0,12,121,16,24.8,67.14,0,0
2024,6,10,18,0,0,0,0,23.900000000000002,71.94,0,0
2024,6,10,19,0,0,0,0,23.200000000000003,76.09,0,0
2024,6,10,20,0,0,0,0,22.6,79.92,0,0
2024,6,10,21,0,0,0,0,22.1,83.13,0,0
2024,6,10,22,0,0,0,0,21.700000000000003,85.81,0,0
2024,6,10,23,0,0,0,0,21.3,88.57000000000001,0,0
2024,6,11,0,0,0,0,0,21,91.06,0,0
2024,6,11,1,0,0,0,0,20.700000000000003,93.59,0,0
2024,6,11,2,0,0,0,0,20.6,94.83,0,0
2024,6,11,3,0,0,0,0,20.400000000000002,96.56,0,0
2024,6,11,4,0,0,0,0,20.1,98.73,0,0
2024,6,11,5,0,0,0,0,19.700000000000003,100,0,0
2024,6,11,6,0,0,0,0,19.5,100,0,0
2024,6,11,7,0,41,487,123,21.200000000000003,92.77,0,0
2024,6,11,8,0,64,713,326,24.1,75.21000000000001,0,0
2024,6,11,9,0,78,806,509,26.1,64.24,0,0
2024,6,11,10,0,85,857,647,27.3,58.17,0,0
2024,6,11,11,0,89,880,726,28.200000000000003,55.13,0,0
2024,6,11,12,0,89,883,737,28.6,54.2,0,1
2024,6,11,13,0,87,869,682,28.6,53.99,0,1
2024,6,11,14,0,82,827,562,28.3,54.51,0,0
2024,6,11,15,0,71,750,391,27.6,56.38,0,0
2024,6,11,16,0,51,588,191,26.3,61.910000000000004,0,0
2024,6,11,17,0,12,126,16,24.400000000000002,72.07000000000001,0,0
2024,6,11,18,0,0,0,0,23.400000000000002,78.45,0,0
2024,6,11,19,0,0,0,0,22.8,82.76,0,0
2024,6,11,20,0,0,0,0,22.200000000000003,86.44,0,0
2024,6,11,21,0,0,0,0,21.700000000000003,89.34,0,0
2024,6,11,22,0,0,0,0,21.200000000000003,92.06,0,0
2024,6,11,23,0,0,0,0,20.900000000000002,93.42,0,0
2024,6,12,0,0,0,0,0,20.8,93.43,0,0
2024,6,12,1,0,0,0,0,21,91.42,0,0
2024,6,12,2,0,0,0,0,21.1,88.87,0,0
2024,6,12,3,0,0,0,0,21.3,85.54,0,0
2024,6,12,4,0,0,0,0,21.200000000000003,84.88,0,0
2024,6,12,5,0,0,0,0,20.900000000000002,85.52,0,0
2024,6,12,6,0,0,0,0,21,84.22,0,0
2024,6,12,7,0,42,492,124,22.3,79.87,0,1
2024,6,12,8,0,63,724,328,24.3,68.04,0,1
2024,6,12,9,0,77,817,512,25.8,59.02,0,0
2024,6,12,10,0,83,868,652,26.700000000000003,54.69,0,0
2024,6,12,11,0,86,894,732,27.5,51.52,0,1
2024,6,12,12,0,86,897,744,27.900000000000002,50.42,0,1
2024,6,12,13,0,83,882,687,27.900000000000002,50.63,0,0
2024,6,12,14,0,78,843,567,27.6,51.56,0,0
2024,6,12,15,0,67,769,395,26.900000000000002,53.82,0,0
2024,6,12,16,0,50,604,193,25.700000000000003,58.93,0,0
2024,6,12,17,0,12,144,16,24.1,66.62,0,0
2024,6,12,18,0,0,0,0,23.400000000000002,71.01,0,0
2024,6,12,19,0,0,0,0,22.8,75.18,0,0
2024,6,12,20,0,0,0,0,22.3,78.66,0,0
2024,6,12,21,0,0,0,0,22,81.11,0,0
2024,6,12,22,0,0,0,0,21.8,83.03,0,0
2024,6,12,23,0,0,0,0,21.700000000000003,83.94,0,0
2024,6,13,0,0,0,0,0,21.8,83.55,0,0
2024,6,13,1,0,0,0,0,21.900000000000002,83.11,0,0
2024,6,13,2,0,0,0,0,22,82.52,0,0
2024,6,13,3,0,0,0,0,22.1,81.51,0,0
2024,6,13,4,0,0,0,0,22.200000000000003,80.54,0,0
2024,6,13,5,0,0,0,0,22.400000000000002,79.14,0,0
2024,6,13,6,0,0,0,0,22.6,78.23,0,0
2024,6,13,7,0,80,13,82,23.5,77.31,0,3
2024,6,13,8,0,143,8,145,25.3,68.87,0,3
2024,6,13,9,0,82,787,501,26.900000000000002,58.980000000000004,0,0
2024,6,13,10,0,92,835,638,27.8,56.32,0,0
2024,6,13,11,0,305,7,310,28.400000000000002,55.07,0,3
2024,6,13,12,0,220,1,220,28.6,55.21,0,3
2024,6,13,13,0,260,2,261,28.5,56.47,0,3
2024,6,13,14,0,174,1,175,28,58.89,0,3
2024,6,13,15,0,101,0,101,27.200000000000003,62.43,0,3
2024,6,13,16,0,6,0,6,26.1,67.83,0,2
2024,6,13,17,0,1,0,1,24.8,75.22,0,3
2024,6,13,18,0,0,0,0,24.1,79.64,0,3
2024,6,13,19,0,0,0,0,23.5,82.35000000000001,0,3
2024,6,13,20,0,0,0,0,23,84.25,0,3
2024,6,13,21,0,0,0,0,22.6,85.46000000000001,0,1
2024,6,13,22,0,0,0,0,22.3,86.18,0,1
2024,6,13,23,0,0,0,0,22.1,86.24,0,0
2024,6,14,0,0,0,0,0,21.8,86.61,0,1
2024,6,14,1,0,0,0,0,21.5,86.73,0,0
2024,6,14,2,0,0,0,0,21.200000000000003,86.68,0,0
2024,6,14,3,0,0,0,0,20.900000000000002,86.43,0,0
2024,6,14,4,0,0,0,0,20.700000000000003,85.54,0,0
2024,6,14,5,0,0,0,0,20.5,84.7,0,0
2024,6,14,6,0,0,0,0,20.5,84.26,0,0
2024,6,14,7,0,45,458,120,22.1,79.24,0,0
2024,6,14,8,0,73,682,321,24.900000000000002,62.230000000000004,0,0
2024,6,14,9,0,90,778,503,26.6,51.230000000000004,0,0
2024,6,14,10,0,99,830,641,27.5,48.71,0,0
2024,6,14,11,0,103,856,721,28.1,48.01,0,1
2024,6,14,12,0,388,107,466,28.5,47.97,0,2
2024,6,14,13,0,100,840,675,28.5,48.56,0,1
2024,6,14,14,0,284,47,311,28.200000000000003,49.53,0,2
2024,6,14,15,0,79,719,387,27.6,51.32,0,1
2024,6,14,16,0,58,544,187,26.5,55.38,0,0
2024,6,14,17,0,13,85,16,25,62.01,0,1
2024,6,14,18,0,0,0,0,24.3,65.79,0,0
2024,6,14,19,0,0,0,0,23.700000000000003,69.23,0,0
2024,6,14,20,0,0,0,0,23.200000000000003,72.21000000000001,0,0
2024,6,14,21,0,0,0,0,22.700000000000003,75.77,0,0
2024,6,14,22,0,0,0,0,22.3,78.89,0,0
2024,6,14,23,0,0,0,0,22.1,81.08,0,0
2024,6,15,0,0,0,0,0,22,82.57000000000001,0,0
2024,6,15,1,0,0,0,0,21.900000000000002,84.29,0,1
2024,6,15,2,0,0,0,0,21.900000000000002,85.45,0,1
2024,6,15,3,0,0,0,0,22.200000000000003,84.82000000000001,0,1
2024,6,15,4,0,0,0,0,22.400000000000002,84.44,0,3
2024,6,15,5,0,0,0,0,22.400000000000002,85.01,0,3
2024,6,15,6,0,0,0,0,22.5,85.24,0,3
2024,6,15,7,0,21,0,21,23.3,85.22,0,3
2024,6,15,8,0,143,8,145,24.900000000000002,78.63,0,3
2024,6,15,9,0,88,766,495,26.8,64.5,0,0
2024,6,15,10,0,98,820,632,28,58.72,0,0
2024,6,15,11,0,103,844,711,28.700000000000003,56.08,0,1
2024,6,15,12,0,393,191,533,29.1,54.35,0,2
2024,6,15,13,0,352,252,524,29.1,54.08,0,2
2024,6,15,14,0,95,783,549,28.8,55.25,0,1
2024,6,15,15,0,82,697,380,28.1,57.85,0,1
2024,6,15,16,0,60,513,182,26.900000000000002,63.32,0,0
2024,6,15,17,0,1,0,1,25.6,71.43,0,3
2024,6,15,18,0,0,0,0,24.700000000000003,78.19,0,1
2024,6,15,19,0,0,0,0,23.900000000000002,83.84,0,0
2024,6,15,20,0,0,0,0,23.3,88.24,0,1
2024,6,15,21,0,0,0,0,22.8,92.13,0,0
2024,6,15,22,0,0,0,0,22.3,95.92,0,0
2024,6,15,23,0,0,0,0,22,97.95,0,3
2024,6,16,0,0,0,0,0,21.8,98.91,0,3
2024,6,16,1,0,0,0,0,21.8,98.65,0,1
2024,6,16,2,0,0,0,0,21.8,98.36,0,1
2024,6,16,3,0,0,0,0,21.8,98,0,1
2024,6,16,4,0,0,0,0,21.900000000000002,97.07000000000001,0,1
2024,6,16,5,0,0,0,0,22,95.84,0,3
2024,6,16,6,0,0,0,0,22,95.11,0,3
2024,6,16,7,0,40,0,40,23.1,92.21000000000001,0,3
2024,6,16,8,0,87,0,87,24.6,83.98,0,3
2024,6,16,9,0,81,787,497,26.700000000000003,65.3,0,1
2024,6,16,10,0,91,837,636,27.700000000000003,58.33,0,1
2024,6,16,11,0,338,41,367,28.3,55.6,0,2
2024,6,16,12,0,97,863,728,28.6,54.120000000000005,0,1
2024,6,16,13,0,332,69,379,28.6,53.69,0,2
2024,6,16,14,0,89,799,552,28.200000000000003,54.97,0,1
2024,6,16,15,0,81,703,382,27.5,57.71,0,1
2024,6,16,16,0,59,521,184,26.5,62.4,0,0
2024,6,16,17,0,14,66,16,25.1,69.77,0,1
2024,6,16,18,0,0,0,0,24.3,75.02,0,0
2024,6,16,19,0,0,0,0,23.6,79.59,0,0
2024,6,16,20,0,0,0,0,23.1,83.06,0,1
2024,6,16,21,0,0,0,0,22.700000000000003,86.11,0,1
2024,6,16,22,0,0,0,0,22.3,88.96000000000001,0,0
2024,6,16,23,0,0,0,0,22,90.81,0,0
2024,6,17,0,0,0,0,0,21.700000000000003,92.5,0,0
2024,6,17,1,0,0,0,0,21.6,92.8,0,0
2024,6,17,2,0,0,0,0,21.700000000000003,92.07000000000001,0,0
2024,6,17,3,0,0,0,0,21.700000000000003,91.93,0,0
2024,6,17,4,0,0,0,0,21.400000000000002,93.62,0,3
2024,6,17,5,0,0,0,0,21,95.93,0,3
2024,6,17,6,0,0,0,0,20.8,97.41,0,3
2024,6,17,7,0,35,0,35,21.900000000000002,94.48,0,3
2024,6,17,8,0,46,0,46,23.900000000000002,82.9,0,3
2024,6,17,9,0,273,55,302,26.1,67.3,0,3
2024,6,17,10,0,190,0,190,27.3,59.86,0,3
2024,6,17,11,0,379,213,532,28,57.89,0,3
2024,6,17,12,0,97,851,720,28.5,56.39,0,0
2024,6,17,13,0,94,836,665,28.700000000000003,55.58,0,0
2024,6,17,14,0,87,795,549,28.400000000000002,56.42,0,0
2024,6,17,15,0,73,724,383,27.900000000000002,58.06,0,0
2024,6,17,16,0,52,565,188,26.700000000000003,63.08,0,1
2024,6,17,17,0,13,114,17,25.1,71.98,0,1
2024,6,17,18,0,0,0,0,24.200000000000003,78.37,0,0
2024,6,17,19,0,0,0,0,23.5,83.73,0,1
2024,6,17,20,0,0,0,0,22.900000000000002,88.23,0,1
2024,6,17,21,0,0,0,0,22.5,91.56,0,0
2024,6,17,22,0,0,0,0,22.1,94.79,0,0
2024,6,17,23,0,0,0,0,21.900000000000002,96.88,0,1
2024,6,18,0,0,0,0,0,21.900000000000002,97.5,0,0
2024,6,18,1,0,0,0,0,21.900000000000002,97.95,0,0
2024,6,18,2,0,0,0,0,21.8,98.8,0,0
2024,6,18,3,0,0,0,0,21.700000000000003,99.54,0,0
2024,6,18,4,0,0,0,0,21.6,99.98,0,0
2024,6,18,5,0,0,0,0,21.6,99.96000000000001,0,1
2024,6,18,6,0,0,0,0,21.8,98.78,0,3
2024,6,18,7,0,51,1,51,23,95.29,0,3
2024,6,18,8,0,136,7,139,24.1,91.09,0,3
2024,6,18,9,0,256,38,276,25.400000000000002,81.64,0,3
2024,6,18,10,0,111,763,608,26.8,71.8,0,1
2024,6,18,11,0,316,19,330,27.6,67.9,0,3
2024,6,18,12,0,318,15,328,28,66.19,0,3
2024,6,18,13,0,140,0,140,28.1,65.89,0,3
2024,6,18,14,0,237,10,243,28,66.45,0,3
2024,6,18,15,0,150,3,151,27.6,68.45,0,3
2024,6,18,16,0,87,2,88,26.700000000000003,72.81,0,3
2024,6,18,17,0,13,62,15,25.200000000000003,81.14,0,1
2024,6,18,18,0,0,0,0,24.5,85.58,0,3
2024,6,18,19,0,0,0,0,24,88.63,0,3
2024,6,18,20,0,0,0,0,23.6,90.36,0,1
2024,6,18,21,0,0,0,0,23.200000000000003,92.72,0,1
2024,6,18,22,0,0,0,0,22.900000000000002,93.95,0,0
2024,6,18,23,0,0,0,0,22.6,95.79,0,0
2024,6,19,0,0,0,0,0,22.3,97.75,0,0
2024,6,19,1,0,0,0,0,22,99.60000000000001,0,0
2024,6,19,2,0,0,0,0,21.900000000000002,100,0,0
2024,6,19,3,0,0,0,0,21.700000000000003,100,0,0
2024,6,19,4,0,0,0,0,21.6,100,0,0
2024,6,19,5,0,0,0,0,21.5,100,0,0
2024,6,19,6,0,0,0,0,21.6,100,0,1
2024,6,19,7,0,41,440,111,23.200000000000003,92.02,0,1
2024,6,19,8,0,64,687,311,25.3,77.76,0,0
2024,6,19,9,0,82,779,493,27,67.11,0,0
2024,6,19,10,0,87,840,633,28.1,61.07,0,1
2024,6,19,11,0,389,171,512,29,56.19,0,3
2024,6,19,12,0,354,55,394,29.400000000000002,53.4,0,3
2024,6,19,13,0,296,11,303,29.400000000000002,52.86,0,3
2024,6,19,14,0,274,44,300,28.900000000000002,54.980000000000004,0,3
2024,6,19,15,0,190,18,197,28.1,58.54,0,3
2024,6,19,16,0,56,539,185,26.700000000000003,65.77,0,1
2024,6,19,17,0,9,0,9,25,77.53,0,3
2024,6,19,18,0,0,0,0,24.1,86.17,0,3
2024,6,19,19,0,0,0,0,23.6,91.63,0,1
2024,6,19,20,0,0,0,0,23.200000000000003,94.83,0,0
2024,6,19,21,0,0,0,0,22.900000000000002,96.31,0,0
2024,6,19,22,0,0,0,0,22.6,97.3,0,0
2024,6,19,23,0,0,0,0,22.400000000000002,97.95,0,3
2024,6,20,0,0,0,0,0,22.200000000000003,98.77,0,3
2024,6,20,1,0,0,0,0,22,99.87,0,1
2024,6,20,2,0,0,0,0,21.8,100,0,3
2024,6,20,3,0,0,0,0,21.8,100,0,3
2024,6,20,4,0,0,0,0,21.700000000000003,100,0,3
2024,6,20,5,0,0,0,0,21.6,100,0,3
2024,6,20,6,0,0,0,0,21.8,99.18,0,3
2024,6,20,7,0,44,0,44,23.3,93.22,0,3
2024,6,20,8,0,67,675,309,25.1,80.78,0,0
2024,6,20,9,0,83,775,491,26.900000000000002,67.33,0,1
2024,6,20,10,0,88,837,631,27.900000000000002,60.97,0,0
2024,6,20,11,0,90,866,713,28.6,56.61,0,0
2024,6,20,12,0,91,871,728,28.900000000000002,53.86,0,1
2024,6,20,13,0,89,857,675,28.900000000000002,52.550000000000004,0,1
2024,6,20,14,0,311,178,414,28.700000000000003,51.7,0,2
2024,6,20,15,0,71,747,393,28.1,51.99,0,0
2024,6,20,16,0,52,588,194,26.900000000000002,56.13,0,1
2024,6,20,17,0,10,0,10,25.1,65.54,0,3
2024,6,20,18,0,0,0,0,24.1,72.98,0,3
2024,6,20,19,0,0,0,0,23.3,80.28,0,3
2024,6,20,20,0,0,0,0,22.700000000000003,86.79,0,3
2024,6,20,21,0,0,0,0,22.3,91.47,0,3
2024,6,20,22,0,0,0,0,21.900000000000002,95.54,0,3
2024,6,20,23,0,0,0,0,21.5,99.17,0,1
2024,6,21,0,0,0,0,0,21.3,100,0,3
2024,6,21,1,0,0,0,0,21.200000000000003,100,0,3
2024,6,21,2,0,0,0,0,21.3,100,0,1
2024,6,21,3,0,0,0,0,21.400000000000002,99.35000000000001,0,3
2024,6,21,4,0,0,0,0,21.6,97.59,0,3
2024,6,21,5,0,0,0,0,21.6,96.83,0,1
2024,6,21,6,0,0,0,0,21.6,96.28,0,1
2024,6,21,7,0,24,0,24,23.3,88.34,0,3
2024,6,21,8,0,119,2,120,25.3,74.48,0,3
2024,6,21,9,0,279,83,323,26.900000000000002,62.08,0,3
2024,6,21,10,0,89,830,628,27.8,57.1,0,1
2024,6,21,11,0,384,177,511,28.3,54.31,0,3
2024,6,21,12,0,373,254,558,28.5,52.65,0,2
2024,6,21,13,0,350,242,516,28.5,51.83,0,2
2024,6,21,14,0,81,820,558,28.1,52.32,0,1
2024,6,21,15,0,70,745,391,27.5,53.84,0,0
2024,6,21,16,0,51,589,194,26.5,57.81,0,0
2024,6,21,17,0,14,142,18,24.900000000000002,66.03,0,0
2024,6,21,18,0,0,0,0,24.1,70.92,0,0
2024,6,21,19,0,0,0,0,23.5,74.87,0,0
2024,6,21,20,0,0,0,0,22.900000000000002,78.76,0,0
2024,6,21,21,0,0,0,0,22.5,81.87,0,0
2024,6,21,22,0,0,0,0,22.200000000000003,84.39,0,0
2024,6,21,23,0,0,0,0,21.900000000000002,86.9,0,0
2024,6,22,0,0,0,0,0,21.700000000000003,89.01,0,0
2024,6,22,1,0,0,0,0,21.6,90.79,0,0
2024,6,22,2,0,0,0,0,21.400000000000002,92.94,0,0
2024,6,22,3,0,0,0,0,21.3,94.64,0,0
2024,6,22,4,0,0,0,0,21.1,97.06,0,1
2024,6,22,5,0,0,0,0,21,98.64,0,0
2024,6,22,6,0,0,0,0,21.200000000000003,98.53,0,1
2024,6,22,7,0,60,1,60,23.400000000000002,87.87,0,3
2024,6,22,8,0,181,38,195,25.8,72.71000000000001,0,3
2024,6,22,9,0,279,152,359,27,63.84,0,3
2024,6,22,10,0,97,807,620,27.700000000000003,59.84,0,1
2024,6,22,11,0,145,0,145,28.1,58.13,0,3
2024,6,22,12,0,294,4,297,28.1,58.02,0,3
2024,6,22,13,0,364,178,487,27.900000000000002,58.82,0,3
2024,6,22,14,0,281,49,310,27.5,60.370000000000005,0,3
2024,6,22,15,0,229,83,265,26.900000000000002,62.75,0,2
2024,6,22,16,0,48,0,48,26,66.76,0,3
2024,6,22,17,0,14,81,17,24.900000000000002,72.75,0,1
2024,6,22,18,0,0,0,0,24.1,77.94,0,1
2024,6,22,19,0,0,0,0,23.5,82.19,0,3
2024,6,22,20,0,0,0,0,23,85.54,0,1
2024,6,22,21,0,0,0,0,22.700000000000003,87.75,0,1
2024,6,22,22,0,0,0,0,22.5,89.42,0,3
2024,6,22,23,0,0,0,0,22.400000000000002,90.37,0,1
2024,6,23,0,0,0,0,0,22.3,91.27,0,1
2024,6,23,1,0,0,0,0,22.3,91.49,0,0
2024,6,23,2,0,0,0,0,22.200000000000003,92.43,0,1
2024,6,23,3,0,0,0,0,22,94,0,0
2024,6,23,4,0,0,0,0,21.8,95.59,0,0
2024,6,23,5,0,0,0,0,21.5,97.74000000000001,0,1
2024,6,23,6,0,0,0,0,21.8,96.99000000000001,0,0
2024,6,23,7,0,41,432,109,23.200000000000003,91.78,0,0
2024,6,23,8,0,66,676,308,25.200000000000003,78.77,0,0
2024,6,23,9,0,81,778,489,27,66.7,0,1
2024,6,23,10,0,91,827,627,28,61.43,0,1
2024,6,23,11,0,97,847,705,28.700000000000003,58.44,0,1
2024,6,23,12,0,390,173,517,29.1,56.82,0,2
2024,6,23,13,0,365,122,449,29.200000000000003,55.89,0,3
2024,6,23,14,0,248,13,255,28.900000000000002,56.26,0,3
2024,6,23,15,0,76,706,381,28.1,58.94,0,1
2024,6,23,16,0,55,0,55,26.900000000000002,64.51,0,3
2024,6,23,17,0,14,88,17,25.200000000000003,74.59,0,3
2024,6,23,18,0,0,0,0,24.200000000000003,82.62,0,1
2024,6,23,19,0,0,0,0,23.5,89.26,0,3
2024,6,23,20,0,0,0,0,23,94.47,0,3
2024,6,23,21,0,0,0,0,22.8,97.39,0,3
2024,6,23,22,0,0,0,0,22.700000000000003,98.95,0,3
2024,6,23,23,0,0,0,0,22.6,99.72,0,3
2024,6,24,0,0,0,0,0,22.400000000000002,100,0,3
2024,6,24,1,0,0,0,0,22.3,100,0,3
2024,6,24,2,0,0,0,0,22.1,100,0,3
2024,6,24,3,0,0,0,0,21.900000000000002,100,0,3
2024,6,24,4,0,0,0,0,21.700000000000003,100,0,3
2024,6,24,5,0,0,0,0,21.6,100,0,3
2024,6,24,6,0,0,0,0,21.700000000000003,100,0,3
2024,6,24,7,0,60,1,60,22.6,96.87,0,3
2024,6,24,8,0,65,669,304,24.5,85.2,0,0
2024,6,24,9,0,78,778,487,26.700000000000003,69.82000000000001,0,0
2024,6,24,10,0,85,836,627,28.200000000000003,61.47,0,0
2024,6,24,11,0,88,865,710,29.200000000000003,56.31,0,1
2024,6,24,12,0,385,118,472,29.8,52.72,0,3
2024,6,24,13,0,327,67,372,29.900000000000002,51.19,0,3
2024,6,24,14,0,223,3,225,29.700000000000003,51.43,0,3
2024,6,24,15,0,225,53,248,29,53.89,0,3
2024,6,24,16,0,55,551,189,27.700000000000003,59.85,0,0
2024,6,24,17,0,15,111,18,25.900000000000002,68.66,0,1
2024,6,24,18,0,0,0,0,24.900000000000002,74.94,0,0
2024,6,24,19,0,0,0,0,24.3,79.65,0,0
2024,6,24,20,0,0,0,0,23.900000000000002,82.93,0,0
2024,6,24,21,0,0,0,0,23.5,85.73,0,3
2024,6,24,22,0,0,0,0,23.1,88.45,0,1
2024,6,24,23,0,0,0,0,22.700000000000003,91.09,0,1
2024,6,25,0,0,0,0,0,22.3,93.58,0,3
2024,6,25,1,0,0,0,0,21.900000000000002,96.07000000000001,0,0
2024,6,25,2,0,0,0,0,21.5,98.75,0,0
2024,6,25,3,0,0,0,0,21.200000000000003,100,0,0
2024,6,25,4,0,0,0,0,21,100,0,0
2024,6,25,5,0,0,0,0,20.900000000000002,100,0,0
2024,6,25,6,0,0,0,0,21,100,0,0
2024,6,25,7,0,43,409,106,22.200000000000003,95.48,0,1
2024,6,25,8,0,68,663,304,24.200000000000003,84.02,0,1
2024,6,25,9,0,80,775,486,26.5,70.05,0,0
2024,6,25,10,0,87,830,625,28.3,61.1,0,0
2024,6,25,11,0,92,854,706,29.6,55.02,0,0
2024,6,25,12,0,94,856,720,30.5,49.910000000000004,0,0
2024,6,25,13,0,91,838,666,30.700000000000003,48.99,0,0
2024,6,25,14,0,86,796,551,30.400000000000002,50.49,0,1
2024,6,25,15,0,77,706,384,29.700000000000003,53.76,0,1
2024,6,25,16,0,57,538,189,28.400000000000002,60.65,0,0
2024,6,25,17,0,15,103,18,26.5,70.57000000000001,0,1
2024,6,25,18,0,0,0,0,25.5,77.27,0,1
2024,6,25,19,0,0,0,0,24.8,82.86,0,3
2024,6,25,20,0,0,0,0,24.200000000000003,87.42,0,1
2024,6,25,21,0,0,0,0,23.700000000000003,91.15,0,0
2024,6,25,22,0,0,0,0,23.400000000000002,93.71000000000001,0,1
2024,6,25,23,0,0,0,0,23.3,94.79,0,1
2024,6,26,0,0,0,0,0,23.200000000000003,95.61,0,0
2024,6,26,1,0,0,0,0,23.200000000000003,95.39,0,0
2024,6,26,2,0,0,0,0,23.200000000000003,94.63,0,0
2024,6,26,3,0,0,0,0,23.1,94.63,0,0
2024,6,26,4,0,0,0,0,23,94.7,0,0
2024,6,26,5,0,0,0,0,22.8,95.32000000000001,0,1
2024,6,26,6,0,0,0,0,22.6,95.91,0,1
2024,6,26,7,0,39,430,106,23.3,94.77,0,1
2024,6,26,8,0,61,678,303,24.6,87.11,0,1
2024,6,26,9,0,86,747,478,26.5,70.91,0,1
2024,6,26,10,0,271,11,279,27.8,61.730000000000004,0,3
2024,6,26,11,0,95,840,699,28.6,57.910000000000004,0,1
2024,6,26,12,0,95,847,716,29.1,55.83,0,1
2024,6,26,13,0,92,835,666,29.3,54.7,0,0
2024,6,26,14,0,311,130,387,29.200000000000003,54.81,0,2
2024,6,26,15,0,74,721,387,28.700000000000003,56.52,0,1
2024,6,26,16,0,54,559,192,27.700000000000003,60.9,0,0
2024,6,26,17,0,15,131,20,26.200000000000003,67.7,0,1
2024,6,26,18,0,0,0,0,25.3,72.23,0,0
2024,6,26,19,0,0,0,0,24.6,75.82000000000001,0,0
2024,6,26,20,0,0,0,0,24.1,78.72,0,0
2024,6,26,21,0,0,0,0,23.6,81.58,0,0
2024,6,26,22,0,0,0,0,23.1,84.06,0,0
2024,6,26,23,0,0,0,0,22.700000000000003,85.91,0,0
2024,6,27,0,0,0,0,0,22.200000000000003,88.24,0,0
2024,6,27,1,0,0,0,0,21.8,90.27,0,0
2024,6,27,2,0,0,0,0,21.400000000000002,92.23,0,0
2024,6,27,3,0,0,0,0,21,94.35000000000001,0,0
2024,6,27,4,0,0,0,0,20.700000000000003,95.85000000000001,0,0
2024,6,27,5,0,0,0,0,20.400000000000002,97.31,0,0
2024,6,27,6,0,0,0,0,20.400000000000002,96.55,0,0
2024,6,27,7,0,40,433,107,21.8,86.72,0,1
2024,6,27,8,0,65,675,305,24.1,71.60000000000001,0,0
2024,6,27,9,0,82,772,487,26.5,59.5,0,0
2024,6,27,10,0,90,829,628,28.400000000000002,52.97,0,0
2024,6,27,11,0,94,854,709,29.8,48.51,0,0
2024,6,27,12,0,95,860,725,30.8,44.910000000000004,0,0
2024,6,27,13,0,93,842,671,31.1,44.38,0,0
2024,6,27,14,0,88,799,556,30.8,46.02,0,0
2024,6,27,15,0,77,713,388,29.900000000000002,49.69,0,0
2024,6,27,16,0,58,537,191,28.400000000000002,57.02,0,0
2024,6,27,17,0,15,110,19,26.400000000000002,66.93,0,1
2024,6,27,18,0,0,0,0,25.3,74.43,0,0
2024,6,27,19,0,0,0,0,24.5,80.67,0,0
2024,6,27,20,0,0,0,0,23.8,85.75,0,0
2024,6,27,21,0,0,0,0,23.3,89.55,0,0
2024,6,27,22,0,0,0,0,23,91.95,0,0
2024,6,27,23,0,0,0,0,22.8,93.68,0,0
2024,6,28,0,0,0,0,0,22.6,95.43,0,0
2024,6,28,1,0,0,0,0,22.400000000000002,97.02,0,0
2024,6,28,2,0,0,0,0,22.1,99.21000000000001,0,0
2024,6,28,3,0,0,0,0,22,100,0,0
2024,6,28,4,0,0,0,0,22.1,99.88,0,0
2024,6,28,5,0,0,0,0,22,100,0,1
2024,6,28,6,0,0,0,0,21.900000000000002,100,0,1
2024,6,28,7,0,44,379,102,23.5,91.81,0,1
2024,6,28,8,0,72,636,298,25.400000000000002,78.07000000000001,0,1
2024,6,28,9,0,104,706,474,26.8,69.2,0,0
2024,6,28,10,0,112,772,613,28,63.27,0,1
2024,6,28,11,0,386,125,476,28.8,59.57,0,2
2024,6,28,12,0,113,816,712,29.400000000000002,56.160000000000004,0,1
2024,6,28,13,0,109,804,662,29.6,54.480000000000004,0,0
2024,6,28,14,0,100,763,548,29.5,54.300000000000004,0,1
2024,6,28,15,0,88,672,382,29,55.69,0,1
2024,6,28,16,0,63,501,188,27.900000000000002,60.410000000000004,0,1
2024,6,28,17,0,15,91,19,26.3,67.68,0,1
2024,6,28,18,0,0,0,0,25.200000000000003,73.59,0,0
2024,6,28,19,0,0,0,0,24.5,78.45,0,0
2024,6,28,20,0,0,0,0,23.900000000000002,82.86,0,0
2024,6,28,21,0,0,0,0,23.5,85.86,0,0
2024,6,28,22,0,0,0,0,23.1,88.59,0,0
2024,6,28,23,0,0,0,0,22.700000000000003,91.12,0,0
2024,6,29,0,0,0,0,0,22.400000000000002,93.02,0,0
2024,6,29,1,0,0,0,0,22,95.7,0,0
2024,6,29,2,0,0,0,0,21.700000000000003,97.74000000000001,0,0
2024,6,29,3,0,0,0,0,21.5,98.75,0,1
2024,6,29,4,0,0,0,0,21.3,99.33,0,1
2024,6,29,5,0,0,0,0,21.200000000000003,99.11,0,0
2024,6,29,6,0,0,0,0,21.3,97.52,0,0
2024,6,29,7,0,44,382,102,22.6,89.01,0,1
2024,6,29,8,0,72,641,300,24.700000000000003,76.2,0,0
2024,6,29,9,0,92,742,481,26.8,65.07000000000001,0,0
2024,6,29,10,0,100,805,623,28.8,55.42,0,0
2024,6,29,11,0,104,837,707,30.400000000000002,47.78,0,0
2024,6,29,12,0,104,845,725,31.5,42.57,0,0
2024,6,29,13,0,100,831,673,32.1,39.550000000000004,0,0
2024,6,29,14,0,93,790,558,32.1,38.800000000000004,0,0
2024,6,29,15,0,82,702,390,31.400000000000002,40.94,0,0
2024,6,29,16,0,60,532,193,29.700000000000003,49.730000000000004,0,0
2024,6,29,17,0,15,113,20,27.5,58.910000000000004,0,0
2024,6,29,18,0,0,0,0,26.200000000000003,66.18,0,0
2024,6,29,19,0,0,0,0,25.3,72.36,0,0
2024,6,29,20,0,0,0,0,24.700000000000003,77.39,0,0
2024,6,29,21,0,0,0,0,24.200000000000003,81.64,0,0
2024,6,29,22,0,0,0,0,23.700000000000003,85.61,0,3
2024,6,29,23,0,0,0,0,23.3,88.32000000000001,0,0
2024,6,30,0,0,0,0,0,22.700000000000003,91.82000000000001,0,0
2024,6,30,1,0,0,0,0,22.200000000000003,95.61,0,1
2024,6,30,2,0,0,0,0,21.700000000000003,100,0,1
2024,6,30,3,0,0,0,0,21.400000000000002,100,0,0
2024,6,30,4,0,0,0,0,21.5,100,0,3
2024,6,30,5,0,0,0,0,21.6,100,0,3
2024,6,30,6,0,0,0,0,22.1,100,0,1
2024,6,30,7,0,57,235,93,23.8,92.46000000000001,0,1
2024,6,30,8,0,107,483,279,25.5,80.45,0,0
2024,6,30,9,0,225,13,232,26.8,71.46000000000001,0,3
2024,6,30,10,0,175,629,584,27.8,65.46000000000001,0,1
2024,6,30,11,0,187,659,662,28.3,62.04,0,1
2024,6,30,12,0,376,68,426,28.5,60.53,0,2
2024,6,30,13,0,361,66,406,28.3,61.14,0,2
2024,6,30,14,0,174,575,513,27.6,64.21000000000001,0,1
2024,6,30,15,0,141,489,355,26.6,69.16,0,1
2024,6,30,16,0,95,300,171,25.400000000000002,75.71000000000001,0,0
2024,6,30,17,0,14,12,14,24.200000000000003,83.06,0,1
2024,6,30,18,0,0,0,0,23.6,87.48,0,0
2024,6,30,19,0,0,0,0,23.200000000000003,90.2,0,1
2024,6,30,20,0,0,0,0,22.8,92.68,0,0
2024,6,30,21,0,0,0,0,22.5,94.7,0,0
2024,6,30,22,0,0,0,0,22.3,95.79,0,0
2024,6,30,23,0,0,0,0,22.200000000000003,95.8,0,0
2024,7,1,0,0,0,0,0,22,96.52,0,0
2024,7,1,1,0,0,0,0,21.900000000000002,96.54,0,3
2024,7,1,2,0,0,0,0,21.8,96.84,0,7
2024,7,1,3,0,0,0,0,21.8,96.62,0,1
2024,7,1,4,0,0,0,0,21.700000000000003,97.09,0,3
2024,7,1,5,0,0,0,0,21.700000000000003,97.21000000000001,0,1
2024,7,1,6,0,0,0,0,21.8,96.87,0,1
2024,7,1,7,0,67,3,67,22.5,93.5,0,3
2024,7,1,8,0,94,534,283,23.700000000000003,85.11,0,0
2024,7,1,9,0,126,633,458,25.200000000000003,75.11,0,1
2024,7,1,10,0,344,85,400,26.400000000000002,68.17,0,2
2024,7,1,11,0,330,33,354,27.200000000000003,64.01,0,2
2024,7,1,12,0,386,104,463,27.5,62.5,0,3
2024,7,1,13,0,293,11,300,27.400000000000002,62.52,0,3
2024,7,1,14,0,151,0,151,27,63.72,0,3
2024,7,1,15,0,161,3,162,26.200000000000003,67.29,0,3
2024,7,1,16,0,84,370,178,25,73.61,0,0
2024,7,1,17,0,16,26,17,23.900000000000002,80.3,0,1
2024,7,1,18,0,0,0,0,23.3,84.85000000000001,0,0
2024,7,1,19,0,0,0,0,22.8,88.41,0,1
2024,7,1,20,0,0,0,0,22.5,90.66,0,3
2024,7,1,21,0,0,0,0,22.200000000000003,92.85000000000001,0,0
2024,7,1,22,0,0,0,0,22,94.41,0,3
2024,7,1,23,0,0,0,0,21.8,95.93,0,1
2024,7,2,0,0,0,0,0,21.700000000000003,96.79,0,1
2024,7,2,1,0,0,0,0,21.6,97.64,0,1
2024,7,2,2,0,0,0,0,21.400000000000002,98.8,0,0
2024,7,2,3,0,0,0,0,21.400000000000002,98.35000000000001,0,0
2024,7,2,4,0,0,0,0,21.400000000000002,98.01,0,1
2024,7,2,5,0,0,0,0,21.5,97.2,0,0
2024,7,2,6,0,0,0,0,21.700000000000003,95.9,0,2
2024,7,2,7,0,45,354,100,23,90.11,0,1
2024,7,2,8,0,73,627,296,24.700000000000003,78.38,0,1
2024,7,2,9,0,94,725,474,26.3,68.11,0,0
2024,7,2,10,0,310,59,349,27.400000000000002,62.92,0,3
2024,7,2,11,0,231,1,232,28.1,59.47,0,3
2024,7,2,12,0,146,0,146,28.5,57.370000000000005,0,3
2024,7,2,13,0,304,21,318,28.5,56.78,0,3
2024,7,2,14,0,298,63,335,28.3,56.79,0,2
2024,7,2,15,0,233,86,271,27.6,58.910000000000004,0,3
2024,7,2,16,0,122,158,162,26.5,63.18,0,3
2024,7,2,17,0,15,0,15,25.200000000000003,69.98,0,3
2024,7,2,18,0,0,0,0,24.3,76.02,0,3
2024,7,2,19,0,0,0,0,23.6,81.67,0,1
2024,7,2,20,0,0,0,0,23,86.35000000000001,0,1
2024,7,2,21,0,0,0,0,22.5,90.33,0,3
2024,7,2,22,0,0,0,0,22,94.33,0,0
2024,7,2,23,0,0,0,0,21.6,97.74000000000001,0,1
2024,7,3,0,0,0,0,0,21.400000000000002,99.56,0,1
2024,7,3,1,0,0,0,0,21.200000000000003,100,0,3
2024,7,3,2,0,0,0,0,21,100,0,0
2024,7,3,3,0,0,0,0,20.900000000000002,100,0,0
2024,7,3,4,0,0,0,0,20.8,100,0,0
2024,7,3,5,0,0,0,0,20.700000000000003,100,0,0
2024,7,3,6,0,0,0,0,21,100,0,0
2024,7,3,7,0,37,466,108,22.5,91.56,0,1
2024,7,3,8,0,58,704,308,24.5,77.27,0,0
2024,7,3,9,0,76,789,490,26.1,66.29,0,0
2024,7,3,10,0,84,843,632,27.200000000000003,58.730000000000004,0,1
2024,7,3,11,0,89,865,715,28,54.120000000000005,0,1
2024,7,3,12,0,369,95,439,28.5,51.88,0,3
2024,7,3,13,0,364,109,440,28.700000000000003,50.79,0,2
2024,7,3,14,0,163,0,163,28.5,50.980000000000004,0,3
2024,7,3,15,0,75,732,400,27.900000000000002,52.39,0,1
2024,7,3,16,0,55,581,203,26.900000000000002,55.97,0,0
2024,7,3,17,0,17,165,24,25.3,62.38,0,0
2024,7,3,18,0,0,0,0,24.400000000000002,66.96000000000001,0,0
2024,7,3,19,0,0,0,0,23.700000000000003,71.8,0,0
2024,7,3,20,0,0,0,0,23.1,75.9,0,0
2024,7,3,21,0,0,0,0,22.6,79.03,0,0
2024,7,3,22,0,0,0,0,22.200000000000003,81.22,0,0
2024,7,3,23,0,0,0,0,21.8,82.95,0,0
2024,7,4,0,0,0,0,0,21.5,83.98,0,0
2024,7,4,1,0,0,0,0,21,86.09,0,0
2024,7,4,2,0,0,0,0,20.6,87.7,0,0
2024,7,4,3,0,0,0,0,20.200000000000003,89.74,0,0
2024,7,4,4,0,0,0,0,19.700000000000003,92.75,0,0
2024,7,4,5,0,0,0,0,19.400000000000002,94.95,0,0
2024,7,4,6,0,0,0,0,19.400000000000002,95.18,0,0
2024,7,4,7,0,39,458,109,21,85.51,0,1
2024,7,4,8,0,61,703,311,24.1,66.01,0,0
2024,7,4,9,0,75,802,497,26.5,53.79,0,0
2024,7,4,10,0,83,856,641,28,49.4,0,0
2024,7,4,11,0,87,880,725,29.1,46.02,0,0
2024,7,4,12,0,88,884,742,29.700000000000003,44.31,0,0
2024,7,4,13,0,334,48,367,29.700000000000003,44.74,0,2
2024,7,4,14,0,125,0,125,29.3,46.21,0,3
2024,7,4,15,0,236,133,295,28.6,48.53,0,2
2024,7,4,16,0,54,598,207,27.400000000000002,53.11,0,1
2024,7,4,17,0,12,0,12,25.5,60.44,0,3
2024,7,4,18,0,0,0,0,24.6,64.66,0,0
2024,7,4,19,0,0,0,0,23.900000000000002,68.33,0,0
2024,7,4,20,0,0,0,0,23.200000000000003,71.73,0,0
2024,7,4,21,0,0,0,0,22.700000000000003,74.10000000000001,0,0
2024,7,4,22,0,0,0,0,22.3,75.99,0,0
2024,7,4,23,0,0,0,0,21.900000000000002,78.15,0,0
2024,7,5,0,0,0,0,0,21.400000000000002,80.82000000000001,0,0
2024,7,5,1,0,0,0,0,21,83.24,0,0
2024,7,5,2,0,0,0,0,20.5,86.52,0,0
2024,7,5,3,0,0,0,0,20.1,89.28,0,0
2024,7,5,4,0,0,0,0,19.6,92.75,0,0
2024,7,5,5,0,0,0,0,19.200000000000003,95.98,0,0
2024,7,5,6,0,0,0,0,19,98.18,0,1
2024,7,5,7,0,40,453,109,20.700000000000003,88.39,0,1
2024,7,5,8,0,64,700,313,23.5,72.34,0,0
2024,7,5,9,0,77,806,501,25.8,60.89,0,0
2024,7,5,10,0,86,854,643,27.200000000000003,54,0,0
2024,7,5,11,0,93,872,726,28.200000000000003,50,0,1
2024,7,5,12,0,99,867,740,28.8,47.13,0,1
2024,7,5,13,0,102,837,685,28.900000000000002,46.75,0,0
2024,7,5,14,0,102,775,564,28.700000000000003,47.95,0,0
2024,7,5,15,0,76,740,406,28,51.01,0,1
2024,7,5,16,0,59,564,204,26.900000000000002,56.39,0,1
2024,7,5,17,0,17,145,24,25.1,65.87,0,1
2024,7,5,18,0,0,0,0,24.3,73.06,0,0
2024,7,5,19,0,0,0,0,23.5,80.17,0,0
2024,7,5,20,0,0,0,0,23,85.22,0,0
2024,7,5,21,0,0,0,0,22.5,89.59,0,0
2024,7,5,22,0,0,0,0,22.200000000000003,92.44,0,0
2024,7,5,23,0,0,0,0,21.900000000000002,94.91,0,3
2024,7,6,0,0,0,0,0,21.6,96.98,0,1
2024,7,6,1,0,0,0,0,21.3,98.89,0,0
2024,7,6,2,0,0,0,0,21.1,100,0,0
2024,7,6,3,0,0,0,0,21,100,0,0
2024,7,6,4,0,0,0,0,20.8,100,0,0
2024,7,6,5,0,0,0,0,20.6,100,0,1
2024,7,6,6,0,0,0,0,20.700000000000003,100,0,3
2024,7,6,7,0,42,398,103,22.6,91.07000000000001,0,1
2024,7,6,8,0,70,648,301,25.200000000000003,75.07000000000001,0,0
2024,7,6,9,0,82,770,487,26.900000000000002,65.75,0,0
2024,7,6,10,0,91,822,628,28.200000000000003,59.480000000000004,0,0
2024,7,6,11,0,98,843,710,29.200000000000003,54.14,0,1
2024,7,6,12,0,100,844,727,29.6,51.51,0,0
2024,7,6,13,0,101,821,673,29.6,51.550000000000004,0,1
2024,7,6,14,0,313,187,424,29.1,53.82,0,2
2024,7,6,15,0,79,709,396,28.200000000000003,58.02,0,0
2024,7,6,16,0,60,541,200,27,63.870000000000005,0,1
2024,7,6,17,0,18,127,24,25.6,71.86,0,1
2024,7,6,18,0,0,0,0,24.8,77.49,0,0
2024,7,6,19,0,0,0,0,24.200000000000003,81.5,0,0
2024,7,6,20,0,0,0,0,23.8,84.05,0,0
2024,7,6,21,0,0,0,0,23.400000000000002,86.51,0,0
2024,7,6,22,0,0,0,0,23.1,88.43,0,0
2024,7,6,23,0,0,0,0,22.8,90.21000000000001,0,0
2024,7,7,0,0,0,0,0,22.700000000000003,90.82000000000001,0,0
2024,7,7,1,0,0,0,0,22.6,91.24,0,1
2024,7,7,2,0,0,0,0,22.6,91.18,0,0
2024,7,7,3,0,0,0,0,22.5,91.67,0,0
2024,7,7,4,0,0,0,0,22.200000000000003,93.25,0,1
2024,7,7,5,0,0,0,0,22.1,93.53,0,0
2024,7,7,6,0,0,0,0,22.1,93.10000000000001,0,0
2024,7,7,7,0,42,406,104,23.3,86.27,0,1
2024,7,7,8,0,68,658,303,25.400000000000002,70.32000000000001,0,0
2024,7,7,9,0,83,771,490,26.8,61.82,0,0
2024,7,7,10,0,92,825,632,27.8,57.47,0,1
2024,7,7,11,0,97,852,717,28.5,54.04,0,1
2024,7,7,12,0,261,1,262,28.900000000000002,52.02,0,3
2024,7,7,13,0,362,95,428,28.900000000000002,51.75,0,3
2024,7,7,14,0,91,797,568,28.5,53.07,0,1
2024,7,7,15,0,83,706,400,27.900000000000002,55.34,0,1
2024,7,7,16,0,62,537,202,26.8,59.83,0,0
2024,7,7,17,0,19,126,25,25.3,67.03,0,1
2024,7,7,18,0,0,0,0,24.400000000000002,73.10000000000001,0,0
2024,7,7,19,0,0,0,0,23.700000000000003,78.26,0,0
2024,7,7,20,0,0,0,0,23.1,82.57000000000001,0,1
2024,7,7,21,0,0,0,0,22.6,86.03,0,7
2024,7,7,22,0,0,0,0,22.200000000000003,88.84,0,7
2024,7,7,23,0,0,0,0,21.8,91.51,0,8
2024,7,8,0,0,0,0,0,21.400000000000002,94.44,0,7
2024,7,8,1,0,0,0,0,21.1,96.83,0,3
2024,7,8,2,0,0,0,0,20.8,99.34,0,7
2024,7,8,3,0,0,0,0,20.5,100,0,3
2024,7,8,4,0,0,0,0,20.400000000000002,100,0,8
2024,7,8,5,0,0,0,0,20.400000000000002,100,0,0
2024,7,8,6,0,0,0,0,20.700000000000003,98.67,0,1
2024,7,8,7,0,42,409,105,22.200000000000003,89.35000000000001,0,1
2024,7,8,8,0,68,661,304,24.400000000000002,76.65,0,0
2024,7,8,9,0,80,776,490,26.3,65.03,0,0
2024,7,8,10,0,88,830,633,28,57.53,0,0
2024,7,8,11,0,93,856,716,29.3,52.33,0,0
2024,7,8,12,0,92,863,735,30.200000000000003,47.96,0,0
2024,7,8,13,0,91,844,682,30.6,46.15,0,0
2024,7,8,14,0,87,802,568,30.400000000000002,47.12,0,0
2024,7,8,15,0,76,721,401,29.700000000000003,50.11,0,0
2024,7,8,16,0,58,559,204,28.3,56.74,0,0
2024,7,8,17,0,18,156,26,26.5,66.24,0,0
2024,7,8,18,0,0,0,0,25.5,73.03,0,0
2024,7,8,19,0,0,0,0,24.700000000000003,79.77,0,0
2024,7,8,20,0,0,0,0,24.1,84.82000000000001,0,0
2024,7,8,21,0,0,0,0,23.700000000000003,88.05,0,0
2024,7,8,22,0,0,0,0,23.3,90.64,0,0
2024,7,8,23,0,0,0,0,23,92.31,0,0
2024,7,9,0,0,0,0,0,22.6,94.54,0,0
2024,7,9,1,0,0,0,0,22.200000000000003,96.72,0,0
2024,7,9,2,0,0,0,0,21.8,99.08,0,1
2024,7,9,3,0,0,0,0,21.5,100,0,1
2024,7,9,4,0,0,0,0,21.3,100,0,1
2024,7,9,5,0,0,0,0,21.200000000000003,100,0,0
2024,7,9,6,0,0,0,0,21.1,100,0,3
2024,7,9,7,0,44,377,102,22.8,91.73,0,1
2024,7,9,8,0,73,638,301,25,77.82000000000001,0,0
2024,7,9,9,0,166,461,410,26.8,67.22,0,8
2024,7,9,10,0,330,256,499,28.1,60.74,0,3
2024,7,9,11,0,250,418,555,29.1,55.83,0,7
2024,7,9,12,0,103,843,731,29.6,53.14,0,1
2024,7,9,13,0,101,826,681,29.700000000000003,52.53,0,0
2024,7,9,14,0,266,23,280,29.3,53.97,0,2
2024,7,9,15,0,81,713,403,28.5,57.2,0,0
2024,7,9,16,0,60,552,206,27.3,62.76,0,0
2024,7,9,17,0,19,146,27,25.700000000000003,71.64,0,1
2024,7,9,18,0,0,0,0,24.8,78.2,0,0
2024,7,9,19,0,0,0,0,24.200000000000003,83.66,0,0
2024,7,9,20,0,0,0,0,23.700000000000003,87.93,0,0
2024,7,9,21,0,0,0,0,23.3,91.16,0,0
2024,7,9,22,0,0,0,0,22.900000000000002,94.08,0,0
2024,7,9,23,0,0,0,0,22.6,96.25,0,0
2024,7,10,0,0,0,0,0,22.200000000000003,98.71000000000001,0,0
2024,7,10,1,0,0,0,0,22,99.84,0,3
2024,7,10,2,0,0,0,0,21.700000000000003,100,0,0
2024,7,10,3,0,0,0,0,21.6,100,0,1
2024,7,10,4,0,0,0,0,21.400000000000002,100,0,3
2024,7,10,5,0,0,0,0,21.3,100,0,1
2024,7,10,6,0,0,0,0,21.400000000000002,100,0,1
2024,7,10,7,0,42,416,106,22.700000000000003,93.35000000000001,0,1
2024,7,10,8,0,68,668,308,24.8,79.76,0,0
2024,7,10,9,0,83,778,496,26.8,67.56,0,0
2024,7,10,10,0,91,833,639,28.200000000000003,59.96,0,0
2024,7,10,11,0,96,861,726,29.200000000000003,54.22,0,0
2024,7,10,12,0,97,866,744,29.900000000000002,50.14,0,0
2024,7,10,13,0,359,86,420,30.200000000000003,48.09,0,2
2024,7,10,14,0,223,2,224,30.1,48.13,0,3
2024,7,10,15,0,77,736,411,29.5,50.42,0,1
2024,7,10,16,0,59,577,212,28.200000000000003,56.5,0,0
2024,7,10,17,0,20,166,28,26.3,66.73,0,0
2024,7,10,18,0,0,0,0,25.3,73.89,0,0
2024,7,10,19,0,0,0,0,24.700000000000003,79.56,0,0
2024,7,10,20,0,0,0,0,24.1,84.33,0,0
2024,7,10,21,0,0,0,0,23.700000000000003,87.26,0,0
2024,7,10,22,0,0,0,0,23.3,89.65,0,0
2024,7,10,23,0,0,0,0,23,91.33,0,0
2024,7,11,0,0,0,0,0,22.700000000000003,93.01,0,1
2024,7,11,1,0,0,0,0,22.3,95.33,0,0
2024,7,11,2,0,0,0,0,22,97.07000000000001,0,0
2024,7,11,3,0,0,0,0,21.6,99.55,0,0
2024,7,11,4,0,0,0,0,21.400000000000002,100,0,0
2024,7,11,5,0,0,0,0,21.200000000000003,100,0,0
2024,7,11,6,0,0,0,0,21.3,99.9,0,0
2024,7,11,7,0,45,376,104,22.900000000000002,90.03,0,1
2024,7,11,8,0,75,633,303,25,78.07000000000001,0,0
2024,7,11,9,0,84,772,494,26.8,68.97,0,0
2024,7,11,10,0,90,835,640,28.200000000000003,62.410000000000004,0,0
2024,7,11,11,0,93,865,727,29.3,56.85,0,1
2024,7,11,12,0,94,872,747,29.8,53.51,0,1
2024,7,11,13,0,92,859,698,29.900000000000002,51.96,0,0
2024,7,11,14,0,86,824,585,29.5,52.84,0,0
2024,7,11,15,0,75,755,418,28.6,56.08,0,0
2024,7,11,16,0,57,599,217,27.400000000000002,61.68,0,0
2024,7,11,17,0,20,183,30,25.6,71.21000000000001,0,0
2024,7,11,18,0,0,0,0,24.700000000000003,77.60000000000001,0,0
2024,7,11,19,0,0,0,0,24.1,82.41,0,0
2024,7,11,20,0,0,0,0,23.6,86.28,0,0
2024,7,11,21,0,0,0,0,23.1,90,0,0
2024,7,11,22,0,0,0,0,22.700000000000003,93.12,0,0
2024,7,11,23,0,0,0,0,22.3,96.10000000000001,0,0
2024,7,12,0,0,0,0,0,22,98.35000000000001,0,0
2024,7,12,1,0,0,0,0,21.700000000000003,100,0,0
2024,7,12,2,0,0,0,0,21.400000000000002,100,0,0
2024,7,12,3,0,0,0,0,21.3,100,0,0
2024,7,12,4,0,0,0,0,21.200000000000003,100,0,0
2024,7,12,5,0,0,0,0,21.200000000000003,100,0,1
2024,7,12,6,0,0,0,0,21.400000000000002,100,0,1
2024,7,12,7,0,23,0,23,22.6,96.08,0,3
2024,7,12,8,0,109,1,110,24.1,86.73,0,3
2024,7,12,9,0,143,0,144,26.3,69.61,0,3
2024,7,12,10,0,334,78,385,27.5,61.980000000000004,0,3
2024,7,12,11,0,346,45,380,28.3,58.2,0,3
2024,7,12,12,0,402,151,515,28.8,55.800000000000004,0,3
2024,7,12,13,0,93,854,697,29.1,54.03,0,1
2024,7,12,14,0,227,2,229,28.8,54.370000000000005,0,3
2024,7,12,15,0,80,729,413,28.1,56.82,0,1
2024,7,12,16,0,61,567,213,26.900000000000002,61.83,0,1
2024,7,12,17,0,20,164,29,25.5,68.93,0,0
2024,7,12,18,0,0,0,0,24.6,74.02,0,0
2024,7,12,19,0,0,0,0,23.900000000000002,78.26,0,0
2024,7,12,20,0,0,0,0,23.400000000000002,81.21000000000001,0,1
2024,7,12,21,0,0,0,0,22.900000000000002,83.9,0,1
2024,7,12,22,0,0,0,0,22.5,85.98,0,3
2024,7,12,23,0,0,0,0,22.1,87.78,0,1
2024,7,13,0,0,0,0,0,21.900000000000002,88.19,0,0
2024,7,13,1,0,0,0,0,21.8,87.88,0,1
2024,7,13,2,0,0,0,0,21.700000000000003,87.9,0,0
2024,7,13,3,0,0,0,0,21.400000000000002,89.23,0,0
2024,7,13,4,0,0,0,0,21.200000000000003,90.03,0,1
2024,7,13,5,0,0,0,0,21.1,90.3,0,1
2024,7,13,6,0,0,0,0,21.3,89.2,0,3
2024,7,13,7,0,43,0,43,22.8,81.71000000000001,0,3
2024,7,13,8,0,86,0,86,24.8,65.37,0,3
2024,7,13,9,0,270,51,297,26.200000000000003,56.730000000000004,0,3
2024,7,13,10,0,353,101,419,27.200000000000003,52.050000000000004,0,3
2024,7,13,11,0,393,123,483,27.900000000000002,49.49,0,3
2024,7,13,12,0,305,4,308,28.200000000000003,48.28,0,3
2024,7,13,13,0,201,0,201,28.200000000000003,47.86,0,3
2024,7,13,14,0,217,1,218,27.900000000000002,48.71,0,3
2024,7,13,15,0,187,9,191,27.200000000000003,50.89,0,3
2024,7,13,16,0,56,611,221,26.200000000000003,54.93,0,1
2024,7,13,17,0,20,210,32,24.5,64.07000000000001,0,1
2024,7,13,18,0,0,0,0,23.6,70.8,0,3
2024,7,13,19,0,0,0,0,23,75.52,0,0
2024,7,13,20,0,0,0,0,22.5,79.17,0,0
2024,7,13,21,0,0,0,0,22.1,81.98,0,0
2024,7,13,22,0,0,0,0,21.700000000000003,84.64,0,0
2024,7,13,23,0,0,0,0,21.3,87.07000000000001,0,0
2024,7,14,0,0,0,0,0,21.1,88.16,0,1
2024,7,14,1,0,0,0,0,21.1,87.92,0,0
2024,7,14,2,0,0,0,0,21.5,85.4,0,3
2024,7,14,3,0,0,0,0,21.700000000000003,83.22,0,0
2024,7,14,4,0,0,0,0,21.700000000000003,82.29,0,0
2024,7,14,5,0,0,0,0,21.6,82.13,0,0
2024,7,14,6,0,0,0,0,21.700000000000003,81.25,0,0
2024,7,14,7,0,38,471,112,22.5,80.87,0,0
2024,7,14,8,0,60,707,316,23.900000000000002,73.60000000000001,0,0
2024,7,14,9,0,82,780,500,25.6,62.13,0,0
2024,7,14,10,0,94,826,641,26.8,56.2,0,1
2024,7,14,11,0,330,19,344,27.6,53.25,0,3
2024,7,14,12,0,237,1,237,28.200000000000003,51.550000000000004,0,3
2024,7,14,13,0,174,0,174,28.400000000000002,50.84,0,3
2024,7,14,14,0,324,90,379,28.200000000000003,51.620000000000005,0,3
2024,7,14,15,0,244,134,306,27.6,53.660000000000004,0,2
2024,7,14,16,0,62,562,215,26.700000000000003,57.300000000000004,0,0
2024,7,14,17,0,22,168,31,25.1,64.93,0,0
2024,7,14,18,0,0,0,0,24.3,69.7,0,1
2024,7,14,19,0,0,0,0,23.6,73.60000000000001,0,0
2024,7,14,20,0,0,0,0,22.900000000000002,77.32000000000001,0,0
2024,7,14,21,0,0,0,0,22.400000000000002,79.96000000000001,0,3
2024,7,14,22,0,0,0,0,22,82.21000000000001,0,3
2024,7,14,23,0,0,0,0,21.6,84.72,0,3
2024,7,15,0,0,0,0,0,21.3,86.85000000000001,0,3
2024,7,15,1,0,0,0,0,21,89.01,0,3
2024,7,15,2,0,0,0,0,20.6,91.76,0,3
2024,7,15,3,0,0,0,0,20.200000000000003,94.67,0,3
2024,7,15,4,0,0,0,0,19.8,97.72,0,3
2024,7,15,5,0,0,0,0,19.400000000000002,100,0,3
2024,7,15,6,0,0,0,0,19.400000000000002,100,0,3
2024,7,15,7,0,52,0,52,21.3,88.91,0,3
2024,7,15,8,0,192,97,227,24.1,72.71000000000001,0,3
2024,7,15,9,0,283,175,377,26.400000000000002,59.910000000000004,0,3
2024,7,15,10,0,86,857,656,27.8,52.03,0,0
2024,7,15,11,0,91,880,742,28.6,47.74,0,0
2024,7,15,12,0,92,882,759,29.1,45.9,0,0
2024,7,15,13,0,91,867,708,29.200000000000003,45.230000000000004,0,0
2024,7,15,14,0,87,827,593,29,45.77,0,0
2024,7,15,15,0,79,741,422,28.400000000000002,47.84,0,0
2024,7,15,16,0,61,582,220,27.200000000000003,52.6,0,0
2024,7,15,17,0,22,182,33,25.400000000000002,61.53,0,0
2024,7,15,18,0,0,0,0,24.5,68.1,0,0
2024,7,15,19,0,0,0,0,23.900000000000002,73.69,0,0
2024,7,15,20,0,0,0,0,23.3,78.38,0,0
2024,7,15,21,0,0,0,0,22.700000000000003,82.46000000000001,0,0
2024,7,15,22,0,0,0,0,22.200000000000003,85.67,0,0
2024,7,15,23,0,0,0,0,21.700000000000003,88.73,0,0
2024,7,16,0,0,0,0,0,21.3,91.19,0,0
2024,7,16,1,0,0,0,0,21.1,92.51,0,1
2024,7,16,2,0,0,0,0,21.200000000000003,92.12,0,0
2024,7,16,3,0,0,0,0,21.400000000000002,90.29,0,0
2024,7,16,4,0,0,0,0,21.6,88.63,0,1
2024,7,16,5,0,0,0,0,21.6,88.36,0,3
2024,7,16,6,0,0,0,0,21.6,87.96000000000001,0,1
2024,7,16,7,0,40,460,113,22.700000000000003,82.99,0,0
2024,7,16,8,0,63,704,320,24.900000000000002,69.11,0,0
2024,7,16,9,0,82,790,507,26.400000000000002,59.03,0,0
2024,7,16,10,0,89,846,653,27.5,52.34,0,0
2024,7,16,11,0,350,45,383,28.1,50.27,0,2
2024,7,16,12,0,96,872,757,28.400000000000002,49.18,0,1
2024,7,16,13,0,93,859,707,28.400000000000002,48.92,0,1
2024,7,16,14,0,88,820,592,28,50.06,0,1
2024,7,16,15,0,151,1,152,27.400000000000002,52.19,0,2
2024,7,16,16,0,62,581,221,26.400000000000002,56.34,0,1
2024,7,16,17,0,22,185,33,24.900000000000002,64.95,0,0
2024,7,16,18,0,0,0,0,24,72.15,0,0
2024,7,16,19,0,0,0,0,23.3,77.81,0,0
2024,7,16,20,0,0,0,0,22.700000000000003,82.35000000000001,0,0
2024,7,16,21,0,0,0,0,22.200000000000003,86.03,0,0
2024,7,16,22,0,0,0,0,21.700000000000003,89.35000000000001,0,0
2024,7,16,23,0,0,0,0,21.400000000000002,91.34,0,0
2024,7,17,0,0,0,0,0,21.200000000000003,92.58,0,0
2024,7,17,1,0,0,0,0,21.1,93.3,0,1
2024,7,17,2,0,0,0,0,21.1,93.3,0,3
2024,7,17,3,0,0,0,0,21.3,91.7,0,3
2024,7,17,4,0,0,0,0,21.6,89.02,0,3
2024,7,17,5,0,0,0,0,21.700000000000003,87.65,0,0
2024,7,17,6,0,0,0,0,21.8,86.60000000000001,0,1
2024,7,17,7,0,39,482,116,22.700000000000003,82.7,0,0
2024,7,17,8,0,61,720,324,24.900000000000002,69.03,0,0
2024,7,17,9,0,76,810,513,26.400000000000002,58.29,0,0
2024,7,17,10,0,84,861,659,27.700000000000003,50.99,0,0
2024,7,17,11,0,88,885,746,28.6,46.61,0,1
2024,7,17,12,0,88,891,765,29.1,44.47,0,1
2024,7,17,13,0,87,877,715,29.400000000000002,42.980000000000004,0,0
2024,7,17,14,0,82,838,598,29.200000000000003,43.79,0,1
2024,7,17,15,0,75,759,429,28.6,46.2,0,1
2024,7,17,16,0,128,11,131,27.5,50.81,0,2
2024,7,17,17,0,22,201,34,25.6,59.5,0,1
2024,7,17,18,0,0,0,0,24.6,66.55,0,3
2024,7,17,19,0,0,0,0,23.900000000000002,72.62,0,1
2024,7,17,20,0,0,0,0,23.3,77.09,0,0
2024,7,17,21,0,0,0,0,22.8,80.48,0,0
2024,7,17,22,0,0,0,0,22.3,83.47,0,0
2024,7,17,23,0,0,0,0,21.900000000000002,85.85000000000001,0,0
2024,7,18,0,0,0,0,0,21.5,87.99,0,0
2024,7,18,1,0,0,0,0,21.200000000000003,89.67,0,0
2024,7,18,2,0,0,0,0,20.8,91.91,0,0
2024,7,18,3,0,0,0,0,20.5,93.87,0,0
2024,7,18,4,0,0,0,0,20,97.29,0,0
2024,7,18,5,0,0,0,0,19.6,100,0,0
2024,7,18,6,0,0,0,0,19.700000000000003,99.33,0,0
2024,7,18,7,0,46,397,110,21.6,86.18,0,0
2024,7,18,8,0,162,270,261,24.200000000000003,66.5,0,7
2024,7,18,9,0,85,778,505,26.3,53.44,0,1
2024,7,18,10,0,179,545,544,27.900000000000002,47.08,0,7
2024,7,18,11,0,272,387,561,28.900000000000002,44.63,0,7
2024,7,18,12,0,98,869,760,29.6,41.68,0,0
2024,7,18,13,0,95,857,711,30,39.27,0,0
2024,7,18,14,0,88,822,596,30,38.89,0,0
2024,7,18,15,0,194,305,336,29.400000000000002,41.32,0,8
2024,7,18,16,0,60,598,226,28,48.800000000000004,0,0
2024,7,18,17,0,32,37,35,26,55.94,0,8
2024,7,18,18,0,0,0,0,24.8,61.2,0,8
2024,7,18,19,0,0,0,0,24,66.63,0,3
2024,7,18,20,0,0,0,0,23.3,71.39,0,3
2024,7,18,21,0,0,0,0,22.700000000000003,75.26,0,1
2024,7,18,22,0,0,0,0,22.400000000000002,77.27,0,0
2024,7,18,23,0,0,0,0,22.1,80.14,0,0
2024,7,19,0,0,0,0,0,21.6,84.89,0,0
2024,7,19,1,0,0,0,0,21.3,88.79,0,1
2024,7,19,2,0,0,0,0,21.200000000000003,91.05,0,0
2024,7,19,3,0,0,0,0,21.3,91.45,0,3
2024,7,19,4,0,0,0,0,21.3,91.82000000000001,0,0
2024,7,19,5,0,0,0,0,21.200000000000003,92.53,0,1
2024,7,19,6,0,0,0,0,21.3,92.06,0,1
2024,7,19,7,0,80,16,82,22.6,83.8,0,3
2024,7,19,8,0,76,649,316,24.1,72.34,0,0
2024,7,19,9,0,92,762,505,25.3,64.28,0,0
2024,7,19,10,0,102,817,651,26.200000000000003,59.09,0,0
2024,7,19,11,0,110,839,737,26.8,56.07,0,0
2024,7,19,12,0,116,837,755,27.1,54.93,0,0
2024,7,19,13,0,117,810,701,27,55.57,0,0
2024,7,19,14,0,113,761,585,26.5,57.9,0,0
2024,7,19,15,0,104,664,416,25.6,62.15,0,0
2024,7,19,16,0,79,487,215,24.400000000000002,68.08,0,0
2024,7,19,17,0,26,113,33,23.3,73.98,0,1
2024,7,19,18,0,0,0,0,22.700000000000003,77.88,0,0
2024,7,19,19,0,0,0,0,22.3,80.44,0,0
2024,7,19,20,0,0,0,0,22,82.37,0,0
2024,7,19,21,0,0,0,0,21.8,83.71000000000001,0,0
2024,7,19,22,0,0,0,0,21.6,84.8,0,0
2024,7,19,23,0,0,0,0,21.5,84.65,0,0
2024,7,20,0,0,0,0,0,21.3,84.75,0,0
2024,7,20,1,0,0,0,0,21.1,84.43,0,0
2024,7,20,2,0,0,0,0,20.900000000000002,84.10000000000001,0,0
2024,7,20,3,0,0,0,0,20.700000000000003,83.71000000000001,0,0
2024,7,20,4,0,0,0,0,20.700000000000003,82.77,0,0
2024,7,20,5,0,0,0,0,20.5,83.21000000000001,0,1
2024,7,20,6,0,0,0,0,20.6,82.92,0,1
2024,7,20,7,0,46,427,116,21.8,76.85000000000001,0,0
2024,7,20,8,0,71,688,326,23.5,66.57000000000001,0,0
2024,7,20,9,0,86,793,517,24.900000000000002,59.81,0,0
2024,7,20,10,0,98,839,663,25.900000000000002,55.71,0,0
2024,7,20,11,0,403,125,496,26.6,52.86,0,2
2024,7,20,12,0,367,48,404,26.900000000000002,51.57,0,2
2024,7,20,13,0,108,836,712,26.900000000000002,51.54,0,1
2024,7,20,14,0,104,790,595,26.6,53.06,0,1
2024,7,20,15,0,86,727,429,25.8,56.83,0,1
2024,7,20,16,0,64,583,228,24.700000000000003,63.13,0,0
2024,7,20,17,0,23,216,37,23.1,74.04,0,1
2024,7,20,18,0,0,0,0,22.200000000000003,82.05,0,0
2024,7,20,19,0,0,0,0,21.700000000000003,87.10000000000001,0,0
2024,7,20,20,0,0,0,0,21.3,91.03,0,0
2024,7,20,21,0,0,0,0,21.1,93.32000000000001,0,1
2024,7,20,22,0,0,0,0,21,94.42,0,3
2024,7,20,23,0,0,0,0,20.900000000000002,95.22,0,3
2024,7,21,0,0,0,0,0,20.8,96.26,0,3
2024,7,21,1,0,0,0,0,20.8,96.25,0,1
2024,7,21,2,0,0,0,0,20.700000000000003,96.72,0,0
2024,7,21,3,0,0,0,0,20.6,96.83,0,1
2024,7,21,4,0,0,0,0,20.6,96.27,0,1
2024,7,21,5,0,0,0,0,20.6,95.81,0,3
2024,7,21,6,0,0,0,0,20.900000000000002,94.06,0,1
2024,7,21,7,0,51,1,51,22,89.31,0,3
2024,7,21,8,0,141,5,143,23.6,76.63,0,3
2024,7,21,9,0,139,0,139,25.1,64.7,0,3
2024,7,21,10,0,234,1,234,26,59.94,0,3
2024,7,21,11,0,299,3,302,26.8,55.71,0,2
2024,7,21,12,0,412,149,527,27.400000000000002,53.02,0,2
2024,7,21,13,0,337,35,362,27.5,52.38,0,3
2024,7,21,14,0,108,0,108,27.200000000000003,52.65,0,3
2024,7,21,15,0,101,0,101,26.5,54.61,0,3
2024,7,21,16,0,114,5,116,25.3,59.74,0,3
2024,7,21,17,0,24,196,38,23.8,68.26,0,1
2024,7,21,18,0,0,0,0,22.900000000000002,74.39,0,3
2024,7,21,19,0,0,0,0,22.200000000000003,79.2,0,1
2024,7,21,20,0,0,0,0,21.6,83.69,0,3
2024,7,21,21,0,0,0,0,21,87.83,0,3
2024,7,21,22,0,0,0,0,20.6,90.36,0,3
2024,7,21,23,0,0,0,0,20.200000000000003,91.54,0,3
2024,7,22,0,0,0,0,0,20,91.77,0,1
2024,7,22,1,0,0,0,0,19.900000000000002,91.67,0,3
2024,7,22,2,0,0,0,0,20,90.86,0,1
2024,7,22,3,0,0,0,0,20.1,89.91,0,1
2024,7,22,4,0,0,0,0,20.400000000000002,87.74,0,3
2024,7,22,5,0,0,0,0,20.6,86.33,0,3
2024,7,22,6,0,0,0,0,20.8,85.4,0,1
2024,7,22,7,0,39,496,121,21.700000000000003,84.37,0,1
2024,7,22,8,0,171,262,269,23.200000000000003,74.63,0,3
2024,7,22,9,0,218,6,222,25,63.24,0,3
2024,7,22,10,0,82,867,670,26.400000000000002,56.88,0,1
2024,7,22,11,0,85,894,758,27.5,53.74,0,1
2024,7,22,12,0,84,904,781,28.400000000000002,50.64,0,0
2024,7,22,13,0,81,896,732,28.700000000000003,49.59,0,0
2024,7,22,14,0,324,78,373,28.6,50.050000000000004,0,2
2024,7,22,15,0,67,798,446,28.1,51.61,0,1
2024,7,22,16,0,53,656,239,27,55.34,0,0
2024,7,22,17,0,22,287,41,25,63.08,0,1
2024,7,22,18,0,0,0,0,23.900000000000002,68.73,0,0
2024,7,22,19,0,0,0,0,23.1,73.13,0,0
2024,7,22,20,0,0,0,0,22.5,76.15,0,0
2024,7,22,21,0,0,0,0,22,78.58,0,0
2024,7,22,22,0,0,0,0,21.5,81.10000000000001,0,0
2024,7,22,23,0,0,0,0,21,83.76,0,0
2024,7,23,0,0,0,0,0,20.700000000000003,85.78,0,0
2024,7,23,1,0,0,0,0,20.6,86.62,0,0
2024,7,23,2,0,0,0,0,20.700000000000003,85.93,0,0
2024,7,23,3,0,0,0,0,21,82.02,0,0
2024,7,23,4,0,0,0,0,21.3,79.19,0,0
2024,7,23,5,0,0,0,0,21.3,78.57000000000001,0,0
2024,7,23,6,0,0,0,0,21.3,78.54,0,1
2024,7,23,7,0,41,489,123,22.200000000000003,75.83,0,0
2024,7,23,8,0,65,718,334,24.200000000000003,64.65,0,1
2024,7,23,9,0,78,817,528,25.5,58.9,0,1
2024,7,23,10,0,87,867,676,26.5,54.58,0,0
2024,7,23,11,0,409,155,526,27.1,51.68,0,2
2024,7,23,12,0,405,121,498,27.6,49.410000000000004,0,3
2024,7,23,13,0,89,882,732,27.6,48.660000000000004,0,1
2024,7,23,14,0,302,55,337,27.3,49.03,0,3
2024,7,23,15,0,76,772,445,26.5,51.300000000000004,0,1
2024,7,23,16,0,59,626,239,25.400000000000002,55.67,0,1
2024,7,23,17,0,23,254,41,23.900000000000002,63.36,0,0
2024,7,23,18,0,0,0,0,22.900000000000002,70.05,0,0
2024,7,23,19,0,0,0,0,22.200000000000003,75.27,0,0
2024,7,23,20,0,0,0,0,21.6,79.51,0,0
2024,7,23,21,0,0,0,0,21.200000000000003,82.27,0,0
2024,7,23,22,0,0,0,0,20.900000000000002,83.83,0,1
2024,7,23,23,0,0,0,0,20.900000000000002,83.12,0,1
2024,7,24,0,0,0,0,0,20.900000000000002,82.62,0,0
2024,7,24,1,0,0,0,0,20.900000000000002,82.25,0,3
2024,7,24,2,0,0,0,0,21.1,80.86,0,3
2024,7,24,3,0,0,0,0,21.1,80.82000000000001,0,1
2024,7,24,4,0,0,0,0,20.900000000000002,81.96000000000001,0,1
2024,7,24,5,0,0,0,0,20.700000000000003,83.05,0,2
2024,7,24,6,0,0,0,0,20.6,84.23,0,1
2024,7,24,7,0,33,0,33,21.700000000000003,82.57000000000001,0,3
2024,7,24,8,0,143,5,145,23.5,71.92,0,3
2024,7,24,9,0,251,35,270,25.3,59.22,0,3
2024,7,24,10,0,370,154,475,26.400000000000002,52.800000000000004,0,2
2024,7,24,11,0,177,0,177,27.200000000000003,49.19,0,3
2024,7,24,12,0,98,882,781,27.700000000000003,47.37,0,1
2024,7,24,13,0,97,866,730,27.8,46.67,0,0
2024,7,24,14,0,93,826,613,27.400000000000002,47.44,0,1
2024,7,24,15,0,87,733,439,26.6,49.93,0,1
2024,7,24,16,0,66,584,234,25.400000000000002,55.4,0,0
2024,7,24,17,0,25,218,40,23.900000000000002,64.94,0,0
2024,7,24,18,0,0,0,0,22.8,72.78,0,0
2024,7,24,19,0,0,0,0,22.1,77.73,0,0
2024,7,24,20,0,0,0,0,21.5,81.97,0,1
2024,7,24,21,0,0,0,0,21,85.57000000000001,0,0
2024,7,24,22,0,0,0,0,20.700000000000003,87.95,0,1
2024,7,24,23,0,0,0,0,20.400000000000002,90.02,0,1
2024,7,25,0,0,0,0,0,20.400000000000002,90.42,0,0
2024,7,25,1,0,0,0,0,20.400000000000002,90.03,0,0
2024,7,25,2,0,0,0,0,20.400000000000002,88.78,0,0
2024,7,25,3,0,0,0,0,20.400000000000002,88.22,0,1
2024,7,25,4,0,0,0,0,20.5,87.27,0,1
2024,7,25,5,0,0,0,0,20.6,86.24,0,1
2024,7,25,6,0,0,0,0,20.700000000000003,85.52,0,1
2024,7,25,7,0,39,511,126,21.900000000000002,81.33,0,0
2024,7,25,8,0,59,736,338,24.1,66.61,0,0
2024,7,25,9,0,75,823,531,25.700000000000003,55.59,0,0
2024,7,25,10,0,84,870,679,26.8,49.6,0,0
2024,7,25,11,0,91,889,767,27.6,46.58,0,1
2024,7,25,12,0,91,893,785,28.1,45.03,0,1
2024,7,25,13,0,179,0,179,28.200000000000003,45.38,0,3
2024,7,25,14,0,286,25,302,28,46.04,0,3
2024,7,25,15,0,76,769,447,27.5,47.36,0,0
2024,7,25,16,0,59,625,240,26.5,50.5,0,0
2024,7,25,17,0,24,256,43,25,57.4,0,1
2024,7,25,18,0,0,0,0,24.1,63.14,0,0
2024,7,25,19,0,0,0,0,23.3,69.06,0,0
2024,7,25,20,0,0,0,0,22.700000000000003,74.02,0,1
2024,7,25,21,0,0,0,0,22.1,78.43,0,0
2024,7,25,22,0,0,0,0,21.700000000000003,81.65,0,0
2024,7,25,23,0,0,0,0,21.3,84.96000000000001,0,0
2024,7,26,0,0,0,0,0,20.900000000000002,88.18,0,1
2024,7,26,1,0,0,0,0,20.6,90.8,0,0
2024,7,26,2,0,0,0,0,20.1,94.76,0,1
2024,7,26,3,0,0,0,0,19.700000000000003,98.19,0,0
2024,7,26,4,0,0,0,0,19.400000000000002,100,0,0
2024,7,26,5,0,0,0,0,19.1,100,0,1
2024,7,26,6,0,0,0,0,19.400000000000002,100,0,3
2024,7,26,7,0,43,466,123,21.3,90.92,0,1
2024,7,26,8,0,66,704,334,23.900000000000002,75.24,0,1
2024,7,26,9,0,298,89,348,26,62.64,0,3
2024,7,26,10,0,91,851,675,27.400000000000002,55.21,0,1
2024,7,26,11,0,402,121,494,28.3,51.36,0,2
2024,7,26,12,0,380,63,429,28.900000000000002,48.64,0,3
2024,7,26,13,0,369,88,434,29.1,47.39,0,2
2024,7,26,14,0,90,825,614,28.900000000000002,47.730000000000004,0,1
2024,7,26,15,0,79,755,444,28.400000000000002,49.6,0,1
2024,7,26,16,0,137,13,141,27.3,54.36,0,2
2024,7,26,17,0,25,237,42,25.5,63.46,0,1
2024,7,26,18,0,0,0,0,24.400000000000002,71.38,0,1
2024,7,26,19,0,0,0,0,23.700000000000003,77.3,0,3
2024,7,26,20,0,0,0,0,23.200000000000003,81.48,0,1
2024,7,26,21,0,0,0,0,22.8,84.5,0,0
2024,7,26,22,0,0,0,0,22.400000000000002,87.12,0,0
2024,7,26,23,0,0,0,0,22,89.60000000000001,0,1
2024,7,27,0,0,0,0,0,21.6,92.27,0,3
2024,7,27,1,0,0,0,0,21.200000000000003,95.11,0,1
2024,7,27,2,0,0,0,0,20.700000000000003,98.68,0,0
2024,7,27,3,0,0,0,0,20.5,100,0,0
2024,7,27,4,0,0,0,0,20.5,100,0,1
2024,7,27,5,0,0,0,0,20.400000000000002,100,0,3
2024,7,27,6,0,0,0,0,20.400000000000002,100,0,1
2024,7,27,7,0,50,398,119,22.1,92.56,0,1
2024,7,27,8,0,78,651,327,24.6,76.15,0,1
2024,7,27,9,0,85,783,522,26.6,64.52,0,0
2024,7,27,10,0,96,831,669,27.900000000000002,59.14,0,1
2024,7,27,11,0,408,148,522,28.6,55.32,0,3
2024,7,27,12,0,296,2,297,28.900000000000002,53.26,0,3
2024,7,27,13,0,360,307,587,28.700000000000003,54.06,0,3
2024,7,27,14,0,246,3,248,28.400000000000002,55.6,0,3
2024,7,27,15,0,245,206,345,27.8,58.120000000000005,0,3
2024,7,27,16,0,71,0,71,26.900000000000002,62.06,0,3
2024,7,27,17,0,2,0,2,25.5,69.27,0,3
2024,7,27,18,0,0,0,0,24.6,75.55,0,3
2024,7,27,19,0,0,0,0,24,80.24,0,1
2024,7,27,20,0,0,0,0,23.400000000000002,84.55,0,3
2024,7,27,21,0,0,0,0,23,87.65,0,3
2024,7,27,22,0,0,0,0,22.6,90.42,0,1
2024,7,27,23,0,0,0,0,22.3,92.66,0,0
2024,7,28,0,0,0,0,0,22,94.86,0,0
2024,7,28,1,0,0,0,0,21.700000000000003,97.06,0,0
2024,7,28,2,0,0,0,0,21.3,99.77,0,1
2024,7,28,3,0,0,0,0,21.1,100,0,0
2024,7,28,4,0,0,0,0,21.200000000000003,100,0,0
2024,7,28,5,0,0,0,0,21.200000000000003,100,0,0
2024,7,28,6,0,0,0,0,21.400000000000002,99.85000000000001,0,1
2024,7,28,7,0,45,454,124,22.8,92.04,0,1
2024,7,28,8,0,69,693,335,25,76.05,0,0
2024,7,28,9,0,88,780,525,26.8,63.940000000000005,0,1
2024,7,28,10,0,97,832,672,27.900000000000002,58.09,0,1
2024,7,28,11,0,103,858,762,28.6,54.52,0,1
2024,7,28,12,0,398,106,480,29,52.17,0,3
2024,7,28,13,0,232,1,232,29.1,51.120000000000005,0,3
2024,7,28,14,0,331,76,380,28.8,51.67,0,3
2024,7,28,15,0,91,720,442,28.200000000000003,53.64,0,1
2024,7,28,16,0,70,566,237,27.200000000000003,57.72,0,0
2024,7,28,17,0,27,197,42,25.700000000000003,65.41,0,1
2024,7,28,18,0,0,0,0,24.8,72.10000000000001,0,0
2024,7,28,19,0,0,0,0,24.1,77.75,0,0
2024,7,28,20,0,0,0,0,23.6,81.74,0,0
2024,7,28,21,0,0,0,0,23.1,84.94,0,0
2024,7,28,22,0,0,0,0,22.700000000000003,87.28,0,0
2024,7,28,23,0,0,0,0,22.3,89.35000000000001,0,0
2024,7,29,0,0,0,0,0,21.900000000000002,91.49,0,1
2024,7,29,1,0,0,0,0,21.6,93.03,0,1
2024,7,29,2,0,0,0,0,21.3,94.78,0,3
2024,7,29,3,0,0,0,0,21,96.60000000000001,0,3
2024,7,29,4,0,0,0,0,20.700000000000003,98.5,0,3
2024,7,29,5,0,0,0,0,20.400000000000002,100,0,1
2024,7,29,6,0,0,0,0,20.6,98.55,0,3
2024,7,29,7,0,90,56,100,22.400000000000002,86.61,0,3
2024,7,29,8,0,208,94,244,24.900000000000002,70.74,0,3
2024,7,29,9,0,84,802,535,26.900000000000002,59.51,0,1
2024,7,29,10,0,94,853,685,28.5,53.14,0,0
2024,7,29,11,0,98,880,776,29.700000000000003,48.1,0,0
2024,7,29,12,0,99,885,796,30.5,44.13,0,0
2024,7,29,13,0,97,872,745,30.900000000000002,41.77,0,0
2024,7,29,14,0,90,835,626,30.8,41.480000000000004,0,1
2024,7,29,15,0,234,30,249,30.3,43.1,0,3
2024,7,29,16,0,64,605,243,29.1,49.07,0,0
2024,7,29,17,0,26,236,45,26.900000000000002,60.19,0,1
2024,7,29,18,0,0,0,0,25.6,68.71000000000001,0,1
2024,7,29,19,0,0,0,0,24.900000000000002,75.9,0,0
2024,7,29,20,0,0,0,0,24.3,81.9,0,0
2024,7,29,21,0,0,0,0,23.700000000000003,87.02,0,0
2024,7,29,22,0,0,0,0,23.200000000000003,91.15,0,0
2024,7,29,23,0,0,0,0,22.8,94.03,0,0
2024,7,30,0,0,0,0,0,22.400000000000002,96.82000000000001,0,0
2024,7,30,1,0,0,0,0,22,99.2,0,0
2024,7,30,2,0,0,0,0,21.700000000000003,100,0,2
2024,7,30,3,0,0,0,0,21.400000000000002,100,0,1
2024,7,30,4,0,0,0,0,21.200000000000003,100,0,3
2024,7,30,5,0,0,0,0,21.1,100,0,3
2024,7,30,6,0,0,0,0,21.3,99.93,0,3
2024,7,30,7,0,50,0,50,22.900000000000002,92.08,0,3
2024,7,30,8,0,95,0,95,24.900000000000002,78.07000000000001,0,3
2024,7,30,9,0,251,20,262,26.700000000000003,66.75,0,3
2024,7,30,10,0,138,743,656,27.700000000000003,61.800000000000004,0,1
2024,7,30,11,0,410,102,489,28.1,59.54,0,2
2024,7,30,12,0,266,1,266,28.1,59.01,0,3
2024,7,30,13,0,365,68,416,27.700000000000003,60.21,0,3
2024,7,30,14,0,293,21,307,27,62.620000000000005,0,3
2024,7,30,15,0,228,21,238,26.1,66.11,0,3
2024,7,30,16,0,156,23,163,25,71.07000000000001,0,3
2024,7,30,17,0,30,87,37,23.900000000000002,77.28,0,1
2024,7,30,18,0,0,0,0,23.200000000000003,82.3,0,1
2024,7,30,19,0,0,0,0,22.8,85.71000000000001,0,3
2024,7,30,20,0,0,0,0,22.400000000000002,89.01,0,0
2024,7,30,21,0,0,0,0,22.1,91.71000000000001,0,0
2024,7,30,22,0,0,0,0,21.900000000000002,93.69,0,0
2024,7,30,23,0,0,0,0,21.8,94.63,0,0
2024,7,31,0,0,0,0,0,21.700000000000003,95.51,0,0
2024,7,31,1,0,0,0,0,21.700000000000003,95.51,0,1
2024,7,31,2,0,0,0,0,21.6,96.18,0,3
2024,7,31,3,0,0,0,0,21.5,96.81,0,3
2024,7,31,4,0,0,0,0,21.5,96.41,0,3
2024,7,31,5,0,0,0,0,21.5,95.41,0,4
2024,7,31,6,0,0,0,0,21.700000000000003,94.15,0,4
2024,7,31,7,0,43,0,43,22.6,89.59,0,3
2024,7,31,8,0,214,75,244,24,78.96000000000001,0,3
2024,7,31,9,0,130,665,508,25.3,69.62,0,1
2024,7,31,10,0,346,67,393,26.1,65.1,0,3
2024,7,31,11,0,374,79,435,26.5,62.84,0,3
2024,7,31,12,0,431,194,585,26.5,62.6,0,2
2024,7,31,13,0,144,760,713,26.3,63.33,0,1
2024,7,31,14,0,325,60,364,25.900000000000002,64.99,0,2
2024,7,31,15,0,265,73,301,25.1,68.59,0,3
2024,7,31,16,0,31,0,31,24.1,74.06,0,3
2024,7,31,17,0,32,0,32,22.900000000000002,82.21000000000001,0,3
2024,7,31,18,0,0,0,0,22.3,87.44,0,3
2024,7,31,19,0,0,0,0,21.900000000000002,91.13,0,3
2024,7,31,20,0,0,0,0,21.700000000000003,93.34,0,0
2024,7,31,21,0,0,0,0,21.700000000000003,93.83,0,1
2024,7,31,22,0,0,0,0,21.6,94.43,0,1
2024,7,31,23,0,0,0,0,21.5,95.13,0,3
2024,8,1,0,0,0,0,0,21.400000000000002,95.31,0,3
2024,8,1,1,0,0,0,0,21.400000000000002,94.42,0,1
2024,8,1,2,0,0,0,0,21.400000000000002,93.78,0,4
2024,8,1,3,0,0,0,0,21.400000000000002,93.18,0,3
2024,8,1,4,0,0,0,0,21.400000000000002,92.75,0,3
2024,8,1,5,0,0,0,0,21.400000000000002,92.5,0,3
2024,8,1,6,0,0,0,0,21.700000000000003,91.03,0,1
2024,8,1,7,0,56,375,124,22.6,86.73,0,0
2024,8,1,8,0,86,627,333,23.900000000000002,77.51,0,1
2024,8,1,9,0,128,0,128,25.200000000000003,68.4,0,3
2024,8,1,10,0,178,0,178,26.1,62.99,0,3
2024,8,1,11,0,133,0,133,26.8,58.95,0,3
2024,8,1,12,0,434,178,576,27.1,56.69,0,3
2024,8,1,13,0,372,59,417,27,55.84,0,3
2024,8,1,14,0,303,33,324,26.700000000000003,55.96,0,3
2024,8,1,15,0,107,0,108,25.900000000000002,58.11,0,3
2024,8,1,16,0,159,41,172,24.8,61.78,0,3
2024,8,1,17,0,31,181,46,23.700000000000003,66.83,0,1
2024,8,1,18,0,0,0,0,23.200000000000003,69.44,0,1
2024,8,1,19,0,0,0,0,22.8,70.82000000000001,0,0
2024,8,1,20,0,0,0,0,22.5,71.65,0,1
2024,8,1,21,0,0,0,0,22.3,72.51,0,1
2024,8,1,22,0,0,0,0,22,73.99,0,0
2024,8,1,23,0,0,0,0,21.8,75.19,0,1
2024,8,2,0,0,0,0,0,21.6,76.94,0,0
2024,8,2,1,0,0,0,0,21.3,79.75,0,0
2024,8,2,2,0,0,0,0,21.1,82.01,0,0
2024,8,2,3,0,0,0,0,21,83.91,0,0
2024,8,2,4,0,0,0,0,20.8,86.72,0,0
2024,8,2,5,0,0,0,0,20.6,89.77,0,1
2024,8,2,6,0,0,0,0,20.900000000000002,90.32000000000001,0,1
2024,8,2,7,0,50,451,133,22.6,82.69,0,1
2024,8,2,8,0,78,670,343,24.3,73.84,0,0
2024,8,2,9,0,106,744,531,25.5,67.66,0,0
2024,8,2,10,0,120,793,678,26.5,63.1,0,1
2024,8,2,11,0,350,15,361,27,61.11,0,3
2024,8,2,12,0,131,819,785,27.1,60.78,0,1
2024,8,2,13,0,129,802,733,26.900000000000002,61.63,0,1
2024,8,2,14,0,310,53,344,26.400000000000002,63.76,0,3
2024,8,2,15,0,137,0,137,25.700000000000003,67.02,0,3
2024,8,2,16,0,10,0,10,24.6,73.01,0,3
2024,8,2,17,0,14,0,14,23.5,80.31,0,3
2024,8,2,18,0,0,0,0,22.900000000000002,84.81,0,3
2024,8,2,19,0,0,0,0,22.6,87.47,0,3
2024,8,2,20,0,0,0,0,22.400000000000002,89.62,0,4
2024,8,2,21,0,0,0,0,22.3,91.24,0,4
2024,8,2,22,0,0,0,0,22.200000000000003,92.69,0,3
2024,8,2,23,0,0,0,0,22.200000000000003,93.3,0,1
2024,8,3,0,0,0,0,0,22.1,94.49,0,1
2024,8,3,1,0,0,0,0,21.900000000000002,96.52,0,1
2024,8,3,2,0,0,0,0,21.900000000000002,97.55,0,1
2024,8,3,3,0,0,0,0,22,97.62,0,1
2024,8,3,4,0,0,0,0,22,97.77,0,3
2024,8,3,5,0,0,0,0,22,97.60000000000001,0,1
2024,8,3,6,0,0,0,0,22.200000000000003,97.04,0,3
2024,8,3,7,0,67,283,120,23,94.03,0,1
2024,8,3,8,0,110,536,323,24,88.11,0,0
2024,8,3,9,0,315,134,392,25.200000000000003,78.21000000000001,0,3
2024,8,3,10,0,131,762,669,26.200000000000003,71.78,0,1
2024,8,3,11,0,131,801,759,26.5,69.79,0,1
2024,8,3,12,0,128,814,781,26.5,69.58,0,1
2024,8,3,13,0,368,83,431,26.3,70.38,0,3
2024,8,3,14,0,266,6,270,25.900000000000002,72.07000000000001,0,3
2024,8,3,15,0,237,31,252,25.3,75.05,0,3
2024,8,3,16,0,72,0,72,24.400000000000002,80.42,0,3
2024,8,3,17,0,31,185,47,23.3,87.73,0,1
2024,8,3,18,0,0,0,0,22.6,92.02,0,3
2024,8,3,19,0,0,0,0,22.3,93.7,0,3
2024,8,3,20,0,0,0,0,22.1,94.39,0,3
2024,8,3,21,0,0,0,0,22,93.75,0,3
2024,8,3,22,0,0,0,0,21.8,93.57000000000001,0,3
2024,8,3,23,0,0,0,0,21.6,93.18,0,3
2024,8,4,0,0,0,0,0,21.3,93.76,0,3
2024,8,4,1,0,0,0,0,21.1,93.81,0,1
2024,8,4,2,0,0,0,0,20.900000000000002,94.5,0,1
2024,8,4,3,0,0,0,0,20.8,94.91,0,0
2024,8,4,4,0,0,0,0,20.700000000000003,95.24,0,0
2024,8,4,5,0,0,0,0,20.700000000000003,95.14,0,0
2024,8,4,6,0,0,0,0,21.1,94.86,0,1
2024,8,4,7,0,52,445,136,22.700000000000003,92.28,0,0
2024,8,4,8,0,76,683,350,24.3,82.47,0,1
2024,8,4,9,0,225,4,227,25.900000000000002,70.5,0,3
2024,8,4,10,0,232,1,232,26.700000000000003,66.1,0,3
2024,8,4,11,0,371,41,403,27.3,63.54,0,3
2024,8,4,12,0,333,4,337,27.5,62.370000000000005,0,3
2024,8,4,13,0,356,37,384,27.5,62.18,0,3
2024,8,4,14,0,330,70,376,26.900000000000002,64.85,0,3
2024,8,4,15,0,89,730,455,26.1,68.96000000000001,0,1
2024,8,4,16,0,70,581,248,25,75.53,0,1
2024,8,4,17,0,30,220,49,23.700000000000003,84.23,0,1
2024,8,4,18,0,0,0,0,23,89.21000000000001,0,1
2024,8,4,19,0,0,0,0,22.6,92.05,0,3
2024,8,4,20,0,0,0,0,22.400000000000002,93.31,0,1
2024,8,4,21,0,0,0,0,22.200000000000003,94.13,0,3
2024,8,4,22,0,0,0,0,22.1,94.42,0,3
2024,8,4,23,0,0,0,0,21.900000000000002,95.12,0,0
2024,8,5,0,0,0,0,0,21.8,95.11,0,1
2024,8,5,1,0,0,0,0,21.6,95.57000000000001,0,0
2024,8,5,2,0,0,0,0,21.5,95.33,0,3
2024,8,5,3,0,0,0,0,21.400000000000002,95.37,0,1
2024,8,5,4,0,0,0,0,21.3,95.48,0,0
2024,8,5,5,0,0,0,0,21.3,95.24,0,1
2024,8,5,6,0,0,0,0,21.6,94.99,0,1
2024,8,5,7,0,84,5,85,22.6,92.36,0,3
2024,8,5,8,0,67,728,360,24.1,81.62,0,1
2024,8,5,9,0,303,69,343,25.6,69.17,0,2
2024,8,5,10,0,336,39,364,26.5,63.89,0,3
2024,8,5,11,0,101,878,795,27.1,60.95,0,1
2024,8,5,12,0,100,887,815,27.3,59.550000000000004,0,0
2024,8,5,13,0,98,875,764,27.200000000000003,59.11,0,1
2024,8,5,14,0,91,841,645,26.900000000000002,59.410000000000004,0,1
2024,8,5,15,0,87,757,469,26.3,61.2,0,0
2024,8,5,16,0,68,618,259,25.3,65.28,0,0
2024,8,5,17,0,30,264,53,23.900000000000002,72.78,0,0
2024,8,5,18,0,0,0,0,23,78.13,0,0
2024,8,5,19,0,0,0,0,22.400000000000002,81.98,0,0
2024,8,5,20,0,0,0,0,21.8,85.73,0,0
2024,8,5,21,0,0,0,0,21.3,88.87,0,0
2024,8,5,22,0,0,0,0,20.8,91.96000000000001,0,0
2024,8,5,23,0,0,0,0,20.400000000000002,94.49,0,0
2024,8,6,0,0,0,0,0,20.1,96.24000000000001,0,0
2024,8,6,1,0,0,0,0,20,96.79,0,0
2024,8,6,2,0,0,0,0,19.900000000000002,97.01,0,0
2024,8,6,3,0,0,0,0,20,95.94,0,0
2024,8,6,4,0,0,0,0,20.1,94.92,0,0
2024,8,6,5,0,0,0,0,20.1,94.66,0,1
2024,8,6,6,0,0,0,0,20.400000000000002,93.96000000000001,0,1
2024,8,6,7,0,44,536,148,21.700000000000003,93.32000000000001,0,0
2024,8,6,8,0,62,757,369,23.6,81.03,0,0
2024,8,6,9,0,83,824,563,25.700000000000003,65.56,0,0
2024,8,6,10,0,91,873,715,26.8,59.620000000000005,0,1
2024,8,6,11,0,97,893,804,27.5,56.82,0,1
2024,8,6,12,0,314,2,315,28,54.86,0,3
2024,8,6,13,0,410,128,508,28.1,53.83,0,2
2024,8,6,14,0,95,838,649,27.8,54.36,0,1
2024,8,6,15,0,82,777,475,27.200000000000003,55.910000000000004,0,0
2024,8,6,16,0,63,641,263,26.1,60.24,0,1
2024,8,6,17,0,29,290,55,24.6,67.93,0,1
2024,8,6,18,0,0,0,0,23.700000000000003,73.58,0,1
2024,8,6,19,0,0,0,0,23,78.56,0,0
2024,8,6,20,0,0,0,0,22.5,82.3,0,0
2024,8,6,21,0,0,0,0,22.1,84.99,0,0
2024,8,6,22,0,0,0,0,21.700000000000003,87.43,0,0
2024,8,6,23,0,0,0,0,21.400000000000002,89.4,0,1
2024,8,7,0,0,0,0,0,21.1,91.08,0,0
2024,8,7,1,0,0,0,0,20.8,92.15,0,0
2024,8,7,2,0,0,0,0,20.5,92.91,0,0
2024,8,7,3,0,0,0,0,20.200000000000003,93.45,0,0
2024,8,7,4,0,0,0,0,20,93.44,0,0
2024,8,7,5,0,0,0,0,19.8,93.62,0,0
2024,8,7,6,0,0,0,0,20.1,92.47,0,1
2024,8,7,7,0,44,553,153,22,85.33,0,0
2024,8,7,8,0,65,764,376,24.1,67.56,0,0
2024,8,7,9,0,81,845,576,25.700000000000003,56.74,0,0
2024,8,7,10,0,87,895,730,26.8,51.03,0,1
2024,8,7,11,0,373,21,390,27.700000000000003,47.56,0,3
2024,8,7,12,0,444,203,608,28.200000000000003,46.34,0,2
2024,8,7,13,0,364,29,386,28.3,45.78,0,3
2024,8,7,14,0,265,3,267,28.200000000000003,45.52,0,3
2024,8,7,15,0,77,805,486,27.6,46.410000000000004,0,1
2024,8,7,16,0,60,671,270,26.400000000000002,50.06,0,0
2024,8,7,17,0,28,324,58,24.400000000000002,58.75,0,1
2024,8,7,18,0,0,0,0,23.400000000000002,64.19,0,0
2024,8,7,19,0,0,0,0,22.700000000000003,68.84,0,0
2024,8,7,20,0,0,0,0,22.1,73.05,0,0
2024,8,7,21,0,0,0,0,21.6,76.60000000000001,0,0
2024,8,7,22,0,0,0,0,21.200000000000003,79.54,0,0
2024,8,7,23,0,0,0,0,20.8,82.39,0,0
2024,8,8,0,0,0,0,0,20.5,84.46000000000001,0,0
2024,8,8,1,0,0,0,0,20.1,87.15,0,0
2024,8,8,2,0,0,0,0,19.8,89.62,0,0
2024,8,8,3,0,0,0,0,19.400000000000002,93.05,0,0
2024,8,8,4,0,0,0,0,19,96.8,0,0
2024,8,8,5,0,0,0,0,18.7,100,0,0
2024,8,8,6,0,0,0,0,19,99.17,0,0
2024,8,8,7,0,45,556,155,21,87.02,0,0
2024,8,8,8,0,65,764,379,24,67.84,0,0
2024,8,8,9,0,78,851,580,26.3,55.81,0,0
2024,8,8,10,0,86,897,733,27.900000000000002,50.67,0,0
2024,8,8,11,0,90,916,822,29.1,47.56,0,0
2024,8,8,12,0,90,922,841,30,43.78,0,0
2024,8,8,13,0,88,910,788,30.3,41.800000000000004,0,0
2024,8,8,14,0,82,879,667,30.200000000000003,41.25,0,0
2024,8,8,15,0,75,806,487,29.5,42.88,0,1
2024,8,8,16,0,60,671,271,28.1,49.04,0,0
2024,8,8,17,0,28,326,58,25.8,58.49,0,1
2024,8,8,18,0,0,0,0,24.5,65.55,0,0
2024,8,8,19,0,0,0,0,23.6,72.04,0,1
2024,8,8,20,0,0,0,0,23,76.65,0,3
2024,8,8,21,0,0,0,0,22.5,80.71000000000001,0,3
2024,8,8,22,0,0,0,0,22.3,82.53,0,3
2024,8,8,23,0,0,0,0,22.1,83.97,0,4
2024,8,9,0,0,0,0,0,21.8,85.74,0,3
2024,8,9,1,0,0,0,0,21.3,88.86,0,0
2024,8,9,2,0,0,0,0,20.900000000000002,91.29,0,0
2024,8,9,3,0,0,0,0,20.6,93.14,0,0
2024,8,9,4,0,0,0,0,20.200000000000003,95.56,0,0
2024,8,9,5,0,0,0,0,19.900000000000002,97.31,0,3
2024,8,9,6,0,0,0,0,20.200000000000003,95.23,0,3
2024,8,9,7,0,92,6,93,22,83.53,0,3
2024,8,9,8,0,220,64,246,24.400000000000002,69.02,0,3
2024,8,9,9,0,93,787,559,26.3,59.660000000000004,0,0
2024,8,9,10,0,104,837,710,27.900000000000002,54.51,0,1
2024,8,9,11,0,112,855,796,29,51.43,0,0
2024,8,9,12,0,116,854,814,29.8,48.49,0,0
2024,8,9,13,0,116,834,760,30.200000000000003,46.730000000000004,0,0
2024,8,9,14,0,111,795,642,30,47.02,0,0
2024,8,9,15,0,95,727,468,29.3,49.160000000000004,0,0
2024,8,9,16,0,73,582,257,28.1,54.410000000000004,0,0
2024,8,9,17,0,34,0,34,26.1,63.300000000000004,0,3
2024,8,9,18,0,0,0,0,25,70.24,0,0
2024,8,9,19,0,0,0,0,24.3,75.93,0,3
2024,8,9,20,0,0,0,0,23.8,79.95,0,3
2024,8,9,21,0,0,0,0,23.400000000000002,82.7,0,0
2024,8,9,22,0,0,0,0,23.1,84.59,0,0
2024,8,9,23,0,0,0,0,22.8,86.3,0,1
2024,8,10,0,0,0,0,0,22.5,87.88,0,1
2024,8,10,1,0,0,0,0,22.1,90.12,0,0
2024,8,10,2,0,0,0,0,21.8,92.01,0,0
2024,8,10,3,0,0,0,0,21.3,95.15,0,0
2024,8,10,4,0,0,0,0,21,97.12,0,0
2024,8,10,5,0,0,0,0,20.700000000000003,98.84,0,0
2024,8,10,6,0,0,0,0,21,96.7,0,0
2024,8,10,7,0,60,384,138,22.6,86.13,0,0
2024,8,10,8,0,91,622,350,24.6,73.61,0,0
2024,8,10,9,0,113,725,544,26.700000000000003,62.96,0,0
2024,8,10,10,0,120,792,696,28.400000000000002,56.46,0,0
2024,8,10,11,0,121,826,786,29.8,51.08,0,0
2024,8,10,12,0,122,834,806,30.8,47.61,0,0
2024,8,10,13,0,120,816,753,31.3,45.95,0,0
2024,8,10,14,0,116,767,631,31.400000000000002,45.53,0,0
2024,8,10,15,0,110,667,454,30.8,47.69,0,1
2024,8,10,16,0,90,488,245,29,56.82,0,1
2024,8,10,17,0,37,96,46,26.6,69.47,0,1
2024,8,10,18,0,0,0,0,24.5,79.57000000000001,0,3
2024,8,10,19,0,0,0,0,22.700000000000003,81.7,0,3
2024,8,10,20,0,0,0,0,21.3,78.72,0,4
2024,8,10,21,0,0,0,0,20.400000000000002,77.45,0,4
2024,8,10,22,0,0,0,0,19.8,78.71000000000001,0,3
2024,8,10,23,0,0,0,0,19.5,80.24,0,3
2024,8,11,0,0,0,0,0,19.3,81.83,0,3
2024,8,11,1,0,0,0,0,19.200000000000003,82.88,0,3
2024,8,11,2,0,0,0,0,19.1,83.65,0,3
2024,8,11,3,0,0,0,0,19.1,83.69,0,3
2024,8,11,4,0,0,0,0,19,84.19,0,3
2024,8,11,5,0,0,0,0,18.900000000000002,84.95,0,3
2024,8,11,6,0,0,0,0,19.200000000000003,83.37,0,3
2024,8,11,7,0,39,0,39,20.200000000000003,77.32000000000001,0,3
2024,8,11,8,0,232,53,255,21.6,68.82000000000001,0,2
2024,8,11,9,0,321,52,352,22.900000000000002,62.75,0,2
2024,8,11,10,0,173,0,173,24,58.67,0,3
2024,8,11,11,0,316,2,317,24.5,57.18,0,3
2024,8,11,12,0,472,190,628,24.700000000000003,56.7,0,2
2024,8,11,13,0,375,37,404,24.700000000000003,56.94,0,3
2024,8,11,14,0,126,0,126,24.5,58.02,0,3
2024,8,11,15,0,83,0,83,24.1,59.78,0,3
2024,8,11,16,0,35,0,35,23.400000000000002,62.64,0,3
2024,8,11,17,0,35,0,35,22.3,68.32000000000001,0,3
2024,8,11,18,0,0,0,0,21.400000000000002,74.13,0,3
2024,8,11,19,0,0,0,0,20.900000000000002,78.5,0,3
2024,8,11,20,0,0,0,0,20.5,82.65,0,3
2024,8,11,21,0,0,0,0,20.3,85.98,0,1
2024,8,11,22,0,0,0,0,20.1,89.26,0,3
2024,8,11,23,0,0,0,0,19.900000000000002,92.56,0,3
2024,8,12,0,0,0,0,0,19.8,94.94,0,3
2024,8,12,1,0,0,0,0,19.8,96.48,0,3
2024,8,12,2,0,0,0,0,20,96.61,0,3
2024,8,12,3,0,0,0,0,20.200000000000003,96.08,0,3
2024,8,12,4,0,0,0,0,20,97.56,0,7
2024,8,12,5,0,0,0,0,19.900000000000002,98.15,0,7
2024,8,12,6,0,0,0,0,20.200000000000003,96.51,0,3
2024,8,12,7,0,58,0,58,21.700000000000003,87.8,0,3
2024,8,12,8,0,151,2,152,23.900000000000002,75.10000000000001,0,3
2024,8,12,9,0,234,3,236,25.900000000000002,66,0,3
2024,8,12,10,0,357,51,394,27.700000000000003,60.09,0,3
2024,8,12,11,0,411,100,491,29.3,54.57,0,3
2024,8,12,12,0,136,825,817,30.5,50.04,0,0
2024,8,12,13,0,134,803,761,31.400000000000002,46.2,0,0
2024,8,12,14,0,129,758,640,31.900000000000002,43.38,0,0
2024,8,12,15,0,103,708,470,31.900000000000002,41.95,0,1
2024,8,12,16,0,76,571,259,30.5,48.26,0,0
2024,8,12,17,0,31,249,55,28.1,58.56,0,1
2024,8,12,18,0,0,0,0,26.5,67.3,0,1
2024,8,12,19,0,0,0,0,25.1,75.92,0,3
2024,8,12,20,0,0,0,0,23.900000000000002,84.99,0,1
2024,8,12,21,0,0,0,0,23.3,90.72,0,3
2024,8,12,22,0,0,0,0,22.8,93.06,0,7
2024,8,12,23,0,0,0,0,22.400000000000002,89.57000000000001,0,7
2024,8,13,0,0,0,0,0,22,83.23,0,8
2024,8,13,1,0,0,0,0,21.400000000000002,79.66,0,8
2024,8,13,2,0,0,0,0,20.900000000000002,78.92,0,3
2024,8,13,3,0,0,0,0,20.5,79.35000000000001,0,7
2024,8,13,4,0,0,0,0,20.200000000000003,78.76,0,3
2024,8,13,5,0,0,0,0,19.900000000000002,77.92,0,8
2024,8,13,6,0,0,0,0,20,75.64,0,8
2024,8,13,7,0,47,1,47,21.200000000000003,65.59,0,7
2024,8,13,8,0,162,19,171,22.400000000000002,56.49,0,7
2024,8,13,9,0,292,202,414,23.5,51.26,0,7
2024,8,13,10,0,339,273,541,24.3,48.120000000000005,0,7
2024,8,13,11,0,364,319,623,24.8,46.52,0,7
2024,8,13,12,0,413,208,586,25,46.04,0,7
2024,8,13,13,0,372,190,521,24.900000000000002,46.39,0,7
2024,8,13,14,0,306,81,362,24.400000000000002,48.11,0,7
2024,8,13,15,0,162,10,167,23.5,51.44,0,7
2024,8,13,16,0,24,0,24,22.3,56.51,0,6
2024,8,13,17,0,42,123,54,21.200000000000003,61.97,0,6
2024,8,13,18,0,0,0,0,20.5,66.52,0,6
2024,8,13,19,0,0,0,0,20.200000000000003,69.04,0,7
2024,8,13,20,0,0,0,0,19.900000000000002,71.4,0,7
2024,8,13,21,0,0,0,0,19.700000000000003,73.33,0,3
2024,8,13,22,0,0,0,0,19.5,75.22,0,7
2024,8,13,23,0,0,0,0,19.3,77.09,0,7
2024,8,14,0,0,0,0,0,19.200000000000003,78.4,0,7
2024,8,14,1,0,0,0,0,19.3,78.36,0,3
2024,8,14,2,0,0,0,0,19.3,78.81,0,3
2024,8,14,3,0,0,0,0,19.400000000000002,78.89,0,3
2024,8,14,4,0,0,0,0,19.5,78.92,0,3
2024,8,14,5,0,0,0,0,19.5,79.51,0,3
2024,8,14,6,0,0,0,0,19.900000000000002,78.18,0,3
2024,8,14,7,0,111,13,114,21.1,72.08,0,3
2024,8,14,8,0,192,211,282,22.6,64.4,0,8
2024,8,14,9,0,333,82,383,24,58.480000000000004,0,4
2024,8,14,10,0,132,809,731,25.1,54.34,0,1
2024,8,14,11,0,443,126,546,25.8,52.89,0,2
2024,8,14,12,0,133,851,841,26.3,51.97,0,1
2024,8,14,13,0,411,103,493,26.6,51,0,2
2024,8,14,14,0,156,0,156,26.5,51.32,0,3
2024,8,14,15,0,277,53,304,25.900000000000002,53.5,0,2
2024,8,14,16,0,84,563,267,24.900000000000002,57.2,0,1
2024,8,14,17,0,37,210,58,23.3,64.15,0,1
2024,8,14,18,0,0,0,0,22.3,69.91,0,0
2024,8,14,19,0,0,0,0,21.700000000000003,73.82000000000001,0,0
2024,8,14,20,0,0,0,0,21.1,77.24,0,0
2024,8,14,21,0,0,0,0,20.700000000000003,79.46000000000001,0,0
2024,8,14,22,0,0,0,0,20.3,81.69,0,0
2024,8,14,23,0,0,0,0,19.900000000000002,84.02,0,0
2024,8,15,0,0,0,0,0,19.6,86.13,0,0
2024,8,15,1,0,0,0,0,19.3,88.3,0,0
2024,8,15,2,0,0,0,0,19.200000000000003,89.3,0,0
2024,8,15,3,0,0,0,0,19.400000000000002,88.47,0,3
2024,8,15,4,0,0,0,0,19.6,87.64,0,3
2024,8,15,5,0,0,0,0,19.700000000000003,87.46000000000001,0,3
2024,8,15,6,0,0,0,0,19.900000000000002,86.52,0,3
2024,8,15,7,0,49,0,49,21.5,78.89,0,3
2024,8,15,8,0,130,1,130,24,65.43,0,3
2024,8,15,9,0,331,94,388,25.6,60.26,0,3
2024,8,15,10,0,104,856,741,26.8,55.47,0,0
2024,8,15,11,0,108,881,831,27.700000000000003,51.94,0,0
2024,8,15,12,0,107,888,849,28.400000000000002,49.160000000000004,0,0
2024,8,15,13,0,361,19,376,28.6,48.25,0,2
2024,8,15,14,0,326,43,355,28.400000000000002,49.09,0,3
2024,8,15,15,0,59,0,59,27.8,51.300000000000004,0,3
2024,8,15,16,0,67,640,275,26.8,55.72,0,0
2024,8,15,17,0,32,304,62,24.900000000000002,65.06,0,0
2024,8,15,18,0,0,0,0,23.6,72.77,0,0
2024,8,15,19,0,0,0,0,22.900000000000002,78.3,0,0
2024,8,15,20,0,0,0,0,22.3,82.91,0,0
2024,8,15,21,0,0,0,0,21.700000000000003,87.12,0,0
2024,8,15,22,0,0,0,0,21.3,89.86,0,0
2024,8,15,23,0,0,0,0,20.900000000000002,92.55,0,1
2024,8,16,0,0,0,0,0,20.400000000000002,95.94,0,3
2024,8,16,1,0,0,0,0,20,98.76,0,1
2024,8,16,2,0,0,0,0,19.700000000000003,100,0,1
2024,8,16,3,0,0,0,0,19.400000000000002,100,0,1
2024,8,16,4,0,0,0,0,19.200000000000003,100,0,0
2024,8,16,5,0,0,0,0,19.1,100,0,1
2024,8,16,6,0,0,0,0,19.8,100,0,1
2024,8,16,7,0,57,489,165,22,87.27,0,1
2024,8,16,8,0,84,697,387,24.200000000000003,74.19,0,0
2024,8,16,9,0,105,781,585,25.900000000000002,66.08,0,0
2024,8,16,10,0,114,836,738,27.200000000000003,59.550000000000004,0,0
2024,8,16,11,0,117,862,827,28.3,54.29,0,0
2024,8,16,12,0,116,872,847,29,50.86,0,0
2024,8,16,13,0,112,860,792,29.1,49.96,0,1
2024,8,16,14,0,353,81,408,28.900000000000002,50.54,0,2
2024,8,16,15,0,88,768,493,28.1,53.43,0,0
2024,8,16,16,0,69,635,277,26.900000000000002,58.46,0,0
2024,8,16,17,0,32,300,63,25,67.63,0,0
2024,8,16,18,0,0,0,0,23.8,74.69,0,0
2024,8,16,19,0,0,0,0,23,79.95,0,0
2024,8,16,20,0,0,0,0,22.400000000000002,83.96000000000001,0,0
2024,8,16,21,0,0,0,0,22,86.48,0,0
2024,8,16,22,0,0,0,0,21.6,88.74,0,0
2024,8,16,23,0,0,0,0,21.1,91.44,0,1
2024,8,17,0,0,0,0,0,20.8,93.03,0,1
2024,8,17,1,0,0,0,0,20.3,96,0,0
2024,8,17,2,0,0,0,0,20,97.66,0,3
2024,8,17,3,0,0,0,0,19.6,100,0,1
2024,8,17,4,0,0,0,0,19.3,100,0,3
2024,8,17,5,0,0,0,0,19,100,0,3
2024,8,17,6,0,0,0,0,19.5,100,0,1
2024,8,17,7,0,59,492,169,21.700000000000003,85.7,0,0
2024,8,17,8,0,86,702,393,24,70.36,0,0
2024,8,17,9,0,94,819,599,25.700000000000003,63.04,0,0
2024,8,17,10,0,102,871,755,27.1,57.21,0,0
2024,8,17,11,0,106,893,844,28.1,52.83,0,0
2024,8,17,12,0,108,896,862,28.8,49.86,0,0
2024,8,17,13,0,107,880,805,28.900000000000002,49.27,0,0
2024,8,17,14,0,101,846,682,28.5,50.4,0,0
2024,8,17,15,0,89,776,499,27.8,52.49,0,0
2024,8,17,16,0,70,640,281,26.6,56.85,0,0
2024,8,17,17,0,33,305,64,24.8,64.82000000000001,0,1
2024,8,17,18,0,0,0,0,23.5,70.94,0,0
2024,8,17,19,0,0,0,0,22.700000000000003,75.32000000000001,0,0
2024,8,17,20,0,0,0,0,22,79.19,0,0
2024,8,17,21,0,0,0,0,21.400000000000002,82.5,0,0
2024,8,17,22,0,0,0,0,20.900000000000002,85.37,0,0
2024,8,17,23,0,0,0,0,20.5,87.96000000000001,0,0
2024,8,18,0,0,0,0,0,20,91.2,0,0
2024,8,18,1,0,0,0,0,19.700000000000003,93.27,0,0
2024,8,18,2,0,0,0,0,19.3,96.15,0,0
2024,8,18,3,0,0,0,0,19,98.55,0,0
2024,8,18,4,0,0,0,0,18.8,100,0,0
2024,8,18,5,0,0,0,0,18.5,100,0,0
2024,8,18,6,0,0,0,0,18.8,100,0,0
2024,8,18,7,0,56,535,177,21.3,84.43,0,0
2024,8,18,8,0,81,732,404,24.1,67.17,0,0
2024,8,18,9,0,92,837,612,25.8,59.44,0,0
2024,8,18,10,0,99,886,767,27.1,53.71,0,0
2024,8,18,11,0,104,907,857,28.200000000000003,49.11,0,0
2024,8,18,12,0,107,908,873,28.8,46.81,0,0
2024,8,18,13,0,105,892,816,28.900000000000002,46.19,0,0
2024,8,18,14,0,100,855,689,28.6,47.28,0,0
2024,8,18,15,0,83,800,508,27.900000000000002,50.22,0,0
2024,8,18,16,0,66,666,286,26.700000000000003,55.85,0,0
2024,8,18,17,0,32,331,67,24.8,66.29,0,1
2024,8,18,18,0,0,0,0,23.6,74.89,0,0
2024,8,18,19,0,0,0,0,22.900000000000002,81.41,0,0
2024,8,18,20,0,0,0,0,22.3,86.88,0,0
2024,8,18,21,0,0,0,0,21.900000000000002,90.89,0,0
2024,8,18,22,0,0,0,0,21.5,94.09,0,0
2024,8,18,23,0,0,0,0,21.200000000000003,96.02,0,0
2024,8,19,0,0,0,0,0,20.8,98.42,0,0
2024,8,19,1,0,0,0,0,20.5,100,0,0
2024,8,19,2,0,0,0,0,20.400000000000002,100,0,0
2024,8,19,3,0,0,0,0,20.3,100,0,0
2024,8,19,4,0,0,0,0,20.1,100,0,0
2024,8,19,5,0,0,0,0,19.900000000000002,100,0,0
2024,8,19,6,0,0,0,0,20.5,96.83,0,1
2024,8,19,7,0,53,556,181,22.8,82.04,0,0
2024,8,19,8,0,75,751,409,25,67.77,0,0
2024,8,19,9,0,88,841,613,26.400000000000002,59.54,0,1
2024,8,19,10,0,99,883,766,27.5,54.370000000000005,0,1
2024,8,19,11,0,445,139,560,28.3,51.230000000000004,0,2
2024,8,19,12,0,464,169,607,28.700000000000003,49.71,0,2
2024,8,19,13,0,105,890,817,28.700000000000003,49.42,0,1
2024,8,19,14,0,99,854,690,28.400000000000002,50.1,0,0
2024,8,19,15,0,85,796,509,27.6,52.71,0,0
2024,8,19,16,0,67,661,287,26.400000000000002,57.25,0,0
2024,8,19,17,0,33,328,67,24.700000000000003,65.13,0,1
2024,8,19,18,0,0,0,0,23.700000000000003,71.4,0,0
2024,8,19,19,0,0,0,0,23,76.03,0,0
2024,8,19,20,0,0,0,0,22.5,78.88,0,0
2024,8,19,21,0,0,0,0,21.900000000000002,81.9,0,0
2024,8,19,22,0,0,0,0,21.400000000000002,83.99,0,0
2024,8,19,23,0,0,0,0,21,85.41,0,0
2024,8,20,0,0,0,0,0,20.6,86.75,0,0
2024,8,20,1,0,0,0,0,20.1,88.95,0,0
2024,8,20,2,0,0,0,0,19.6,91.74,0,0
2024,8,20,3,0,0,0,0,19.200000000000003,94.35000000000001,0,3
2024,8,20,4,0,0,0,0,18.8,97.29,0,0
2024,8,20,5,0,0,0,0,18.5,99.92,0,0
2024,8,20,6,0,0,0,0,19,98.03,0,0
2024,8,20,7,0,52,587,189,21.3,84.56,0,0
2024,8,20,8,0,74,773,420,24,66.59,0,0
2024,8,20,9,0,83,867,627,25.8,57.34,0,0
2024,8,20,10,0,92,904,779,27.3,52.34,0,0
2024,8,20,11,0,98,918,866,28.700000000000003,47.82,0,0
2024,8,20,12,0,102,914,878,29.8,44.04,0,0
2024,8,20,13,0,102,893,817,30.5,41.59,0,0
2024,8,20,14,0,97,854,690,30.8,40.76,0,0
2024,8,20,15,0,89,779,505,30.400000000000002,42.01,0,0
2024,8,20,16,0,71,637,283,29.200000000000003,46.53,0,0
2024,8,20,17,0,33,304,65,26.700000000000003,56.96,0,0
2024,8,20,18,0,0,0,0,25.1,63.78,0,0
2024,8,20,19,0,0,0,0,24.1,69.59,0,0
2024,8,20,20,0,0,0,0,23.400000000000002,74.77,0,0
2024,8,20,21,0,0,0,0,22.700000000000003,80.31,0,0
2024,8,20,22,0,0,0,0,22.200000000000003,84.81,0,0
2024,8,20,23,0,0,0,0,21.700000000000003,88.86,0,0
2024,8,21,0,0,0,0,0,21.3,92.14,0,0
2024,8,21,1,0,0,0,0,20.8,95.66,0,0
2024,8,21,2,0,0,0,0,20.400000000000002,98.25,0,0
2024,8,21,3,0,0,0,0,20.200000000000003,99.07000000000001,0,0
2024,8,21,4,0,0,0,0,20.1,99.24000000000001,0,0
2024,8,21,5,0,0,0,0,20,99.41,0,0
2024,8,21,6,0,0,0,0,20.200000000000003,97.57000000000001,0,1
2024,8,21,7,0,77,1,77,22.3,85.86,0,3
2024,8,21,8,0,229,32,243,24.700000000000003,72.05,0,3
2024,8,21,9,0,347,88,403,26.6,62.72,0,3
2024,8,21,10,0,371,43,404,28.1,56.370000000000005,0,3
2024,8,21,11,0,144,826,837,28.8,54.31,0,1
2024,8,21,12,0,468,141,588,29.200000000000003,53.32,0,2
2024,8,21,13,0,425,107,511,29.1,53.76,0,3
2024,8,21,14,0,134,771,671,28.700000000000003,55.53,0,1
2024,8,21,15,0,115,700,490,27.8,59.08,0,0
2024,8,21,16,0,87,556,273,26.6,64.4,0,0
2024,8,21,17,0,37,236,62,25.1,71.62,0,1
2024,8,21,18,0,0,0,0,24.1,77.41,0,0
2024,8,21,19,0,0,0,0,23.400000000000002,81.66,0,0
2024,8,21,20,0,0,0,0,22.900000000000002,84.84,0,0
2024,8,21,21,0,0,0,0,22.400000000000002,87.89,0,0
2024,8,21,22,0,0,0,0,22,90.2,0,0
2024,8,21,23,0,0,0,0,21.5,92.97,0,0
2024,8,22,0,0,0,0,0,21.1,94.93,0,0
2024,8,22,1,0,0,0,0,20.700000000000003,96.77,0,0
2024,8,22,2,0,0,0,0,20.400000000000002,97.7,0,2
2024,8,22,3,0,0,0,0,20.1,98.96000000000001,0,0
2024,8,22,4,0,0,0,0,20,99.51,0,3
2024,8,22,5,0,0,0,0,19.900000000000002,100,0,3
2024,8,22,6,0,0,0,0,20.400000000000002,97.8,0,3
2024,8,22,7,0,61,0,61,22.8,84.63,0,3
2024,8,22,8,0,188,10,192,25.1,69.76,0,3
2024,8,22,9,0,328,70,372,26.6,62.54,0,3
2024,8,22,10,0,382,90,451,27.8,58.08,0,3
2024,8,22,11,0,157,0,157,28.8,54.1,0,3
2024,8,22,12,0,176,0,177,29.3,52.09,0,3
2024,8,22,13,0,442,144,559,29.200000000000003,52.35,0,3
2024,8,22,14,0,342,66,388,28.8,53.57,0,3
2024,8,22,15,0,207,3,209,28.1,56.01,0,3
2024,8,22,16,0,82,587,279,27,60.19,0,1
2024,8,22,17,0,37,250,64,25.5,66.64,0,1
2024,8,22,18,0,0,0,0,24.400000000000002,72.47,0,0
2024,8,22,19,0,0,0,0,23.700000000000003,76.49,0,0
2024,8,22,20,0,0,0,0,23.200000000000003,79.49,0,1
2024,8,22,21,0,0,0,0,22.900000000000002,81.26,0,0
2024,8,22,22,0,0,0,0,22.5,83.36,0,0
2024,8,22,23,0,0,0,0,22.200000000000003,84.98,0,0
2024,8,23,0,0,0,0,0,21.900000000000002,86.62,0,1
2024,8,23,1,0,0,0,0,21.6,88.5,0,2
2024,8,23,2,0,0,0,0,21.3,90.58,0,3
2024,8,23,3,0,0,0,0,20.900000000000002,93.59,0,3
2024,8,23,4,0,0,0,0,20.700000000000003,95.63,0,3
2024,8,23,5,0,0,0,0,20.6,97.15,0,3
2024,8,23,6,0,0,0,0,21.1,95.29,0,3
2024,8,23,7,0,125,18,129,23.1,84.47,0,2
2024,8,23,8,0,104,650,402,25.400000000000002,71.39,0,0
2024,8,23,9,0,133,735,601,27,63.620000000000005,0,1
2024,8,23,10,0,145,792,755,28.3,58.06,0,1
2024,8,23,11,0,151,820,844,29.200000000000003,53.59,0,1
2024,8,23,12,0,488,205,664,29.8,50.620000000000005,0,2
2024,8,23,13,0,153,801,801,30,49.42,0,1
2024,8,23,14,0,141,761,674,29.8,49.660000000000004,0,0
2024,8,23,15,0,124,680,490,29.1,51.97,0,0
2024,8,23,16,0,94,527,272,27.900000000000002,56.56,0,0
2024,8,23,17,0,38,207,61,26.1,64.35,0,1
2024,8,23,18,0,0,0,0,24.900000000000002,70.93,0,0
2024,8,23,19,0,0,0,0,24.200000000000003,75.29,0,0
2024,8,23,20,0,0,0,0,23.700000000000003,78.37,0,0
2024,8,23,21,0,0,0,0,23.3,80.91,0,0
2024,8,23,22,0,0,0,0,23,82.91,0,0
2024,8,23,23,0,0,0,0,22.700000000000003,84.93,0,1
2024,8,24,0,0,0,0,0,22.400000000000002,87.01,0,0
2024,8,24,1,0,0,0,0,22.1,89.05,0,0
2024,8,24,2,0,0,0,0,21.8,91.14,0,0
2024,8,24,3,0,0,0,0,21.400000000000002,93.83,0,0
2024,8,24,4,0,0,0,0,21.1,95.95,0,0
2024,8,24,5,0,0,0,0,20.8,98.02,0,0
2024,8,24,6,0,0,0,0,21.200000000000003,95.72,0,1
2024,8,24,7,0,76,415,178,23.1,84.66,0,1
2024,8,24,8,0,110,632,401,25.3,71.49,0,0
2024,8,24,9,0,122,760,609,27.1,63.36,0,0
2024,8,24,10,0,129,822,764,28.5,58.45,0,0
2024,8,24,11,0,132,851,854,29.6,54.7,0,0
2024,8,24,12,0,132,856,870,30.200000000000003,52.6,0,0
2024,8,24,13,0,131,838,812,30.3,52.02,0,0
2024,8,24,14,0,125,794,682,29.900000000000002,53.01,0,0
2024,8,24,15,0,109,725,501,29.200000000000003,55.050000000000004,0,0
2024,8,24,16,0,85,575,280,28.1,58.7,0,0
2024,8,24,17,0,38,245,65,26.5,64.95,0,1
2024,8,24,18,0,0,0,0,25.400000000000002,69.77,0,0
2024,8,24,19,0,0,0,0,24.700000000000003,73.24,0,0
2024,8,24,20,0,0,0,0,24.200000000000003,75.59,0,0
2024,8,24,21,0,0,0,0,23.900000000000002,76.73,0,0
2024,8,24,22,0,0,0,0,23.6,77.92,0,0
2024,8,24,23,0,0,0,0,23.3,79.17,0,0
2024,8,25,0,0,0,0,0,22.900000000000002,81.31,0,0
2024,8,25,1,0,0,0,0,22.6,83.18,0,0
2024,8,25,2,0,0,0,0,22.3,85.16,0,0
2024,8,25,3,0,0,0,0,21.900000000000002,87.78,0,0
2024,8,25,4,0,0,0,0,21.5,90.38,0,0
2024,8,25,5,0,0,0,0,21.1,93.15,0,3
2024,8,25,6,0,5,0,5,21.400000000000002,92.09,0,3
2024,8,25,7,0,98,2,99,23.5,78.87,0,3
2024,8,25,8,0,248,187,335,25.8,65.89,0,2
2024,8,25,9,0,156,676,592,27.400000000000002,59.480000000000004,0,1
2024,8,25,10,0,169,740,744,28.700000000000003,55.14,0,1
2024,8,25,11,0,179,765,831,29.5,52.92,0,0
2024,8,25,12,0,453,105,544,29.900000000000002,52.27,0,3
2024,8,25,13,0,472,163,605,29.900000000000002,52.77,0,2
2024,8,25,14,0,409,143,510,29.3,55.21,0,2
2024,8,25,15,0,141,627,482,28.400000000000002,59.04,0,1
2024,8,25,16,0,103,477,266,27.200000000000003,64.35,0,0
2024,8,25,17,0,40,178,60,26,70.16,0,0
2024,8,25,18,0,0,0,0,25,76.06,0,0
2024,8,25,19,0,0,0,0,24.3,80.34,0,0
2024,8,25,20,0,0,0,0,23.700000000000003,83.89,0,0
2024,8,25,21,0,0,0,0,23.200000000000003,87.03,0,1
2024,8,25,22,0,0,0,0,22.700000000000003,89.81,0,0
2024,8,25,23,0,0,0,0,22.3,91.69,0,0
2024,8,26,0,0,0,0,0,21.900000000000002,93.27,0,0
2024,8,26,1,0,0,0,0,21.6,93.91,0,0
2024,8,26,2,0,0,0,0,21.400000000000002,94.3,0,1
2024,8,26,3,0,0,0,0,21.5,93.18,0,1
2024,8,26,4,0,0,0,0,21.6,91.33,0,1
2024,8,26,5,0,0,0,0,21.3,92.91,0,1
2024,8,26,6,0,7,27,8,21.400000000000002,94.07000000000001,0,1
2024,8,26,7,0,82,383,178,22.400000000000002,88.57000000000001,0,0
2024,8,26,8,0,136,550,394,23.8,74.95,0,0
2024,8,26,9,0,148,697,600,25,66.17,0,1
2024,8,26,10,0,174,734,746,25.6,62.440000000000005,0,0
2024,8,26,11,0,481,143,603,26.1,59.81,0,3
2024,8,26,12,0,401,14,413,26.200000000000003,59.06,0,3
2024,8,26,13,0,424,92,499,26,59.79,0,3
2024,8,26,14,0,170,0,170,25.5,61.730000000000004,0,3
2024,8,26,15,0,176,1,176,24.8,64.51,0,3
2024,8,26,16,0,131,4,132,23.900000000000002,68.27,0,3
2024,8,26,17,0,9,0,9,22.8,73.53,0,3
2024,8,26,18,0,0,0,0,22.1,78.02,0,3
2024,8,26,19,0,0,0,0,21.6,81.25,0,3
2024,8,26,20,0,0,0,0,21.3,83.27,0,3
2024,8,26,21,0,0,0,0,21,85.22,0,1
2024,8,26,22,0,0,0,0,20.8,86.52,0,0
2024,8,26,23,0,0,0,0,20.5,87.75,0,0
2024,8,27,0,0,0,0,0,20.400000000000002,87.72,0,0
2024,8,27,1,0,0,0,0,20.200000000000003,88.10000000000001,0,1
2024,8,27,2,0,0,0,0,20.1,87.96000000000001,0,3
2024,8,27,3,0,0,0,0,20,87.71000000000001,0,3
2024,8,27,4,0,0,0,0,20,86,0,3
2024,8,27,5,0,0,0,0,20,84.4,0,3
2024,8,27,6,0,4,0,4,20.1,83.04,0,3
2024,8,27,7,0,36,0,36,21,77.06,0,3
2024,8,27,8,0,123,0,123,22.200000000000003,69.5,0,3
2024,8,27,9,0,248,1,249,23.1,64.97,0,3
2024,8,27,10,0,193,0,193,23.8,61.84,0,3
2024,8,27,11,0,280,1,280,24.400000000000002,59.49,0,3
2024,8,27,12,0,263,0,263,24.700000000000003,58.21,0,3
2024,8,27,13,0,309,1,310,24.700000000000003,57.99,0,3
2024,8,27,14,0,272,1,273,24.3,59.19,0,3
2024,8,27,15,0,139,0,139,23.8,60.93,0,3
2024,8,27,16,0,118,1,118,22.900000000000002,64.32000000000001,0,3
2024,8,27,17,0,3,0,3,21.8,69.13,0,3
2024,8,27,18,0,0,0,0,21,73.75,0,3
2024,8,27,19,0,0,0,0,20.5,77.42,0,3
2024,8,27,20,0,0,0,0,20.1,80.46000000000001,0,3
2024,8,27,21,0,0,0,0,19.8,82.85000000000001,0,3
2024,8,27,22,0,0,0,0,19.700000000000003,83.77,0,3
2024,8,27,23,0,0,0,0,19.5,84.9,0,3
2024,8,28,0,0,0,0,0,19.3,85.87,0,3
2024,8,28,1,0,0,0,0,19.200000000000003,86.22,0,3
2024,8,28,2,0,0,0,0,19.200000000000003,86.15,0,3
2024,8,28,3,0,0,0,0,19.200000000000003,86.01,0,3
2024,8,28,4,0,0,0,0,19.200000000000003,86.28,0,3
2024,8,28,5,0,0,0,0,19.200000000000003,86.92,0,3
2024,8,28,6,0,10,33,11,19.900000000000002,84.08,0,3
2024,8,28,7,0,132,15,136,21.3,76.51,0,3
2024,8,28,8,0,122,626,420,22.900000000000002,67.72,0,1
2024,8,28,9,0,328,60,367,24.1,62.34,0,3
2024,8,28,10,0,428,126,528,25,58.910000000000004,0,3
2024,8,28,11,0,373,6,379,25.8,55.69,0,3
2024,8,28,12,0,481,175,634,26.200000000000003,53.97,0,3
2024,8,28,13,0,394,30,418,26.1,53.95,0,3
2024,8,28,14,0,394,128,485,25.6,55.2,0,2
2024,8,28,15,0,100,765,520,24.900000000000002,57.13,0,1
2024,8,28,16,0,76,637,296,23.900000000000002,60.36,0,1
2024,8,28,17,0,37,321,73,22.6,65.56,0,1
2024,8,28,18,0,0,0,0,21.700000000000003,70.55,0,1
2024,8,28,19,0,0,0,0,21.200000000000003,74.19,0,1
2024,8,28,20,0,0,0,0,20.700000000000003,77.55,0,3
2024,8,28,21,0,0,0,0,20.3,79.94,0,3
2024,8,28,22,0,0,0,0,20,81.42,0,3
2024,8,28,23,0,0,0,0,19.700000000000003,82.54,0,3
2024,8,29,0,0,0,0,0,19.400000000000002,83.48,0,3
2024,8,29,1,0,0,0,0,19.1,84.42,0,3
2024,8,29,2,0,0,0,0,18.8,84.25,0,0
2024,8,29,3,0,0,0,0,18.6,83.62,0,0
2024,8,29,4,0,0,0,0,18.6,82.75,0,3
2024,8,29,5,0,0,0,0,18.6,82.4,0,1
2024,8,29,6,0,6,0,6,19.400000000000002,79.31,0,3
2024,8,29,7,0,58,0,58,21.8,67.51,0,3
2024,8,29,8,0,253,50,277,23.5,58.65,0,3
2024,8,29,9,0,368,134,457,24.8,53.84,0,3
2024,8,29,10,0,439,166,570,25.700000000000003,50.83,0,2
2024,8,29,11,0,388,9,395,26.3,49.27,0,3
2024,8,29,12,0,427,36,459,26.6,48.72,0,2
2024,8,29,13,0,123,869,839,26.6,48.93,0,1
2024,8,29,14,0,116,832,710,26.3,49.97,0,0
2024,8,29,15,0,293,59,326,25.6,52.09,0,2
2024,8,29,16,0,79,624,295,24.6,55.56,0,1
2024,8,29,17,0,38,301,72,23.400000000000002,61.13,0,0
2024,8,29,18,0,0,0,0,22.3,67.56,0,0
2024,8,29,19,0,0,0,0,21.5,72.33,0,0
2024,8,29,20,0,0,0,0,20.900000000000002,75.49,0,0
2024,8,29,21,0,0,0,0,20.5,77.44,0,0
2024,8,29,22,0,0,0,0,20.3,78.28,0,0
2024,8,29,23,0,0,0,0,20.200000000000003,78.48,0,0
2024,8,30,0,0,0,0,0,20.1,78.71000000000001,0,0
2024,8,30,1,0,0,0,0,20,79.03,0,0
2024,8,30,2,0,0,0,0,19.900000000000002,79.31,0,0
2024,8,30,3,0,0,0,0,19.8,79.47,0,0
2024,8,30,4,0,0,0,0,19.8,79.02,0,1
2024,8,30,5,0,0,0,0,19.900000000000002,77.56,0,1
2024,8,30,6,0,13,95,17,20.400000000000002,75.87,0,1
2024,8,30,7,0,66,559,214,22.5,64.96000000000001,0,1
2024,8,30,8,0,92,734,446,24.3,54.27,0,0
2024,8,30,9,0,108,819,651,25.400000000000002,51.02,0,0
2024,8,30,10,0,117,865,804,26.5,48.81,0,0
2024,8,30,11,0,122,887,892,27.3,48.17,0,1
2024,8,30,12,0,123,889,904,28,46.06,0,0
2024,8,30,13,0,119,877,845,28.200000000000003,45.54,0,0
2024,8,30,14,0,111,841,713,28.1,45.94,0,0
2024,8,30,15,0,96,775,524,27.5,47.870000000000005,0,0
2024,8,30,16,0,76,639,298,26.400000000000002,51.76,0,0
2024,8,30,17,0,36,312,73,24.6,58.86,0,0
2024,8,30,18,0,0,0,0,23.3,65.47,0,0
2024,8,30,19,0,0,0,0,22.5,70.75,0,0
2024,8,30,20,0,0,0,0,21.8,75.21000000000001,0,0
2024,8,30,21,0,0,0,0,21.3,78.35000000000001,0,0
2024,8,30,22,0,0,0,0,20.8,81.35000000000001,0,0
2024,8,30,23,0,0,0,0,20.3,84.41,0,0
2024,8,31,0,0,0,0,0,19.900000000000002,86.96000000000001,0,0
2024,8,31,1,0,0,0,0,19.5,89.74,0,0
2024,8,31,2,0,0,0,0,19.3,91.34,0,0
2024,8,31,3,0,0,0,0,19,93.63,0,0
2024,8,31,4,0,0,0,0,18.8,95.42,0,0
2024,8,31,5,0,0,0,0,18.400000000000002,98.53,0,0
2024,8,31,6,0,14,109,18,18.8,96.76,0,0
2024,8,31,7,0,65,573,220,21.5,80.67,0,0
2024,8,31,8,0,90,752,456,24.5,62.09,0,0
2024,8,31,9,0,102,846,666,26.3,54.910000000000004,0,0
2024,8,31,10,0,111,891,822,27.8,49.01,0,1
2024,8,31,11,0,116,912,910,29,43.980000000000004,0,0
2024,8,31,12,0,118,913,923,29.700000000000003,41.03,0,0
2024,8,31,13,0,116,895,859,29.8,40.79,0,0
2024,8,31,14,0,110,857,725,29.5,42.12,0,0
2024,8,31,15,0,97,785,532,28.6,45.29,0,0
2024,8,31,16,0,77,643,301,27.3,50.22,0,0
2024,8,31,17,0,37,315,75,25.3,58.800000000000004,0,1
2024,8,31,18,0,0,0,0,23.900000000000002,65.77,0,0
2024,8,31,19,0,0,0,0,23.1,70.39,0,0
2024,8,31,20,0,0,0,0,22.400000000000002,74.2,0,0
2024,8,31,21,0,0,0,0,21.700000000000003,77.97,0,0
2024,8,31,22,0,0,0,0,21.1,81.15,0,0
2024,8,31,23,0,0,0,0,20.5,84.38,0,0
2024,9,1,0,0,0,0,0,20.1,86.64,0,0
2024,9,1,1,0,0,0,0,19.900000000000002,87.85000000000001,0,0
2024,9,1,2,0,0,0,0,19.8,88.34,0,0
2024,9,1,3,0,0,0,0,19.6,89.53,0,1
2024,9,1,4,0,0,0,0,19.5,90.27,0,1
2024,9,1,5,0,0,0,0,19.5,90.54,0,3
2024,9,1,6,0,15,93,18,19.900000000000002,88.79,0,1
2024,9,1,7,0,73,525,217,22.200000000000003,75.46000000000001,0,1
2024,9,1,8,0,102,711,450,24.5,60.51,0,0
2024,9,1,9,0,128,779,649,25.900000000000002,55.64,0,1
2024,9,1,10,0,438,115,530,27.3,50.82,0,2
2024,9,1,11,0,144,855,892,28.400000000000002,46.050000000000004,0,0
2024,9,1,12,0,148,854,904,29.200000000000003,42.5,0,0
2024,9,1,13,0,147,833,840,29.400000000000002,41.78,0,0
2024,9,1,14,0,139,785,704,29.200000000000003,42.72,0,0
2024,9,1,15,0,125,697,512,28.5,45.36,0,0
2024,9,1,16,0,95,545,286,27.400000000000002,49.6,0,0
2024,9,1,17,0,40,225,67,25.5,57.550000000000004,0,0
2024,9,1,18,0,0,0,0,24.1,64.18,0,0
2024,9,1,19,0,0,0,0,23.200000000000003,70.31,0,0
2024,9,1,20,0,0,0,0,22.5,75.5,0,0
2024,9,1,21,0,0,0,0,22,79.64,0,0
2024,9,1,22,0,0,0,0,21.6,83.17,0,0
2024,9,1,23,0,0,0,0,21.3,85.99,0,0
2024,9,2,0,0,0,0,0,20.900000000000002,89.14,0,0
2024,9,2,1,0,0,0,0,20.6,91.60000000000001,0,0
2024,9,2,2,0,0,0,0,20.3,93.91,0,0
2024,9,2,3,0,0,0,0,20,95.89,0,0
2024,9,2,4,0,0,0,0,19.700000000000003,97.44,0,0
2024,9,2,5,0,0,0,0,19.5,98.04,0,1
2024,9,2,6,0,13,57,16,20,93.87,0,0
2024,9,2,7,0,86,426,204,22.1,79.83,0,1
2024,9,2,8,0,125,621,432,24.700000000000003,65.28,0,0
2024,9,2,9,0,149,725,636,27,56.370000000000005,0,0
2024,9,2,10,0,160,784,790,29.1,48.82,0,0
2024,9,2,11,0,164,814,879,30.900000000000002,42.410000000000004,0,0
2024,9,2,12,0,164,823,894,32.2,37.99,0,0
2024,9,2,13,0,158,807,831,33,35.37,0,0
2024,9,2,14,0,146,763,697,33.1,34.9,0,0
2024,9,2,15,0,139,643,498,32.5,36.49,0,0
2024,9,2,16,0,105,480,273,30.900000000000002,41.84,0,0
2024,9,2,17,0,39,179,60,28.1,53.39,0,0
2024,9,2,18,0,0,0,0,26.1,64.03,0,0
2024,9,2,19,0,0,0,0,24.900000000000002,71.68,0,0
2024,9,2,20,0,0,0,0,24.200000000000003,76.79,0,0
2024,9,2,21,0,0,0,0,23.5,81.53,0,0
2024,9,2,22,0,0,0,0,23,84.85000000000001,0,0
2024,9,2,23,0,0,0,0,22.5,88.38,0,0
2024,9,3,0,0,0,0,0,22.200000000000003,90.85000000000001,0,0
2024,9,3,1,0,0,0,0,21.900000000000002,92.94,0,0
2024,9,3,2,0,0,0,0,21.6,94.94,0,0
2024,9,3,3,0,0,0,0,21.200000000000003,97.34,0,1
2024,9,3,4,0,0,0,0,20.8,99.61,0,3
2024,9,3,5,0,0,0,0,20.3,100,0,1
2024,9,3,6,0,12,38,14,20.700000000000003,98.12,0,1
2024,9,3,7,0,96,352,195,22.8,81.64,0,1
2024,9,3,8,0,147,543,416,24.900000000000002,66.56,0,1
2024,9,3,9,0,253,460,565,26.6,59.19,0,1
2024,9,3,10,0,288,521,709,28.200000000000003,53.19,0,1
2024,9,3,11,0,307,548,789,29.8,46.37,0,0
2024,9,3,12,0,312,548,799,31,41.92,0,0
2024,9,3,13,0,302,520,737,31.5,40.660000000000004,0,0
2024,9,3,14,0,276,458,607,31.200000000000003,42.2,0,0
2024,9,3,15,0,217,390,435,30.3,45.84,0,0
2024,9,3,16,0,139,249,227,28.700000000000003,52.47,0,0
2024,9,3,17,0,31,65,39,26.6,62.5,0,0
2024,9,3,18,0,0,0,0,25.1,71.21000000000001,0,0
2024,9,3,19,0,0,0,0,24.200000000000003,77.61,0,0
2024,9,3,20,0,0,0,0,23.700000000000003,81.63,0,0
2024,9,3,21,0,0,0,0,23.3,84.52,0,0
2024,9,3,22,0,0,0,0,22.8,87.87,0,0
2024,9,3,23,0,0,0,0,22.3,91.19,0,0
2024,9,4,0,0,0,0,0,22,93.28,0,0
2024,9,4,1,0,0,0,0,21.8,94.86,0,1
2024,9,4,2,0,0,0,0,21.700000000000003,95.78,0,1
2024,9,4,3,0,0,0,0,21.5,97.18,0,0
2024,9,4,4,0,0,0,0,21.400000000000002,98.18,0,1
2024,9,4,5,0,0,0,0,21.200000000000003,99.73,0,0
2024,9,4,6,0,6,11,6,21.6,97.72,0,1
2024,9,4,7,0,113,145,154,23.5,86.09,0,1
2024,9,4,8,0,222,279,362,25.400000000000002,72.81,0,1
2024,9,4,9,0,358,39,385,27,64.62,0,2
2024,9,4,10,0,451,71,508,28.3,58.64,0,2
2024,9,4,11,0,291,591,813,29.400000000000002,53.86,0,1
2024,9,4,12,0,285,602,822,30.200000000000003,50.660000000000004,0,1
2024,9,4,13,0,270,590,765,30.5,49.370000000000005,0,1
2024,9,4,14,0,242,546,638,30.3,49.800000000000004,0,1
2024,9,4,15,0,204,451,456,29.5,52.43,0,1
2024,9,4,16,0,136,310,246,28.200000000000003,57.08,0,0
2024,9,4,17,0,37,92,48,26.6,63.82,0,0
2024,9,4,18,0,0,0,0,25.3,70.26,0,0
2024,9,4,19,0,0,0,0,24.6,74.56,0,0
2024,9,4,20,0,0,0,0,24.1,77.82000000000001,0,0
2024,9,4,21,0,0,0,0,23.8,79.78,0,0
2024,9,4,22,0,0,0,0,23.400000000000002,81.99,0,0
2024,9,4,23,0,0,0,0,23,84.02,0,0
2024,9,5,0,0,0,0,0,22.6,86.2,0,1
2024,9,5,1,0,0,0,0,22.200000000000003,88.29,0,0
2024,9,5,2,0,0,0,0,21.900000000000002,89.99,0,0
2024,9,5,3,0,0,0,0,21.6,91.68,0,0
2024,9,5,4,0,0,0,0,21.5,92.25,0,0
2024,9,5,5,0,0,0,0,21.3,93.53,0,1
2024,9,5,6,0,12,31,14,21.8,90.56,0,1
2024,9,5,7,0,110,1,110,23.400000000000002,80.24,0,3
2024,9,5,8,0,287,45,310,25.5,67.98,0,2
2024,9,5,9,0,176,668,633,27.200000000000003,59.870000000000005,0,1
2024,9,5,10,0,189,736,788,28.900000000000002,51.95,0,0
2024,9,5,11,0,195,767,875,30.400000000000002,45.83,0,0
2024,9,5,12,0,194,774,887,31.3,42.72,0,0
2024,9,5,13,0,186,758,824,31.6,41.68,0,0
2024,9,5,14,0,170,712,688,31.400000000000002,42.35,0,0
2024,9,5,15,0,142,648,506,30.5,45.26,0,0
2024,9,5,16,0,107,478,277,29.1,50.44,0,0
2024,9,5,17,0,41,169,62,27.1,59.67,0,0
2024,9,5,18,0,0,0,0,25.5,69.49,0,0
2024,9,5,19,0,0,0,0,24.6,77.07000000000001,0,0
2024,9,5,20,0,0,0,0,24.1,81.44,0,0
2024,9,5,21,0,0,0,0,23.700000000000003,84.08,0,0
2024,9,5,22,0,0,0,0,23.400000000000002,85.47,0,0
2024,9,5,23,0,0,0,0,23,87.13,0,0
2024,9,6,0,0,0,0,0,22.700000000000003,88.33,0,0
2024,9,6,1,0,0,0,0,22.400000000000002,89.79,0,0
2024,9,6,2,0,0,0,0,22.1,91.28,0,1
2024,9,6,3,0,0,0,0,21.700000000000003,93.45,0,0
2024,9,6,4,0,0,0,0,21.400000000000002,95.08,0,0
2024,9,6,5,0,0,0,0,21.1,96.66,0,0
2024,9,6,6,0,12,30,13,21.6,93.56,0,1
2024,9,6,7,0,113,265,190,23.700000000000003,79.73,0,1
2024,9,6,8,0,187,430,405,25.900000000000002,67.34,0,1
2024,9,6,9,0,238,522,597,27.400000000000002,60.84,0,1
2024,9,6,10,0,257,596,744,28.8,54.17,0,1
2024,9,6,11,0,268,631,829,29.8,49.88,0,1
2024,9,6,12,0,272,631,839,30.200000000000003,48.06,0,1
2024,9,6,13,0,468,79,534,30.1,48,0,2
2024,9,6,14,0,244,543,640,29.700000000000003,49.2,0,0
2024,9,6,15,0,198,469,461,28.8,52.29,0,0
2024,9,6,16,0,135,318,248,27.5,57.1,0,0
2024,9,6,17,0,37,97,49,26.1,63.22,0,1
2024,9,6,18,0,0,0,0,25,69.41,0,0
2024,9,6,19,0,0,0,0,24.400000000000002,72.69,0,1
2024,9,6,20,0,0,0,0,23.8,75.34,0,3
2024,9,6,21,0,0,0,0,23.3,77.28,0,0
2024,9,6,22,0,0,0,0,22.900000000000002,78.81,0,1
2024,9,6,23,0,0,0,0,22.5,80.51,0,7
2024,9,7,0,0,0,0,0,22,83.33,0,3
2024,9,7,1,0,0,0,0,21.6,86.13,0,1
2024,9,7,2,0,0,0,0,21.3,88.47,0,3
2024,9,7,3,0,0,0,0,21.3,88.95,0,8
2024,9,7,4,0,0,0,0,21.3,89.31,0,0
2024,9,7,5,0,0,0,0,21.200000000000003,89.98,0,0
2024,9,7,6,0,16,55,19,21.900000000000002,86.60000000000001,0,1
2024,9,7,7,0,104,356,209,24,74.38,0,1
2024,9,7,8,0,153,545,432,25.900000000000002,63.88,0,0
2024,9,7,9,0,402,68,449,27.3,58.47,0,2
2024,9,7,10,0,477,93,553,28.5,54,0,2
2024,9,7,11,0,486,93,569,29.3,51.29,0,3
2024,9,7,12,0,498,96,585,29.700000000000003,50.22,0,3
2024,9,7,13,0,486,90,562,29.6,51.04,0,3
2024,9,7,14,0,250,538,644,29,53.56,0,1
2024,9,7,15,0,210,443,459,28.1,57.120000000000005,0,0
2024,9,7,16,0,139,307,249,26.900000000000002,61.96,0,0
2024,9,7,17,0,36,96,48,25.400000000000002,68.69,0,0
2024,9,7,18,0,0,0,0,24.400000000000002,74.72,0,0
2024,9,7,19,0,0,0,0,23.8,79.15,0,0
2024,9,7,20,0,0,0,0,23.400000000000002,82.3,0,0
2024,9,7,21,0,0,0,0,22.900000000000002,85.73,0,3
2024,9,7,22,0,0,0,0,22.6,88,0,8
2024,9,7,23,0,0,0,0,22.200000000000003,90.55,0,1
2024,9,8,0,0,0,0,0,21.900000000000002,92.47,0,0
2024,9,8,1,0,0,0,0,21.700000000000003,93.87,0,0
2024,9,8,2,0,0,0,0,21.5,95.12,0,8
2024,9,8,3,0,0,0,0,21.400000000000002,95.86,0,0
2024,9,8,4,0,0,0,0,21.200000000000003,97.29,0,0
2024,9,8,5,0,0,0,0,21.1,98,0,1
2024,9,8,6,0,12,41,15,21.700000000000003,94.79,0,1
2024,9,8,7,0,112,269,193,23.400000000000002,82.82000000000001,0,1
2024,9,8,8,0,183,440,410,25.200000000000003,70.15,0,1
2024,9,8,9,0,255,488,593,26.700000000000003,62.870000000000005,0,1
2024,9,8,10,0,286,551,740,27.900000000000002,58.160000000000004,0,1
2024,9,8,11,0,472,50,517,28.700000000000003,55.01,0,2
2024,9,8,12,0,440,17,455,29.1,53.370000000000005,0,3
2024,9,8,13,0,493,88,568,29.1,53.39,0,2
2024,9,8,14,0,413,60,457,28.6,55.21,0,3
2024,9,8,15,0,199,472,466,27.700000000000003,58.49,0,0
2024,9,8,16,0,135,324,251,26.5,63.52,0,0
2024,9,8,17,0,38,104,51,25.1,70.92,0,0
2024,9,8,18,0,0,0,0,24,78.39,0,0
2024,9,8,19,0,0,0,0,23.400000000000002,83.32000000000001,0,0
2024,9,8,20,0,0,0,0,22.900000000000002,87.15,0,0
2024,9,8,21,0,0,0,0,22.5,90.10000000000001,0,0
2024,9,8,22,0,0,0,0,22.200000000000003,91.87,0,1
2024,9,8,23,0,0,0,0,21.900000000000002,93.09,0,1
2024,9,9,0,0,0,0,0,21.700000000000003,92.93,0,1
2024,9,9,1,0,0,0,0,21.700000000000003,91.39,0,1
2024,9,9,2,0,0,0,0,21.700000000000003,89.8,0,3
2024,9,9,3,0,0,0,0,21.700000000000003,88.18,0,3
2024,9,9,4,0,0,0,0,21.6,87.5,0,3
2024,9,9,5,0,0,0,0,21.6,86.73,0,1
2024,9,9,6,0,22,84,27,22.3,82.61,0,1
2024,9,9,7,0,100,427,230,24,71.19,0,1
2024,9,9,8,0,141,616,461,26,59.46,0,1
2024,9,9,9,0,356,70,405,27.400000000000002,53.75,0,3
2024,9,9,10,0,362,6,366,28.5,50.160000000000004,0,3
2024,9,9,11,0,384,4,388,29.3,47.37,0,3
2024,9,9,12,0,515,202,698,29.6,46.43,0,2
2024,9,9,13,0,298,1,299,29.5,46.97,0,3
2024,9,9,14,0,141,791,723,29.1,48.410000000000004,0,1
2024,9,9,15,0,119,727,531,28.200000000000003,51.47,0,0
2024,9,9,16,0,94,570,299,27,55.96,0,0
2024,9,9,17,0,43,251,75,25.6,61.99,0,0
2024,9,9,18,0,0,0,0,24.5,67.69,0,0
2024,9,9,19,0,0,0,0,23.900000000000002,71.01,0,0
2024,9,9,20,0,0,0,0,23.400000000000002,73.52,0,0
2024,9,9,21,0,0,0,0,22.900000000000002,75.84,0,0
2024,9,9,22,0,0,0,0,22.400000000000002,78.09,0,0
2024,9,9,23,0,0,0,0,22.1,79.25,0,0
2024,9,10,0,0,0,0,0,21.700000000000003,80.97,0,0
2024,9,10,1,0,0,0,0,21.3,83.16,0,0
2024,9,10,2,0,0,0,0,21,85.06,0,0
2024,9,10,3,0,0,0,0,20.700000000000003,87.08,0,0
2024,9,10,4,0,0,0,0,20.5,88.7,0,0
2024,9,10,5,0,0,0,0,20.3,90.36,0,1
2024,9,10,6,0,23,141,32,21.1,86.33,0,1
2024,9,10,7,0,82,533,245,23.5,71.98,0,0
2024,9,10,8,0,109,716,483,25.6,59.11,0,0
2024,9,10,9,0,387,97,455,27.200000000000003,52.27,0,2
2024,9,10,10,0,135,857,847,28.400000000000002,48.59,0,0
2024,9,10,11,0,138,881,931,29.200000000000003,46.77,0,1
2024,9,10,12,0,138,885,942,29.6,45.75,0,1
2024,9,10,13,0,133,870,875,29.700000000000003,45.26,0,1
2024,9,10,14,0,124,832,737,29.5,45.51,0,0
2024,9,10,15,0,103,779,546,28.8,47.45,0,0
2024,9,10,16,0,83,636,312,27.700000000000003,51.19,0,0
2024,9,10,17,0,42,310,81,26,58.43,0,0
2024,9,10,18,0,0,0,0,24.700000000000003,66.11,0,0
2024,9,10,19,0,0,0,0,24,71.45,0,0
2024,9,10,20,0,0,0,0,23.6,74.97,0,0
2024,9,10,21,0,0,0,0,23.200000000000003,77.8,0,0
2024,9,10,22,0,0,0,0,22.900000000000002,79.94,0,0
2024,9,10,23,0,0,0,0,22.6,81.92,0,0
2024,9,11,0,0,0,0,0,22.200000000000003,84.49,0,0
2024,9,11,1,0,0,0,0,21.900000000000002,86.59,0,0
2024,9,11,2,0,0,0,0,21.6,88.57000000000001,0,0
2024,9,11,3,0,0,0,0,21.3,90.84,0,1
2024,9,11,4,0,0,0,0,21.1,92.58,0,0
2024,9,11,5,0,0,0,0,20.8,95.01,0,1
2024,9,11,6,0,26,221,42,21.700000000000003,90.89,0,1
2024,9,11,7,0,66,636,263,24.1,77.64,0,0
2024,9,11,8,0,83,799,503,26.200000000000003,65.63,0,1
2024,9,11,9,0,304,7,309,27.8,57.28,0,3
2024,9,11,10,0,105,907,861,28.8,53.31,0,1
2024,9,11,11,0,213,0,213,29.6,50.92,0,3
2024,9,11,12,0,450,32,480,30,50.01,0,3
2024,9,11,13,0,456,135,572,30,50.42,0,2
2024,9,11,14,0,412,172,539,29.6,51.800000000000004,0,2
2024,9,11,15,0,103,772,543,28.900000000000002,53.99,0,1
2024,9,11,16,0,83,625,309,27.700000000000003,58.26,0,0
2024,9,11,17,0,41,306,80,26.200000000000003,64.65,0,1
2024,9,11,18,0,0,0,0,25.1,70.87,0,0
2024,9,11,19,0,0,0,0,24.5,74.76,0,0
2024,9,11,20,0,0,0,0,24,77.61,0,0
2024,9,11,21,0,0,0,0,23.700000000000003,79.34,0,0
2024,9,11,22,0,0,0,0,23.3,81.64,0,0
2024,9,11,23,0,0,0,0,22.900000000000002,84.03,0,0
2024,9,12,0,0,0,0,0,22.6,85.84,0,0
2024,9,12,1,0,0,0,0,22.200000000000003,88.22,0,0
2024,9,12,2,0,0,0,0,21.8,90.7,0,0
2024,9,12,3,0,0,0,0,21.5,92.71000000000001,0,1
2024,9,12,4,0,0,0,0,21.400000000000002,93.47,0,1
2024,9,12,5,0,0,0,0,21.400000000000002,93.68,0,1
2024,9,12,6,0,25,172,38,22.200000000000003,89.06,0,3
2024,9,12,7,0,80,538,250,24.1,76.38,0,1
2024,9,12,8,0,297,76,337,25.900000000000002,65.67,0,2
2024,9,12,9,0,122,805,692,27.400000000000002,58.370000000000005,0,1
2024,9,12,10,0,473,200,641,28.6,53.22,0,2
2024,9,12,11,0,403,7,409,29.400000000000002,50.33,0,3
2024,9,12,12,0,158,843,929,29.700000000000003,49.550000000000004,0,1
2024,9,12,13,0,155,822,860,29.700000000000003,49.67,0,1
2024,9,12,14,0,145,784,725,29.3,50.89,0,0
2024,9,12,15,0,107,761,542,28.6,53.15,0,0
2024,9,12,16,0,86,612,308,27.400000000000002,57.29,0,0
2024,9,12,17,0,43,288,79,25.900000000000002,63.730000000000004,0,0
2024,9,12,18,0,0,0,0,24.900000000000002,69.33,0,0
2024,9,12,19,0,0,0,0,24.3,73.12,0,0
2024,9,12,20,0,0,0,0,23.700000000000003,76.53,0,0
2024,9,12,21,0,0,0,0,23.3,78.76,0,0
2024,9,12,22,0,0,0,0,22.900000000000002,80.89,0,1
2024,9,12,23,0,0,0,0,22.5,82.95,0,0
2024,9,13,0,0,0,0,0,22.1,84.88,0,1
2024,9,13,1,0,0,0,0,21.8,86.32000000000001,0,1
2024,9,13,2,0,0,0,0,21.5,87.79,0,0
2024,9,13,3,0,0,0,0,21.200000000000003,89.52,0,1
2024,9,13,4,0,0,0,0,20.900000000000002,91.68,0,0
2024,9,13,5,0,0,0,0,20.8,92.9,0,1
2024,9,13,6,0,29,174,43,21.8,88.24,0,1
2024,9,13,7,0,80,564,260,24.3,74.13,0,1
2024,9,13,8,0,109,723,495,26.200000000000003,63.58,0,0
2024,9,13,9,0,345,35,370,27.6,58.01,0,2
2024,9,13,10,0,167,799,838,28.8,53.72,0,1
2024,9,13,11,0,173,821,920,29.5,51.050000000000004,0,1
2024,9,13,12,0,521,169,676,29.900000000000002,49.65,0,2
2024,9,13,13,0,179,786,854,29.8,50.03,0,1
2024,9,13,14,0,173,726,712,29.3,51.58,0,0
2024,9,13,15,0,160,611,509,28.400000000000002,54.910000000000004,0,0
2024,9,13,16,0,119,447,282,27.200000000000003,59.89,0,0
2024,9,13,17,0,45,157,66,25.700000000000003,67.03,0,0
2024,9,13,18,0,0,0,0,24.8,72.47,0,0
2024,9,13,19,0,0,0,0,24.3,76.03,0,0
2024,9,13,20,0,0,0,0,23.8,79.33,0,0
2024,9,13,21,0,0,0,0,23.400000000000002,82.04,0,0
2024,9,13,22,0,0,0,0,23,84.7,0,0
2024,9,13,23,0,0,0,0,22.700000000000003,86.84,0,0
2024,9,14,0,0,0,0,0,22.400000000000002,89.24,0,0
2024,9,14,1,0,0,0,0,22.200000000000003,91.05,0,0
2024,9,14,2,0,0,0,0,22.1,92.37,0,0
2024,9,14,3,0,0,0,0,22,93.54,0,1
2024,9,14,4,0,0,0,0,21.900000000000002,94.62,0,1
2024,9,14,5,0,0,0,0,21.8,95.75,0,1
2024,9,14,6,0,29,148,42,22.400000000000002,92.82000000000001,0,1
2024,9,14,7,0,84,539,257,24.200000000000003,81.09,0,1
2024,9,14,8,0,104,725,494,26.200000000000003,68.4,0,1
2024,9,14,9,0,181,683,670,27.700000000000003,60.35,0,1
2024,9,14,10,0,423,48,463,28.8,56.02,0,3
2024,9,14,11,0,527,220,728,29.8,52.5,0,2
2024,9,14,12,0,359,2,361,30.400000000000002,49.95,0,3
2024,9,14,13,0,488,225,682,30.5,49.120000000000005,0,2
2024,9,14,14,0,394,82,455,30.200000000000003,49.68,0,3
2024,9,14,15,0,125,705,530,29.5,51.81,0,1
2024,9,14,16,0,95,563,300,28.3,56.230000000000004,0,0
2024,9,14,17,0,44,251,77,26.700000000000003,63.17,0,1
2024,9,14,18,0,0,0,0,25.400000000000002,70.26,0,0
2024,9,14,19,0,0,0,0,24.700000000000003,74.64,0,8
2024,9,14,20,0,0,0,0,24.3,76.82000000000001,0,1
2024,9,14,21,0,0,0,0,23.900000000000002,78.73,0,0
2024,9,14,22,0,0,0,0,23.6,79.87,0,0
2024,9,14,23,0,0,0,0,23.3,81.14,0,0
2024,9,15,0,0,0,0,0,22.900000000000002,83.09,0,0
2024,9,15,1,0,0,0,0,22.5,85.10000000000001,0,3
2024,9,15,2,0,0,0,0,22.200000000000003,86.65,0,3
2024,9,15,3,0,0,0,0,21.900000000000002,88.34,0,3
2024,9,15,4,0,0,0,0,21.6,90.37,0,1
2024,9,15,5,0,0,0,0,21.200000000000003,93.33,0,1
2024,9,15,6,0,32,128,44,22,89.72,0,1
2024,9,15,7,0,95,500,258,24.400000000000002,75.86,0,1
2024,9,15,8,0,128,673,492,26.5,63.88,0,0
2024,9,15,9,0,140,783,703,28.1,56.54,0,1
2024,9,15,10,0,152,829,854,29.3,51.81,0,0
2024,9,15,11,0,150,861,939,30.3,47.52,0,1
2024,9,15,12,0,479,100,571,30.8,45.68,0,3
2024,9,15,13,0,369,5,374,30.8,45.99,0,3
2024,9,15,14,0,409,235,584,30.3,48.36,0,3
2024,9,15,15,0,311,214,434,29.3,52.39,0,2
2024,9,15,16,0,91,582,304,28.1,57.800000000000004,0,0
2024,9,15,17,0,43,272,78,26.6,66.08,0,1
2024,9,15,18,0,0,0,0,25.3,74.97,0,0
2024,9,15,19,0,0,0,0,24.6,80.87,0,0
2024,9,15,20,0,0,0,0,24.1,85.06,0,0
2024,9,15,21,0,0,0,0,23.6,88.97,0,0
2024,9,15,22,0,0,0,0,23.3,91.64,0,0
2024,9,15,23,0,0,0,0,23,94.07000000000001,0,0
2024,9,16,0,0,0,0,0,22.8,95.68,0,0
2024,9,16,1,0,0,0,0,22.700000000000003,95.91,0,0
2024,9,16,2,0,0,0,0,22.5,96.28,0,0
2024,9,16,3,0,0,0,0,22.400000000000002,96.14,0,1
2024,9,16,4,0,0,0,0,22.3,96.46000000000001,0,0
2024,9,16,5,0,0,0,0,22.3,96.52,0,1
2024,9,16,6,0,38,2,38,22.700000000000003,94.79,0,7
2024,9,16,7,0,108,8,111,23.900000000000002,87.14,0,7
2024,9,16,8,0,278,214,395,25.700000000000003,74.41,0,7
2024,9,16,9,0,238,504,602,27.1,65.82000000000001,0,8
2024,9,16,10,0,170,798,848,28.5,58.980000000000004,0,0
2024,9,16,11,0,172,827,932,29.5,54.1,0,1
2024,9,16,12,0,462,68,525,30.3,50.4,0,3
2024,9,16,13,0,354,547,827,30.8,47.96,0,3
2024,9,16,14,0,350,25,368,30.900000000000002,47.2,0,3
2024,9,16,15,0,127,706,534,30.400000000000002,48.5,0,0
2024,9,16,16,0,99,550,301,29.200000000000003,52.94,0,0
2024,9,16,17,0,46,231,76,27.400000000000002,61.08,0,0
2024,9,16,18,0,0,0,0,25.8,70.55,0,0
2024,9,16,19,0,0,0,0,25,77.02,0,0
2024,9,16,20,0,0,0,0,24.5,81.10000000000001,0,0
2024,9,16,21,0,0,0,0,24.200000000000003,83.71000000000001,0,0
2024,9,16,22,0,0,0,0,24,85.28,0,0
2024,9,16,23,0,0,0,0,23.8,86.5,0,0
2024,9,17,0,0,0,0,0,23.6,87.47,0,0
2024,9,17,1,0,0,0,0,23.400000000000002,88.42,0,0
2024,9,17,2,0,0,0,0,23.3,88.83,0,0
2024,9,17,3,0,0,0,0,23,90.39,0,0
2024,9,17,4,0,0,0,0,22.8,91.66,0,1
2024,9,17,5,0,0,0,0,22.8,91.88,0,3
2024,9,17,6,0,34,97,43,23.3,89.65,0,1
2024,9,17,7,0,108,421,248,24.6,81.06,0,1
2024,9,17,8,0,109,0,109,26.3,69.09,0,3
2024,9,17,9,0,121,0,121,27.700000000000003,62.07,0,3
2024,9,17,10,0,314,1,315,28.6,58.24,0,3
2024,9,17,11,0,292,1,293,28.900000000000002,56.93,0,3
2024,9,17,12,0,324,1,324,28.6,57.82,0,3
2024,9,17,13,0,136,0,136,27.8,60.56,0,3
2024,9,17,14,0,315,4,319,26.700000000000003,63.97,0,3
2024,9,17,15,0,263,16,273,25.700000000000003,66.83,0,3
2024,9,17,16,0,101,0,101,24.700000000000003,70.10000000000001,0,3
2024,9,17,17,0,51,126,68,23.700000000000003,74.72,0,3
2024,9,17,18,0,0,0,0,23,79.44,0,3
2024,9,17,19,0,0,0,0,22.700000000000003,82.44,0,3
2024,9,17,20,0,0,0,0,22.5,84.23,0,1
2024,9,17,21,0,0,0,0,22.3,85.76,0,3
2024,9,17,22,0,0,0,0,22.1,86.83,0,3
2024,9,17,23,0,0,0,0,22,87,0,3
2024,9,18,0,0,0,0,0,21.900000000000002,87.02,0,3
2024,9,18,1,0,0,0,0,21.8,86.97,0,3
2024,9,18,2,0,0,0,0,21.700000000000003,86.88,0,1
2024,9,18,3,0,0,0,0,21.700000000000003,85.89,0,0
2024,9,18,4,0,0,0,0,21.700000000000003,85.10000000000001,0,0
2024,9,18,5,0,0,0,0,21.700000000000003,84.85000000000001,0,1
2024,9,18,6,0,38,124,50,22.3,81.73,0,1
2024,9,18,7,0,106,469,264,23.6,73.60000000000001,0,1
2024,9,18,8,0,143,640,495,25.1,65,0,0
2024,9,18,9,0,184,694,689,26.3,59.57,0,1
2024,9,18,10,0,441,72,502,27.1,56.29,0,3
2024,9,18,11,0,349,1,351,27.700000000000003,54.230000000000004,0,3
2024,9,18,12,0,298,1,299,27.900000000000002,53.61,0,3
2024,9,18,13,0,305,1,306,27.700000000000003,54.28,0,3
2024,9,18,14,0,288,2,289,27.200000000000003,55.96,0,3
2024,9,18,15,0,230,3,232,26.3,59.22,0,3
2024,9,18,16,0,56,0,56,25.1,63.940000000000005,0,3
2024,9,18,17,0,62,4,63,23.900000000000002,69.59,0,3
2024,9,18,18,0,0,0,0,23,75.03,0,3
2024,9,18,19,0,0,0,0,22.5,78.43,0,3
2024,9,18,20,0,0,0,0,22.1,80.7,0,3
2024,9,18,21,0,0,0,0,21.900000000000002,81.84,0,3
2024,9,18,22,0,0,0,0,21.700000000000003,82.96000000000001,0,3
2024,9,18,23,0,0,0,0,21.400000000000002,84.71000000000001,0,0
2024,9,19,0,0,0,0,0,21.200000000000003,86.09,0,1
2024,9,19,1,0,0,0,0,21,87.93,0,0
2024,9,19,2,0,0,0,0,20.900000000000002,89.16,0,1
2024,9,19,3,0,0,0,0,20.8,90.5,0,1
2024,9,19,4,0,0,0,0,20.700000000000003,91.91,0,1
2024,9,19,5,0,0,0,0,20.700000000000003,92.86,0,1
2024,9,19,6,0,36,164,53,21.700000000000003,89.17,0,1
2024,9,19,7,0,178,26,187,23.3,80.51,0,2
2024,9,19,8,0,135,656,499,25.3,67.74,0,0
2024,9,19,9,0,426,134,524,26.700000000000003,61.730000000000004,0,2
2024,9,19,10,0,405,18,420,27.900000000000002,57.46,0,3
2024,9,19,11,0,482,83,559,28.6,54.85,0,3
2024,9,19,12,0,204,0,204,28.8,53.870000000000005,0,3
2024,9,19,13,0,427,33,455,28.8,53.68,0,3
2024,9,19,14,0,211,652,701,28.3,55.36,0,1
2024,9,19,15,0,322,57,355,27.5,58.11,0,2
2024,9,19,16,0,121,444,285,26.5,62.07,0,0
2024,9,19,17,0,48,174,71,25.200000000000003,68.39,0,0
2024,9,19,18,0,0,0,0,24.1,75.51,0,0
2024,9,19,19,0,0,0,0,23.5,80.05,0,0
2024,9,19,20,0,0,0,0,23,84.31,0,1
2024,9,19,21,0,0,0,0,22.6,88.39,0,0
2024,9,19,22,0,0,0,0,22.200000000000003,92.54,0,0
2024,9,19,23,0,0,0,0,22,94.91,0,0
2024,9,20,0,0,0,0,0,21.900000000000002,96.33,0,0
2024,9,20,1,0,0,0,0,21.900000000000002,96.72,0,0
2024,9,20,2,0,0,0,0,21.8,97.10000000000001,0,3
2024,9,20,3,0,0,0,0,21.8,96.61,0,0
2024,9,20,4,0,0,0,0,21.8,96.03,0,1
2024,9,20,5,0,0,0,0,21.700000000000003,96.11,0,3
2024,9,20,6,0,34,140,49,22.400000000000002,94.55,0,1
2024,9,20,7,0,110,430,258,23.6,89.29,0,1
2024,9,20,8,0,156,591,486,25.700000000000003,72.82000000000001,0,1
2024,9,20,9,0,346,19,360,27.3,63.730000000000004,0,3
2024,9,20,10,0,252,0,252,28.5,58.08,0,3
2024,9,20,11,0,550,152,691,29.3,54.42,0,3
2024,9,20,12,0,156,0,156,29.700000000000003,52.800000000000004,0,3
2024,9,20,13,0,483,94,566,29.6,52.980000000000004,0,3
2024,9,20,14,0,240,579,675,29.200000000000003,54.21,0,1
2024,9,20,15,0,186,1,186,28.5,56.7,0,3
2024,9,20,16,0,121,429,280,27.6,60.300000000000004,0,1
2024,9,20,17,0,45,162,67,26.3,66.26,0,1
2024,9,20,18,0,0,0,0,25.1,73.10000000000001,0,0
2024,9,20,19,0,0,0,0,24.3,78.89,0,0
2024,9,20,20,0,0,0,0,23.8,83,0,0
2024,9,20,21,0,0,0,0,23.3,86.78,0,0
2024,9,20,22,0,0,0,0,22.900000000000002,89.64,0,0
2024,9,20,23,0,0,0,0,22.5,92.19,0,0
2024,9,21,0,0,0,0,0,22.200000000000003,94.16,0,0
2024,9,21,1,0,0,0,0,21.900000000000002,96.12,0,0
2024,9,21,2,0,0,0,0,21.6,98.12,0,0
2024,9,21,3,0,0,0,0,21.400000000000002,99.51,0,0
2024,9,21,4,0,0,0,0,21.200000000000003,100,0,1
2024,9,21,5,0,0,0,0,21.200000000000003,100,0,0
2024,9,21,6,0,35,87,44,22.1,95.72,0,1
2024,9,21,7,0,157,6,159,24,83.44,0,3
2024,9,21,8,0,305,41,328,26.1,69.91,0,3
2024,9,21,9,0,215,616,669,27.700000000000003,61.24,0,1
2024,9,21,10,0,232,676,817,29,55.24,0,1
2024,9,21,11,0,242,701,895,30,51.2,0,1
2024,9,21,12,0,545,144,679,30.400000000000002,49.67,0,2
2024,9,21,13,0,463,68,523,30.400000000000002,49.75,0,3
2024,9,21,14,0,439,98,514,30,51,0,3
2024,9,21,15,0,161,600,511,29.3,53.27,0,0
2024,9,21,16,0,119,450,286,28.1,57.47,0,0
2024,9,21,17,0,46,174,70,26.6,63.75,0,0
2024,9,21,18,0,0,0,0,25.3,70.82000000000001,0,0
2024,9,21,19,0,0,0,0,24.6,75.28,0,0
2024,9,21,20,0,0,0,0,24.200000000000003,77.92,0,0
2024,9,21,21,0,0,0,0,23.900000000000002,79.48,0,0
2024,9,21,22,0,0,0,0,23.5,81.75,0,0
2024,9,21,23,0,0,0,0,23.200000000000003,83.55,0,0
2024,9,22,0,0,0,0,0,22.900000000000002,85.42,0,0
2024,9,22,1,0,0,0,0,22.5,88.11,0,0
2024,9,22,2,0,0,0,0,22.1,90.89,0,0
2024,9,22,3,0,0,0,0,21.8,93.11,0,0
2024,9,22,4,0,0,0,0,21.700000000000003,94.16,0,0
2024,9,22,5,0,0,0,0,21.6,95.34,0,1
2024,9,22,6,0,39,134,55,22.6,90.35000000000001,0,1
2024,9,22,7,0,116,433,268,24.700000000000003,77.89,0,1
2024,9,22,8,0,156,606,499,26.5,66.75,0,0
2024,9,22,9,0,166,731,708,27.900000000000002,60.06,0,1
2024,9,22,10,0,171,794,860,29.1,55.07,0,0
2024,9,22,11,0,174,821,941,29.900000000000002,51.81,0,1
2024,9,22,12,0,530,184,703,30.400000000000002,49.68,0,3
2024,9,22,13,0,352,2,354,30.400000000000002,49.44,0,3
2024,9,22,14,0,161,749,727,30,50.79,0,1
2024,9,22,15,0,136,677,531,29.200000000000003,53.81,0,0
2024,9,22,16,0,104,525,299,28,58.71,0,0
2024,9,22,17,0,47,221,77,26.5,65.85,0,0
2024,9,22,18,0,0,0,0,25.3,72.97,0,0
2024,9,22,19,0,0,0,0,24.6,77.86,0,0
2024,9,22,20,0,0,0,0,24.1,81.2,0,0
2024,9,22,21,0,0,0,0,23.8,83.09,0,1
2024,9,22,22,0,0,0,0,23.5,84.74,0,0
2024,9,22,23,0,0,0,0,23.3,85.66,0,0
2024,9,23,0,0,0,0,0,23,87.25,0,0
2024,9,23,1,0,0,0,0,22.8,88.43,0,1
2024,9,23,2,0,0,0,0,22.700000000000003,88.93,0,0
2024,9,23,3,0,0,0,0,22.700000000000003,88.87,0,1
2024,9,23,4,0,0,0,0,22.700000000000003,88.92,0,0
2024,9,23,5,0,0,0,0,22.700000000000003,88.83,0,1
2024,9,23,6,0,40,180,61,23.400000000000002,84.88,0,1
2024,9,23,7,0,104,491,278,25,74.56,0,0
2024,9,23,8,0,323,133,399,26.6,65.59,0,3
2024,9,23,9,0,168,723,706,28,59.22,0,1
2024,9,23,10,0,186,764,851,29.1,54.86,0,1
2024,9,23,11,0,199,777,926,29.8,52.02,0,1
2024,9,23,12,0,468,42,507,30.200000000000003,50.46,0,3
2024,9,23,13,0,199,747,854,30,50.89,0,1
2024,9,23,14,0,183,700,713,29.5,52.28,0,0
2024,9,23,15,0,131,689,534,28.6,55.08,0,0
2024,9,23,16,0,100,543,303,27.5,59.02,0,0
2024,9,23,17,0,46,250,80,26,65.68,0,0
2024,9,23,18,0,0,0,0,24.900000000000002,72.29,0,0
2024,9,23,19,0,0,0,0,24.200000000000003,77.41,0,0
2024,9,23,20,0,0,0,0,23.700000000000003,81.22,0,0
2024,9,23,21,0,0,0,0,23.200000000000003,84.60000000000001,0,0
2024,9,23,22,0,0,0,0,22.8,87.28,0,0
2024,9,23,23,0,0,0,0,22.5,89.21000000000001,0,0
2024,9,24,0,0,0,0,0,22.200000000000003,91.31,0,0
2024,9,24,1,0,0,0,0,22.1,92.29,0,0
2024,9,24,2,0,0,0,0,22,93.17,0,0
2024,9,24,3,0,0,0,0,22,93.48,0,0
2024,9,24,4,0,0,0,0,22,93.96000000000001,0,0
2024,9,24,5,0,0,0,0,21.900000000000002,95,0,0
2024,9,24,6,0,37,291,73,22.700000000000003,91.11,0,1
2024,9,24,7,0,80,620,302,24.6,78.63,0,0
2024,9,24,8,0,102,764,539,26.5,67.52,0,0
2024,9,24,9,0,127,813,735,28.1,59.800000000000004,0,1
2024,9,24,10,0,312,1,313,29.3,54.92,0,3
2024,9,24,11,0,143,872,961,30.1,51.65,0,1
2024,9,24,12,0,463,44,504,30.5,50.13,0,3
2024,9,24,13,0,301,1,302,30.400000000000002,50.25,0,3
2024,9,24,14,0,131,811,746,30,51.58,0,1
2024,9,24,15,0,116,736,547,29.1,54.730000000000004,0,0
2024,9,24,16,0,91,590,311,27.8,60.06,0,0
2024,9,24,17,0,44,280,83,26.3,67.85,0,0
2024,9,24,18,0,0,0,0,25.1,76.17,0,0
2024,9,24,19,0,0,0,0,24.400000000000002,81.91,0,0
2024,9,24,20,0,0,0,0,23.900000000000002,85.85000000000001,0,0
2024,9,24,21,0,0,0,0,23.5,88.78,0,0
2024,9,24,22,0,0,0,0,23.400000000000002,89.46000000000001,0,0
2024,9,24,23,0,0,0,0,23.3,89.60000000000001,0,0
2024,9,25,0,0,0,0,0,23.200000000000003,89.87,0,0
2024,9,25,1,0,0,0,0,23.1,90.34,0,1
2024,9,25,2,0,0,0,0,22.900000000000002,91.35000000000001,0,1
2024,9,25,3,0,0,0,0,22.700000000000003,92.62,0,0
2024,9,25,4,0,0,0,0,22.5,93.97,0,0
2024,9,25,5,0,0,0,0,22.200000000000003,96.05,0,0
2024,9,25,6,0,38,299,75,22.900000000000002,92.44,0,1
2024,9,25,7,0,78,625,304,24.6,80.22,0,0
2024,9,25,8,0,100,764,540,26.5,68.35000000000001,0,0
2024,9,25,9,0,111,843,744,28.1,60.34,0,1
2024,9,25,10,0,122,877,890,29.200000000000003,55.660000000000004,0,1
2024,9,25,11,0,131,886,965,29.900000000000002,52.910000000000004,0,1
2024,9,25,12,0,513,187,689,30.200000000000003,51.730000000000004,0,3
2024,9,25,13,0,484,164,629,30.1,52.120000000000005,0,2
2024,9,25,14,0,129,811,745,29.6,53.63,0,0
2024,9,25,15,0,108,753,549,28.700000000000003,56.58,0,0
2024,9,25,16,0,83,620,315,27.5,61.39,0,0
2024,9,25,17,0,42,312,85,26,68.87,0,0
2024,9,25,18,0,0,0,0,25,75.19,0,0
2024,9,25,19,0,0,0,0,24.5,78.53,0,0
2024,9,25,20,0,0,0,0,24.3,79.23,0,0
2024,9,25,21,0,0,0,0,24.200000000000003,78.89,0,0
2024,9,25,22,0,0,0,0,24,78.84,0,0
2024,9,25,23,0,0,0,0,23.8,79.08,0,0
2024,9,26,0,0,0,0,0,23.6,79.7,0,0
2024,9,26,1,0,0,0,0,23.400000000000002,80.59,0,0
2024,9,26,2,0,0,0,0,23.200000000000003,81.38,0,0
2024,9,26,3,0,0,0,0,23,82.5,0,1
2024,9,26,4,0,0,0,0,22.900000000000002,83.34,0,1
2024,9,26,5,0,0,0,0,22.8,84.33,0,0
2024,9,26,6,0,38,332,80,23.5,81.12,0,1
2024,9,26,7,0,198,53,217,25,71.9,0,2
2024,9,26,8,0,95,792,553,26.5,63.83,0,1
2024,9,26,9,0,357,25,376,27.700000000000003,58.58,0,3
2024,9,26,10,0,123,888,902,28.700000000000003,54.980000000000004,0,1
2024,9,26,11,0,383,3,386,29.3,52.92,0,3
2024,9,26,12,0,133,900,983,29.700000000000003,51.53,0,1
2024,9,26,13,0,128,884,908,29.700000000000003,51.03,0,1
2024,9,26,14,0,119,849,765,29.400000000000002,51.6,0,0
2024,9,26,15,0,100,792,566,28.700000000000003,53.730000000000004,0,0
2024,9,26,16,0,80,657,327,27.700000000000003,57.52,0,0
2024,9,26,17,0,42,349,90,26.200000000000003,64.51,0,0
2024,9,26,18,0,0,0,0,25.1,71.61,0,0
2024,9,26,19,0,0,0,0,24.5,76.9,0,0
2024,9,26,20,0,0,0,0,24,81.35000000000001,0,0
2024,9,26,21,0,0,0,0,23.700000000000003,84.43,0,0
2024,9,26,22,0,0,0,0,23.400000000000002,86.87,0,0
2024,9,26,23,0,0,0,0,23.200000000000003,88.51,0,0
2024,9,27,0,0,0,0,0,22.900000000000002,90.33,0,0
2024,9,27,1,0,0,0,0,22.6,92.07000000000001,0,0
2024,9,27,2,0,0,0,0,22.3,93.60000000000001,0,1
2024,9,27,3,0,0,0,0,22,95.09,0,1
2024,9,27,4,0,0,0,0,21.700000000000003,96.41,0,0
2024,9,27,5,0,0,0,0,21.5,97.12,0,1
2024,9,27,6,0,39,331,83,22.400000000000002,91.45,0,1
2024,9,27,7,0,79,654,320,24.6,76.65,0,0
2024,9,27,8,0,101,788,560,26.6,63.39,0,0
2024,9,27,9,0,113,866,769,28.3,54.22,0,0
2024,9,27,10,0,128,894,915,29.700000000000003,48.56,0,0
2024,9,27,11,0,141,897,989,30.6,45.39,0,0
2024,9,27,12,0,150,881,984,31.200000000000003,43.42,0,0
2024,9,27,13,0,155,844,902,31.400000000000002,42.730000000000004,0,0
2024,9,27,14,0,152,783,749,31.200000000000003,43.480000000000004,0,0
2024,9,27,15,0,124,726,551,30.5,45.97,0,0
2024,9,27,16,0,101,556,310,29.3,50.550000000000004,0,0
2024,9,27,17,0,47,235,80,27.5,58.08,0,0
2024,9,27,18,0,0,0,0,26,65.43,0,0
2024,9,27,19,0,0,0,0,25.3,69.02,0,0
2024,9,27,20,0,0,0,0,24.900000000000002,70.78,0,0
2024,9,27,21,0,0,0,0,24.6,72.55,0,0
2024,9,27,22,0,0,0,0,24.3,75.15,0,1
2024,9,27,23,0,0,0,0,24.1,77.69,0,1
2024,9,28,0,0,0,0,0,23.8,80.74,0,0
2024,9,28,1,0,0,0,0,23.6,82.93,0,0
2024,9,28,2,0,0,0,0,23.3,85.18,0,0
2024,9,28,3,0,0,0,0,23.1,86.66,0,0
2024,9,28,4,0,0,0,0,22.8,88.82000000000001,0,0
2024,9,28,5,0,0,0,0,22.6,90.2,0,0
2024,9,28,6,0,49,115,65,23.400000000000002,86.86,0,1
2024,9,28,7,0,136,375,275,24.900000000000002,78.28,0,1
2024,9,28,8,0,304,38,326,26.8,67.39,0,3
2024,9,28,9,0,254,558,678,28.400000000000002,60.26,0,1
2024,9,28,10,0,277,613,819,29.8,54.2,0,1
2024,9,28,11,0,559,139,691,30.700000000000003,50.92,0,2
2024,9,28,12,0,286,0,286,30.900000000000002,50.5,0,3
2024,9,28,13,0,308,1,309,30.6,51.93,0,3
2024,9,28,14,0,456,107,538,29.900000000000002,54.99,0,3
2024,9,28,15,0,280,22,293,28.700000000000003,60.26,0,3
2024,9,28,16,0,130,1,130,27.3,66.88,0,3
2024,9,28,17,0,49,79,60,25.900000000000002,74.52,0,1
2024,9,28,18,0,0,0,0,24.8,81.77,0,3
2024,9,28,19,0,0,0,0,24.200000000000003,86.29,0,1
2024,9,28,20,0,0,0,0,23.700000000000003,89.75,0,3
2024,9,28,21,0,0,0,0,23.3,92.35000000000001,0,3
2024,9,28,22,0,0,0,0,23.1,93.44,0,0
2024,9,28,23,0,0,0,0,23,93.45,0,0
2024,9,29,0,0,0,0,0,22.900000000000002,93.27,0,1
2024,9,29,1,0,0,0,0,22.8,92.87,0,3
2024,9,29,2,0,0,0,0,22.700000000000003,92.38,0,3
2024,9,29,3,0,0,0,0,22.700000000000003,91.67,0,3
2024,9,29,4,0,0,0,0,22.6,91.93,0,3
2024,9,29,5,0,0,0,0,22.6,91.74,0,3
2024,9,29,6,0,28,0,28,22.900000000000002,90.10000000000001,0,8
2024,9,29,7,0,92,0,92,23.900000000000002,84.07000000000001,0,3
2024,9,29,8,0,112,0,112,25.3,75.14,0,3
2024,9,29,9,0,260,0,260,26.6,68.69,0,3
2024,9,29,10,0,426,13,438,27.400000000000002,65.37,0,3
2024,9,29,11,0,381,13,393,27.8,63.99,0,7
2024,9,29,12,0,360,8,368,27.900000000000002,63.71,0,8
2024,9,29,13,0,432,16,446,27.6,65.03,0,3
2024,9,29,14,0,344,7,349,27.1,67.24,0,3
2024,9,29,15,0,321,31,339,26.3,70.82000000000001,0,3
2024,9,29,16,0,158,4,159,25.3,75.96000000000001,0,3
2024,9,29,17,0,19,0,19,24.3,82.44,0,7
2024,9,29,18,0,0,0,0,23.6,88.01,0,7
2024,9,29,19,0,0,0,0,23.3,90.89,0,7
2024,9,29,20,0,0,0,0,23.1,92.73,0,3
2024,9,29,21,0,0,0,0,23,93.8,0,3
2024,9,29,22,0,0,0,0,22.900000000000002,94.45,0,3
2024,9,29,23,0,0,0,0,22.8,94.98,0,3
2024,9,30,0,0,0,0,0,22.700000000000003,95.57000000000001,0,8
2024,9,30,1,0,0,0,0,22.5,96.78,0,8
2024,9,30,2,0,0,0,0,22.400000000000002,97.23,0,3
2024,9,30,3,0,0,0,0,22.3,97.73,0,3
2024,9,30,4,0,0,0,0,22.3,97.42,0,3
2024,9,30,5,0,0,0,0,22.3,97.14,0,3
2024,9,30,6,0,63,3,64,23.1,94.52,0,3
2024,9,30,7,0,63,0,63,24.3,87.43,0,4
2024,9,30,8,0,73,0,73,26.1,74.42,0,3
2024,9,30,9,0,391,92,461,27.700000000000003,66.36,0,3
2024,9,30,10,0,423,28,448,28.700000000000003,62.45,0,3
2024,9,30,11,0,150,865,974,29.1,60.92,0,1
2024,9,30,12,0,251,0,251,29.200000000000003,60.620000000000005,0,3
2024,9,30,13,0,474,144,601,29.1,60.63,0,3
2024,9,30,14,0,421,196,570,28.6,62.01,0,3
2024,9,30,15,0,326,87,377,27.900000000000002,64.17,0,2
2024,9,30,16,0,93,593,318,27,67.53,0,0
2024,9,30,17,0,45,304,89,25.700000000000003,73.42,0,1
2024,9,30,18,0,0,0,0,24.6,79.8,0,3
2024,9,30,19,0,0,0,0,24,84.05,0,3
2024,9,30,20,0,0,0,0,23.6,87.11,0,3
2024,9,30,21,0,0,0,0,23.200000000000003,89.75,0,1
2024,9,30,22,0,0,0,0,22.900000000000002,91.32000000000001,0,0
2024,9,30,23,0,0,0,0,22.700000000000003,91.95,0,0
2024,10,1,0,0,0,0,0,22.5,92.08,0,0
2024,10,1,1,0,0,0,0,22.3,91.47,0,0
2024,10,1,2,0,0,0,0,22,91.11,0,1
2024,10,1,3,0,0,0,0,21.900000000000002,90.09,0,3
2024,10,1,4,0,0,0,0,21.8,89.82000000000001,0,1
2024,10,1,5,0,0,0,0,21.900000000000002,89.08,0,0
2024,10,1,6,0,46,342,96,23.1,84.76,0,1
2024,10,1,7,0,83,659,335,25.1,72.24,0,0
2024,10,1,8,0,100,802,577,26.700000000000003,62.870000000000005,0,0
2024,10,1,9,0,429,164,555,27.900000000000002,58.17,0,2
2024,10,1,10,0,489,177,647,28.900000000000002,54.56,0,3
2024,10,1,11,0,474,50,522,29.5,52.22,0,3
2024,10,1,12,0,483,97,576,29.8,50.82,0,3
2024,10,1,13,0,432,29,457,29.700000000000003,51.07,0,3
2024,10,1,14,0,430,183,570,29.3,52.42,0,2
2024,10,1,15,0,97,809,576,28.6,54.59,0,1
2024,10,1,16,0,76,686,336,27.5,58.45,0,0
2024,10,1,17,0,41,393,97,26,65.06,0,1
2024,10,1,18,0,0,0,0,24.700000000000003,72.63,0,0
2024,10,1,19,0,0,0,0,24,78.10000000000001,0,0
2024,10,1,20,0,0,0,0,23.5,82.15,0,0
2024,10,1,21,0,0,0,0,23,85.93,0,0
2024,10,1,22,0,0,0,0,22.6,88.82000000000001,0,0
2024,10,1,23,0,0,0,0,22.3,90.98,0,0
2024,10,2,0,0,0,0,0,21.900000000000002,93.52,0,0
2024,10,2,1,0,0,0,0,21.6,95.45,0,0
2024,10,2,2,0,0,0,0,21.3,97.24000000000001,0,0
2024,10,2,3,0,0,0,0,21.200000000000003,97.93,0,0
2024,10,2,4,0,0,0,0,21.1,98.59,0,1
2024,10,2,5,0,0,0,0,21,99.01,0,1
2024,10,2,6,0,39,444,105,21.900000000000002,93.88,0,1
2024,10,2,7,0,69,730,350,24.200000000000003,78.67,0,0
2024,10,2,8,0,335,107,399,26.400000000000002,65,0,2
2024,10,2,9,0,110,887,793,28.1,56.1,0,1
2024,10,2,10,0,118,922,942,29.6,49.29,0,0
2024,10,2,11,0,123,936,1018,30.700000000000003,44.26,0,0
2024,10,2,12,0,126,932,1016,31.3,41.68,0,0
2024,10,2,13,0,124,912,937,31.6,40.95,0,0
2024,10,2,14,0,117,871,786,31.3,42.33,0,0
2024,10,2,15,0,99,819,585,30.6,45.300000000000004,0,0
2024,10,2,16,0,79,682,339,29.400000000000002,50.74,0,0
2024,10,2,17,0,43,375,98,27.5,60.56,0,0
2024,10,2,18,0,0,0,0,25.8,71.49,0,0
2024,10,2,19,0,0,0,0,24.900000000000002,78.32000000000001,0,0
2024,10,2,20,0,0,0,0,24.400000000000002,81.71000000000001,0,0
2024,10,2,21,0,0,0,0,24.1,83.22,0,0
2024,10,2,22,0,0,0,0,23.8,84.12,0,0
2024,10,2,23,0,0,0,0,23.6,84.44,0,0
2024,10,3,0,0,0,0,0,23.3,85.65,0,1
2024,10,3,1,0,0,0,0,23.1,86.8,0,0
2024,10,3,2,0,0,0,0,22.900000000000002,88.09,0,0
2024,10,3,3,0,0,0,0,22.6,90.12,0,0
2024,10,3,4,0,0,0,0,22.3,92.27,0,0
2024,10,3,5,0,0,0,0,22.1,93.98,0,1
2024,10,3,6,0,48,330,98,23.1,88.72,0,1
2024,10,3,7,0,90,633,336,25.200000000000003,76.5,0,0
2024,10,3,8,0,112,772,575,27.1,66.13,0,0
2024,10,3,9,0,122,852,781,28.900000000000002,58.32,0,0
2024,10,3,10,0,132,887,926,30.5,52.1,0,0
2024,10,3,11,0,140,899,1001,31.6,47.980000000000004,0,0
2024,10,3,12,0,143,894,998,32.2,45.9,0,0
2024,10,3,13,0,142,871,920,32.2,46,0,0
2024,10,3,14,0,137,823,769,31.8,47.4,0,0
2024,10,3,15,0,120,747,564,30.900000000000002,50.47,0,0
2024,10,3,16,0,98,582,320,29.6,55.72,0,0
2024,10,3,17,0,49,255,86,27.8,64.3,0,0
2024,10,3,18,0,0,0,0,26.3,73.21000000000001,0,0
2024,10,3,19,0,0,0,0,25.400000000000002,79.64,0,0
2024,10,3,20,0,0,0,0,24.900000000000002,83.41,0,0
2024,10,3,21,0,0,0,0,24.5,86.10000000000001,0,0
2024,10,3,22,0,0,0,0,24.200000000000003,88.09,0,1
2024,10,3,23,0,0,0,0,23.900000000000002,89.97,0,3
2024,10,4,0,0,0,0,0,23.8,90.65,0,3
2024,10,4,1,0,0,0,0,23.700000000000003,91.24,0,3
2024,10,4,2,0,0,0,0,23.6,91.92,0,0
2024,10,4,3,0,0,0,0,23.400000000000002,93.08,0,3
2024,10,4,4,0,0,0,0,23.200000000000003,94.19,0,3
2024,10,4,5,0,0,0,0,23,95.23,0,3
2024,10,4,6,0,39,1,39,23.8,90.82000000000001,0,8
2024,10,4,7,0,91,0,91,25.5,78.76,0,3
2024,10,4,8,0,166,0,166,27.3,67.04,0,3
2024,10,4,9,0,238,611,712,29,56.56,0,1
2024,10,4,10,0,523,126,636,30.5,48.120000000000005,0,3
2024,10,4,11,0,323,1,324,31.5,43.21,0,3
2024,10,4,12,0,498,68,563,32.2,40.56,0,3
2024,10,4,13,0,515,116,619,32.2,40.78,0,3
2024,10,4,14,0,241,596,700,31.6,43.17,0,1
2024,10,4,15,0,203,506,505,30.700000000000003,46.550000000000004,0,1
2024,10,4,16,0,225,78,255,29.5,51.620000000000005,0,2
2024,10,4,17,0,52,131,71,27.900000000000002,59.660000000000004,0,1
2024,10,4,18,0,0,0,0,26.400000000000002,69.51,0,1
2024,10,4,19,0,0,0,0,25.5,77.28,0,0
2024,10,4,20,0,0,0,0,24.900000000000002,83.42,0,1
2024,10,4,21,0,0,0,0,24.5,87.68,0,4
2024,10,4,22,0,0,0,0,24.200000000000003,90.78,0,3
2024,10,4,23,0,0,0,0,24,92.73,0,3
2024,10,5,0,0,0,0,0,23.8,93.96000000000001,0,3
2024,10,5,1,0,0,0,0,23.6,94.39,0,3
2024,10,5,2,0,0,0,0,23.3,95.7,0,3
2024,10,5,3,0,0,0,0,22.900000000000002,97.11,0,3
2024,10,5,4,0,0,0,0,22.6,96.66,0,3
2024,10,5,5,0,0,0,0,22.400000000000002,94.65,0,3
2024,10,5,6,0,33,0,33,22.8,90.13,0,3
2024,10,5,7,0,95,0,95,23.900000000000002,79.92,0,3
2024,10,5,8,0,218,1,219,25.3,70.28,0,3
2024,10,5,9,0,200,0,201,26.5,64.29,0,3
2024,10,5,10,0,234,0,234,27.400000000000002,60.22,0,3
2024,10,5,11,0,415,4,419,27.700000000000003,58.64,0,3
2024,10,5,12,0,535,117,647,27.6,58.4,0,3
2024,10,5,13,0,481,72,545,27.400000000000002,58.44,0,3
2024,10,5,14,0,356,12,365,26.900000000000002,59.49,0,3
2024,10,5,15,0,346,74,390,26.3,60.95,0,2
2024,10,5,16,0,136,431,302,25.3,64.31,0,1
2024,10,5,17,0,57,162,81,24.200000000000003,68.73,0,3
2024,10,5,18,0,0,0,0,23.400000000000002,72.33,0,3
2024,10,5,19,0,0,0,0,23,73.9,0,3
2024,10,5,20,0,0,0,0,22.6,75,0,1
2024,10,5,21,0,0,0,0,22.400000000000002,74.61,0,1
2024,10,5,22,0,0,0,0,22.3,73.45,0,3
2024,10,5,23,0,0,0,0,22.1,72.95,0,1
2024,10,6,0,0,0,0,0,21.900000000000002,73.14,0,1
2024,10,6,1,0,0,0,0,21.700000000000003,73.61,0,0
2024,10,6,2,0,0,0,0,21.5,74.29,0,1
2024,10,6,3,0,0,0,0,21.3,74.95,0,3
2024,10,6,4,0,0,0,0,21.200000000000003,74.89,0,0
2024,10,6,5,0,0,0,0,21.1,74.69,0,1
2024,10,6,6,0,57,300,106,21.8,70.48,0,1
2024,10,6,7,0,106,596,343,23.1,63.77,0,1
2024,10,6,8,0,134,737,582,24.5,58.21,0,1
2024,10,6,9,0,453,190,601,25.900000000000002,53.64,0,2
2024,10,6,10,0,179,824,922,27.1,50.36,0,1
2024,10,6,11,0,188,838,996,27.8,49.04,0,1
2024,10,6,12,0,185,839,992,28.1,48.6,0,1
2024,10,6,13,0,177,823,914,28.200000000000003,48.44,0,0
2024,10,6,14,0,163,778,764,27.900000000000002,49.39,0,0
2024,10,6,15,0,138,710,562,27.1,51.9,0,0
2024,10,6,16,0,106,567,324,25.8,56.370000000000005,0,0
2024,10,6,17,0,52,270,92,24.200000000000003,62.58,0,1
2024,10,6,18,0,0,0,0,22.900000000000002,68.55,0,3
2024,10,6,19,0,0,0,0,22.200000000000003,72.31,0,3
2024,10,6,20,0,0,0,0,21.900000000000002,74.24,0,1
2024,10,6,21,0,0,0,0,21.700000000000003,75.95,0,1
2024,10,6,22,0,0,0,0,21.3,78.81,0,3
2024,10,6,23,0,0,0,0,21,79.92,0,3
2024,10,7,0,0,0,0,0,20.8,80.93,0,3
2024,10,7,1,0,0,0,0,20.6,82,0,3
2024,10,7,2,0,0,0,0,20.6,81.57000000000001,0,3
2024,10,7,3,0,0,0,0,20.6,81.46000000000001,0,3
2024,10,7,4,0,0,0,0,20.6,81.78,0,3
2024,10,7,5,0,0,0,0,20.6,81.75,0,3
2024,10,7,6,0,33,0,33,21.5,77.34,0,3
2024,10,7,7,0,99,0,99,23.3,66.63,0,3
2024,10,7,8,0,253,5,256,24.700000000000003,60.370000000000005,0,3
2024,10,7,9,0,417,85,483,26.1,55.75,0,3
2024,10,7,10,0,480,83,555,27.3,52.26,0,3
2024,10,7,11,0,494,76,567,28.400000000000002,49.51,0,2
2024,10,7,12,0,555,204,751,29,48.06,0,2
2024,10,7,13,0,463,105,558,29.200000000000003,47.35,0,3
2024,10,7,14,0,400,75,458,28.8,48.2,0,3
2024,10,7,15,0,289,37,311,28,50.4,0,3
2024,10,7,16,0,115,521,315,26.900000000000002,53.86,0,0
2024,10,7,17,0,53,236,88,25.3,59.57,0,1
2024,10,7,18,0,0,0,0,23.900000000000002,65.59,0,0
2024,10,7,19,0,0,0,0,23.200000000000003,69.65,0,0
2024,10,7,20,0,0,0,0,22.700000000000003,73,0,3
2024,10,7,21,0,0,0,0,22.400000000000002,75.16,0,3
2024,10,7,22,0,0,0,0,22.1,77.36,0,1
2024,10,7,23,0,0,0,0,21.6,80.31,0,0
2024,10,8,0,0,0,0,0,21.3,81.91,0,0
2024,10,8,1,0,0,0,0,21.1,81.95,0,3
2024,10,8,2,0,0,0,0,20.900000000000002,83.41,0,3
2024,10,8,3,0,0,0,0,20.8,84.61,0,3
2024,10,8,4,0,0,0,0,20.900000000000002,84.84,0,3
2024,10,8,5,0,0,0,0,21,85.09,0,3
2024,10,8,6,0,44,0,44,21.8,82.71000000000001,0,3
2024,10,8,7,0,114,0,114,24,71.41,0,3
2024,10,8,8,0,199,541,532,25.8,64.03,0,1
2024,10,8,9,0,391,29,414,27.5,59.69,0,3
2024,10,8,10,0,309,1,310,29.1,55.26,0,3
2024,10,8,11,0,408,3,411,30.6,50.7,0,3
2024,10,8,12,0,542,107,645,31.700000000000003,47.88,0,3
2024,10,8,13,0,296,596,832,32.2,46.77,0,1
2024,10,8,14,0,266,550,692,32.300000000000004,46.83,0,1
2024,10,8,15,0,213,485,503,31.8,48.78,0,0
2024,10,8,16,0,146,355,284,30.6,53.370000000000005,0,0
2024,10,8,17,0,53,131,72,28.5,62.29,0,1
2024,10,8,18,0,0,0,0,26.6,71.73,0,0
2024,10,8,19,0,0,0,0,25.5,78.79,0,0
2024,10,8,20,0,0,0,0,25,82.94,0,0
2024,10,8,21,0,0,0,0,24.700000000000003,85.48,0,3
2024,10,8,22,0,0,0,0,24.5,87.29,0,3
2024,10,8,23,0,0,0,0,24.400000000000002,88.45,0,1
2024,10,9,0,0,0,0,0,24.1,90.52,0,0
2024,10,9,1,0,0,0,0,23.900000000000002,92.08,0,0
2024,10,9,2,0,0,0,0,23.6,94.11,0,5
2024,10,9,3,0,0,0,0,23.3,96,0,3
2024,10,9,4,0,0,0,0,23,97.79,0,0
2024,10,9,5,0,0,0,0,22.8,98.88,0,1
2024,10,9,6,0,61,172,91,23.6,94.71000000000001,0,1
2024,10,9,7,0,238,77,270,25.5,82.72,0,3
2024,10,9,8,0,187,569,538,27.700000000000003,69.55,0,1
2024,10,9,9,0,234,620,722,30,58.050000000000004,0,1
2024,10,9,10,0,253,671,861,32.2,49.4,0,1
2024,10,9,11,0,258,697,933,34,43.61,0,1
2024,10,9,12,0,253,702,931,34.800000000000004,41.82,0,1
2024,10,9,13,0,246,677,855,34.6,43.03,0,1
2024,10,9,14,0,232,618,711,33.6,46.75,0,1
2024,10,9,15,0,329,196,446,31.8,53.61,0,8
2024,10,9,16,0,193,38,208,29.5,63.81,0,8
2024,10,9,17,0,54,111,71,27.3,75.21000000000001,0,6
2024,10,9,18,0,0,0,0,26,84.03,0,9
2024,10,9,19,0,0,0,0,25.400000000000002,89.28,0,9
2024,10,9,20,0,0,0,0,25,92.63,0,9
2024,10,9,21,0,0,0,0,24.8,94.2,0,9
2024,10,9,22,0,0,0,0,24.6,95.27,0,9
2024,10,9,23,0,0,0,0,24.400000000000002,96.14,0,6
2024,10,10,0,0,0,0,0,24.3,96.42,0,7
2024,10,10,1,0,0,0,0,24.200000000000003,96.73,0,7
2024,10,10,2,0,0,0,0,24,97.75,0,8
2024,10,10,3,0,0,0,0,23.900000000000002,98,0,7
2024,10,10,4,0,0,0,0,23.8,97.94,0,8
2024,10,10,5,0,0,0,0,23.6,98.34,0,4
2024,10,10,6,0,27,0,27,23.8,96.48,0,7
2024,10,10,7,0,172,18,179,24.3,92.03,0,7
2024,10,10,8,0,101,0,101,25.3,83.74,0,3
2024,10,10,9,0,183,0,183,26.3,76.88,0,3
2024,10,10,10,0,299,1,299,27,73.10000000000001,0,3
2024,10,10,11,0,157,0,157,27.5,70.92,0,3
2024,10,10,12,0,110,0,110,27.700000000000003,70.07000000000001,0,3
2024,10,10,13,0,140,0,140,27.6,70.5,0,3
2024,10,10,14,0,66,0,66,27,73.2,0,3
2024,10,10,15,0,139,0,139,26.200000000000003,77.05,0,3
2024,10,10,16,0,13,0,13,25.200000000000003,82.19,0,4
2024,10,10,17,0,61,72,72,24.3,87.66,0,8
2024,10,10,18,0,0,0,0,23.6,92.05,0,4
2024,10,10,19,0,0,0,0,23.3,93.35000000000001,0,4
2024,10,10,20,0,0,0,0,23.200000000000003,93.02,0,8
2024,10,10,21,0,0,0,0,23.1,92.29,0,8
2024,10,10,22,0,0,0,0,23,91.57000000000001,0,5
2024,10,10,23,0,0,0,0,22.8,92.13,0,5
2024,10,11,0,0,0,0,0,22.700000000000003,92.93,0,4
2024,10,11,1,0,0,0,0,22.6,94.2,0,8
2024,10,11,2,0,0,0,0,22.6,94.97,0,4
2024,10,11,3,0,0,0,0,22.6,95.60000000000001,0,4
2024,10,11,4,0,0,0,0,22.700000000000003,95.65,0,5
2024,10,11,5,0,0,0,0,22.700000000000003,96.33,0,4
2024,10,11,6,0,34,0,34,23.200000000000003,94.4,0,5
2024,10,11,7,0,24,0,24,24.1,89.55,0,5
2024,10,11,8,0,48,0,48,25.400000000000002,81.45,0,4
2024,10,11,9,0,95,0,95,26.400000000000002,76.08,0,4
2024,10,11,10,0,436,20,455,27.3,72.17,0,3
2024,10,11,11,0,442,10,452,27.900000000000002,69.72,0,5
2024,10,11,12,0,436,9,445,28.200000000000003,68.68,0,5
2024,10,11,13,0,341,1,342,28.400000000000002,67.99,0,3
2024,10,11,14,0,245,0,246,28.200000000000003,69.06,0,4
2024,10,11,15,0,185,0,185,27.700000000000003,71.8,0,5
2024,10,11,16,0,89,0,89,26.900000000000002,76.45,0,4
2024,10,11,17,0,62,126,82,25.900000000000002,82.85000000000001,0,4
2024,10,11,18,0,0,0,0,25.200000000000003,88.38,0,1
2024,10,11,19,0,0,0,0,24.8,92.17,0,3
2024,10,11,20,0,0,0,0,24.5,95.11,0,1
2024,10,11,21,0,0,0,0,24.5,96.11,0,1
2024,10,11,22,0,0,0,0,24.400000000000002,97.25,0,1
2024,10,11,23,0,0,0,0,24.400000000000002,97.73,0,3
2024,10,12,0,0,0,0,0,24.400000000000002,97.86,0,7
2024,10,12,1,0,0,0,0,24.3,98.31,0,8
2024,10,12,2,0,0,0,0,24.200000000000003,98.53,0,7
2024,10,12,3,0,0,0,0,24.1,98.74000000000001,0,7
2024,10,12,4,0,0,0,0,24.1,98.24000000000001,0,7
2024,10,12,5,0,0,0,0,24.1,97.28,0,4
2024,10,12,6,0,9,0,9,24.700000000000003,92.99,0,8
2024,10,12,7,0,214,99,255,26.1,82.3,0,7
2024,10,12,8,0,287,109,355,27.900000000000002,67.86,0,7
2024,10,12,9,0,387,127,489,29.5,58.83,0,7
2024,10,12,10,0,259,667,868,31.1,53.480000000000004,0,1
2024,10,12,11,0,268,688,937,32.5,49.72,0,1
2024,10,12,12,0,428,357,775,33.6,47,0,7
2024,10,12,13,0,458,184,624,34.2,45.62,0,7
2024,10,12,14,0,110,0,110,34.300000000000004,45.410000000000004,0,7
2024,10,12,15,0,126,1,127,33.800000000000004,46.83,0,8
2024,10,12,16,0,148,14,154,32.5,51.660000000000004,0,8
2024,10,12,17,0,58,95,72,30.3,62.42,0,5
2024,10,12,18,0,0,0,0,28.6,71.26,0,4
2024,10,12,19,0,0,0,0,27.6,77.29,0,4
2024,10,12,20,0,0,0,0,26.8,82.82000000000001,0,3
2024,10,12,21,0,0,0,0,26.3,86.68,0,4
2024,10,12,22,0,0,0,0,26,89.13,0,3
2024,10,12,23,0,0,0,0,25.6,91.28,0,4
2024,10,13,0,0,0,0,0,25.3,92.99,0,3
2024,10,13,1,0,0,0,0,25,94.47,0,4
2024,10,13,2,0,0,0,0,24.700000000000003,95.03,0,4
2024,10,13,3,0,0,0,0,24.400000000000002,94.95,0,3
2024,10,13,4,0,0,0,0,24.1,94.53,0,3
2024,10,13,5,0,0,0,0,23.900000000000002,93.69,0,3
2024,10,13,6,0,40,0,40,24.1,91.3,0,3
2024,10,13,7,0,68,0,68,24.900000000000002,83.85000000000001,0,3
2024,10,13,8,0,369,55,403,26,76.48,0,3
2024,10,13,9,0,461,81,525,27,71.4,0,3
2024,10,13,10,0,557,142,687,27.8,67.81,0,3
2024,10,13,11,0,325,621,930,28.3,65.47,0,1
2024,10,13,12,0,323,622,926,28.5,64.49,0,1
2024,10,13,13,0,536,120,644,28.5,64.7,0,3
2024,10,13,14,0,271,564,711,28.200000000000003,66.02,0,1
2024,10,13,15,0,304,32,323,27.8,67.71000000000001,0,3
2024,10,13,16,0,90,0,90,27,71.31,0,3
2024,10,13,17,0,30,0,30,26,76.60000000000001,0,3
2024,10,13,18,0,0,0,0,25.200000000000003,82.21000000000001,0,3
2024,10,13,19,0,0,0,0,24.8,85.99,0,1
2024,10,13,20,0,0,0,0,24.5,88.57000000000001,0,0
2024,10,13,21,0,0,0,0,24.3,89.79,0,0
2024,10,13,22,0,0,0,0,24.1,90.53,0,0
2024,10,13,23,0,0,0,0,23.900000000000002,91.17,0,0
2024,10,14,0,0,0,0,0,23.700000000000003,91.64,0,3
2024,10,14,1,0,0,0,0,23.5,92.03,0,3
2024,10,14,2,0,0,0,0,23.400000000000002,91.42,0,1
2024,10,14,3,0,0,0,0,23.3,90.85000000000001,0,1
2024,10,14,4,0,0,0,0,23.200000000000003,90.19,0,3
2024,10,14,5,0,0,0,0,23.200000000000003,88.79,0,3
2024,10,14,6,0,48,0,48,23.8,84.36,0,3
2024,10,14,7,0,159,3,161,25.1,74.46000000000001,0,3
2024,10,14,8,0,237,2,239,26.5,65.69,0,3
2024,10,14,9,0,368,13,379,27.5,60.57,0,3
2024,10,14,10,0,181,814,928,28.200000000000003,57.36,0,1
2024,10,14,11,0,188,832,999,28.5,55.7,0,1
2024,10,14,12,0,483,37,519,28.5,55.050000000000004,0,3
2024,10,14,13,0,174,824,920,28.3,54.68,0,1
2024,10,14,14,0,155,792,773,27.8,55.32,0,1
2024,10,14,15,0,306,47,334,27,57.120000000000005,0,3
2024,10,14,16,0,95,0,95,26,60.15,0,3
2024,10,14,17,0,32,0,32,24.700000000000003,65.3,0,3
2024,10,14,18,0,0,0,0,23.8,70.14,0,1
2024,10,14,19,0,0,0,0,23.400000000000002,73.03,0,1
2024,10,14,20,0,0,0,0,23.1,75.57000000000001,0,1
2024,10,14,21,0,0,0,0,22.8,78.42,0,0
2024,10,14,22,0,0,0,0,22.6,80.58,0,3
2024,10,14,23,0,0,0,0,22.5,82.07000000000001,0,0
2024,10,15,0,0,0,0,0,22.400000000000002,82.91,0,1
2024,10,15,1,0,0,0,0,22.3,83.43,0,3
2024,10,15,2,0,0,0,0,22.200000000000003,83.69,0,8
2024,10,15,3,0,0,0,0,22.1,84,0,0
2024,10,15,4,0,0,0,0,22,84.42,0,8
2024,10,15,5,0,0,0,0,22,84.15,0,3
2024,10,15,6,0,3,0,3,22.700000000000003,80.36,0,7
2024,10,15,7,0,145,513,362,23.900000000000002,71.77,0,1
2024,10,15,8,0,174,673,599,25.400000000000002,62.67,0,0
2024,10,15,9,0,476,150,596,26.700000000000003,57.03,0,3
2024,10,15,10,0,525,139,653,27.400000000000002,54.33,0,5
2024,10,15,11,0,515,132,644,27.5,54.15,0,3
2024,10,15,12,0,186,850,1013,28,53.07,0,1
2024,10,15,13,0,424,287,683,28.5,51.88,0,8
2024,10,15,14,0,426,107,509,28.400000000000002,52.26,0,3
2024,10,15,15,0,319,54,352,27.8,54.35,0,2
2024,10,15,16,0,113,563,334,26.700000000000003,58.49,0,1
2024,10,15,17,0,63,1,63,25.400000000000002,64.58,0,2
2024,10,15,18,0,0,0,0,24.3,71.92,0,8
2024,10,15,19,0,0,0,0,23.6,77.25,0,8
2024,10,15,20,0,0,0,0,23.1,81.01,0,1
2024,10,15,21,0,0,0,0,22.8,83.39,0,7
2024,10,15,22,0,0,0,0,22.5,85.53,0,1
2024,10,15,23,0,0,0,0,22.400000000000002,86.35000000000001,0,8
2024,10,16,0,0,0,0,0,22.3,87.11,0,3
2024,10,16,1,0,0,0,0,22.1,88.69,0,0
2024,10,16,2,0,0,0,0,21.8,90.83,0,0
2024,10,16,3,0,0,0,0,21.700000000000003,91.95,0,1
2024,10,16,4,0,0,0,0,21.6,92.77,0,1
2024,10,16,5,0,0,0,0,21.700000000000003,92.48,0,1
2024,10,16,6,0,98,25,103,22.700000000000003,87.86,0,7
2024,10,16,7,0,197,58,221,24.200000000000003,79.11,0,7
2024,10,16,8,0,183,628,580,25.700000000000003,69.37,0,1
2024,10,16,9,0,205,712,776,27.1,62.51,0,0
2024,10,16,10,0,218,760,917,28.3,56.95,0,1
2024,10,16,11,0,222,784,989,28.900000000000002,53.68,0,0
2024,10,16,12,0,528,334,853,29.3,51.75,0,2
2024,10,16,13,0,307,600,851,29.5,50.77,0,7
2024,10,16,14,0,300,18,313,29.400000000000002,51.2,0,8
2024,10,16,15,0,231,492,530,29,53.58,0,8
2024,10,16,16,0,139,12,144,28.1,59.69,0,8
2024,10,16,17,0,45,2,45,26.900000000000002,67.73,0,8
2024,10,16,18,0,0,0,0,25.8,73.93,0,7
2024,10,16,19,0,0,0,0,25.200000000000003,78.24,0,7
2024,10,16,20,0,0,0,0,24.700000000000003,82.62,0,7
2024,10,16,21,0,0,0,0,24.200000000000003,87.27,0,1
2024,10,16,22,0,0,0,0,23.8,91.26,0,3
2024,10,16,23,0,0,0,0,23.400000000000002,95.3,0,6
2024,10,17,0,0,0,0,0,23.200000000000003,97.75,0,7
2024,10,17,1,0,0,0,0,23,99.94,0,8
2024,10,17,2,0,0,0,0,23.1,100,0,0
2024,10,17,3,0,0,0,0,23.1,100,0,0
2024,10,17,4,0,0,0,0,23.1,100,0,1
2024,10,17,5,0,0,0,0,23.1,100,0,1
2024,10,17,6,0,55,411,136,24.1,96.75,0,0
2024,10,17,7,0,90,661,373,26,84.76,0,1
2024,10,17,8,0,305,36,328,28.3,70.29,0,3
2024,10,17,9,0,146,804,793,30.1,61.33,0,1
2024,10,17,10,0,160,839,933,31.700000000000003,54.36,0,0
2024,10,17,11,0,168,851,1002,32.800000000000004,49.72,0,0
2024,10,17,12,0,171,845,994,33.5,46.86,0,1
2024,10,17,13,0,171,817,913,33.6,46.14,0,1
2024,10,17,14,0,158,775,764,33.2,47.43,0,1
2024,10,17,15,0,131,714,565,32.300000000000004,50.800000000000004,0,0
2024,10,17,16,0,105,571,330,31,56.21,0,0
2024,10,17,17,0,56,274,100,29.200000000000003,65.22,0,1
2024,10,17,18,0,0,0,0,27.6,74.29,0,0
2024,10,17,19,0,0,0,0,26.6,80.34,0,1
2024,10,17,20,0,0,0,0,26,84.22,0,3
2024,10,17,21,0,0,0,0,25.700000000000003,85.81,0,3
2024,10,17,22,0,0,0,0,25.5,86.32000000000001,0,0
2024,10,17,23,0,0,0,0,25.3,86.39,0,7
2024,10,18,0,0,0,0,0,25.1,86.65,0,0
2024,10,18,1,0,0,0,0,25,86.58,0,0
2024,10,18,2,0,0,0,0,24.700000000000003,87.79,0,7
2024,10,18,3,0,0,0,0,24.5,88.64,0,7
2024,10,18,4,0,0,0,0,24.200000000000003,90.47,0,3
2024,10,18,5,0,0,0,0,23.900000000000002,92.46000000000001,0,1
2024,10,18,6,0,93,5,94,24.700000000000003,88.10000000000001,0,3
2024,10,18,7,0,119,576,367,26.1,78.94,0,1
2024,10,18,8,0,299,28,317,27.6,69.74,0,3
2024,10,18,9,0,298,439,652,29.1,61.04,0,7
2024,10,18,10,0,354,472,790,30.3,54.63,0,8
2024,10,18,11,0,176,846,1006,31.200000000000003,50.63,0,1
2024,10,18,12,0,174,847,1001,31.900000000000002,48.08,0,1
2024,10,18,13,0,389,374,729,32.1,47.36,0,8
2024,10,18,14,0,156,783,769,31.8,48.35,0,1
2024,10,18,15,0,242,358,460,31.200000000000003,50.7,0,7
2024,10,18,16,0,73,1,74,30.1,55.46,0,7
2024,10,18,17,0,83,106,100,28.6,63.33,0,7
2024,10,18,18,0,0,0,0,27.1,72.94,0,7
2024,10,18,19,0,0,0,0,26.200000000000003,80.15,0,7
2024,10,18,20,0,0,0,0,25.6,85.56,0,7
2024,10,18,21,0,0,0,0,25.3,88.52,0,7
2024,10,18,22,0,0,0,0,25,90.63,0,7
2024,10,18,23,0,0,0,0,24.700000000000003,92.37,0,7
2024,10,19,0,0,0,0,0,24.6,92.59,0,7
2024,10,19,1,0,0,0,0,24.5,92.73,0,7
2024,10,19,2,0,0,0,0,24.400000000000002,92.88,0,7
2024,10,19,3,0,0,0,0,24.200000000000003,93.76,0,7
2024,10,19,4,0,0,0,0,24.1,94.15,0,3
2024,10,19,5,0,0,0,0,24,94.73,0,1
2024,10,19,6,0,113,56,124,24.400000000000002,92.34,0,3
2024,10,19,7,0,228,31,241,25.5,84.66,0,3
2024,10,19,8,0,149,715,606,27,74.38,0,1
2024,10,19,9,0,152,812,808,28.8,64.97,0,1
2024,10,19,10,0,504,164,655,30.5,56.85,0,3
2024,10,19,11,0,542,213,751,31.700000000000003,51.38,0,3
2024,10,19,12,0,149,893,1021,32.4,48.69,0,1
2024,10,19,13,0,331,492,778,32.5,48.56,0,7
2024,10,19,14,0,137,831,788,32.1,50.300000000000004,0,0
2024,10,19,15,0,129,740,579,31.200000000000003,54.03,0,0
2024,10,19,16,0,217,163,282,29.900000000000002,60.02,0,3
2024,10,19,17,0,62,249,102,28.3,68.55,0,0
2024,10,19,18,0,0,0,0,27.1,76.58,0,5
2024,10,19,19,0,0,0,0,26.3,82.52,0,8
2024,10,19,20,0,0,0,0,25.900000000000002,85.71000000000001,0,8
2024,10,19,21,0,0,0,0,25.700000000000003,87.26,0,7
2024,10,19,22,0,0,0,0,25.6,87.99,0,8
2024,10,19,23,0,0,0,0,25.400000000000002,88.93,0,7
2024,10,20,0,0,0,0,0,25.3,89.22,0,7
2024,10,20,1,0,0,0,0,25.200000000000003,89.4,0,7
2024,10,20,2,0,0,0,0,25,90.37,0,7
2024,10,20,3,0,0,0,0,24.8,91.45,0,7
2024,10,20,4,0,0,0,0,24.8,91.60000000000001,0,8
2024,10,20,5,0,0,0,0,24.6,93.34,0,4
2024,10,20,6,0,76,6,78,25.1,91.11,0,7
2024,10,20,7,0,218,63,246,26.200000000000003,83.96000000000001,0,7
2024,10,20,8,0,314,119,390,27.5,75.82000000000001,0,7
2024,10,20,9,0,350,42,384,28.6,69.57000000000001,0,6
2024,10,20,10,0,346,8,353,29.400000000000002,65.01,0,6
2024,10,20,11,0,319,500,810,30,61.64,0,8
2024,10,20,12,0,443,39,482,30.3,60.03,0,6
2024,10,20,13,0,422,137,547,30.200000000000003,60.28,0,7
2024,10,20,14,0,210,3,212,29.8,62.02,0,7
2024,10,20,15,0,23,0,23,29,65.86,0,6
2024,10,20,16,0,45,0,45,27.700000000000003,73.77,0,6
2024,10,20,17,0,3,0,3,26.3,83.89,0,6
2024,10,20,18,0,0,0,0,25.3,91.39,0,6
2024,10,20,19,0,0,0,0,24.900000000000002,94.39,0,7
2024,10,20,20,0,0,0,0,24.700000000000003,95.57000000000001,0,7
2024,10,20,21,0,0,0,0,24.5,96.13,0,7
2024,10,20,22,0,0,0,0,24.400000000000002,95.88,0,7
2024,10,20,23,0,0,0,0,24.200000000000003,96.45,0,7
2024,10,21,0,0,0,0,0,24.1,96.8,0,7
2024,10,21,1,0,0,0,0,24,97.10000000000001,0,6
2024,10,21,2,0,0,0,0,23.900000000000002,97.63,0,6
2024,10,21,3,0,0,0,0,23.8,98.14,0,7
2024,10,21,4,0,0,0,0,23.700000000000003,98.52,0,7
2024,10,21,5,0,0,0,0,23.6,98.92,0,4
2024,10,21,6,0,42,1,42,24.1,96.58,0,8
2024,10,21,7,0,112,6,115,25.1,89.85000000000001,0,8
2024,10,21,8,0,251,29,269,26.200000000000003,81.68,0,8
2024,10,21,9,0,151,0,151,26.6,77.77,0,4
2024,10,21,10,0,172,0,172,26.6,77.15,0,4
2024,10,21,11,0,202,1,204,26.400000000000002,78.65,0,8
2024,10,21,12,0,329,7,335,26.400000000000002,78.07000000000001,0,7
2024,10,21,13,0,125,0,125,26.400000000000002,76.95,0,7
2024,10,21,14,0,52,0,52,26.1,78.2,0,7
2024,10,21,15,0,13,0,13,25.700000000000003,81,0,7
2024,10,21,16,0,71,1,71,25,86.11,0,8
2024,10,21,17,0,25,0,25,24.200000000000003,92.31,0,8
2024,10,21,18,0,0,0,0,23.700000000000003,96,0,7
2024,10,21,19,0,0,0,0,23.5,96.97,0,7
2024,10,21,20,0,0,0,0,23.400000000000002,96.92,0,7
2024,10,21,21,0,0,0,0,23.3,96.98,0,7
2024,10,21,22,0,0,0,0,23.1,97.74000000000001,0,7
2024,10,21,23,0,0,0,0,22.900000000000002,98.55,0,8
2024,10,22,0,0,0,0,0,22.8,98.29,0,3
2024,10,22,1,0,0,0,0,22.5,99.3,0,3
2024,10,22,2,0,0,0,0,22.3,99.38,0,7
2024,10,22,3,0,0,0,0,22.200000000000003,98.53,0,8
2024,10,22,4,0,0,0,0,22.1,98.10000000000001,0,0
2024,10,22,5,0,0,0,0,22.1,97.57000000000001,0,1
2024,10,22,6,0,52,492,155,23.3,92.38,0,1
2024,10,22,7,0,77,731,398,25.1,77.44,0,1
2024,10,22,8,0,143,0,143,26.900000000000002,62.980000000000004,0,3
2024,10,22,9,0,437,220,615,28.3,58.04,0,3
2024,10,22,10,0,499,208,692,29.3,56.730000000000004,0,2
2024,10,22,11,0,507,176,680,29.900000000000002,55.31,0,3
2024,10,22,12,0,525,217,737,30.200000000000003,54.47,0,3
2024,10,22,13,0,447,58,500,30.200000000000003,54.69,0,3
2024,10,22,14,0,105,885,801,29.900000000000002,55.92,0,1
2024,10,22,15,0,318,64,357,29.200000000000003,58.59,0,2
2024,10,22,16,0,82,679,353,28.200000000000003,62.410000000000004,0,0
2024,10,22,17,0,46,415,115,26.8,68.83,0,1
2024,10,22,18,0,0,0,0,25.5,76.92,0,3
2024,10,22,19,0,0,0,0,24.700000000000003,83.52,0,3
2024,10,22,20,0,0,0,0,24.200000000000003,87.99,0,3
2024,10,22,21,0,0,0,0,23.900000000000002,90.7,0,1
2024,10,22,22,0,0,0,0,23.6,92.69,0,3
2024,10,22,23,0,0,0,0,23.400000000000002,93.65,0,3
2024,10,23,0,0,0,0,0,23.200000000000003,94.52,0,3
2024,10,23,1,0,0,0,0,23,95.49,0,1
2024,10,23,2,0,0,0,0,22.900000000000002,95.87,0,1
2024,10,23,3,0,0,0,0,22.700000000000003,96.92,0,0
2024,10,23,4,0,0,0,0,22.6,97.5,0,0
2024,10,23,5,0,0,0,0,22.6,97.44,0,0
2024,10,23,6,0,53,512,161,23.8,89.60000000000001,0,1
2024,10,23,7,0,81,739,407,25.6,76.98,0,1
2024,10,23,8,0,331,292,521,27.400000000000002,67.17,0,3
2024,10,23,9,0,278,472,662,28.900000000000002,60.52,0,7
2024,10,23,10,0,116,933,982,30.200000000000003,55.910000000000004,0,1
2024,10,23,11,0,538,254,789,31.1,52.94,0,2
2024,10,23,12,0,430,299,722,31.6,51.52,0,7
2024,10,23,13,0,496,268,740,31.700000000000003,51.46,0,3
2024,10,23,14,0,315,403,632,31.400000000000002,52.660000000000004,0,7
2024,10,23,15,0,245,366,469,30.8,54.96,0,7
2024,10,23,16,0,90,660,354,29.8,58.83,0,1
2024,10,23,17,0,78,5,79,28.3,65.18,0,3
2024,10,23,18,0,0,0,0,26.700000000000003,73.34,0,7
2024,10,23,19,0,0,0,0,25.700000000000003,79.67,0,1
2024,10,23,20,0,0,0,0,25.1,83.8,0,0
2024,10,23,21,0,0,0,0,24.700000000000003,86.34,0,0
2024,10,23,22,0,0,0,0,24.5,87.60000000000001,0,0
2024,10,23,23,0,0,0,0,24.200000000000003,89.29,0,0
2024,10,24,0,0,0,0,0,24,90.71000000000001,0,0
2024,10,24,1,0,0,0,0,23.8,92.16,0,1
2024,10,24,2,0,0,0,0,23.6,93.56,0,0
2024,10,24,3,0,0,0,0,23.5,94.26,0,0
2024,10,24,4,0,0,0,0,23.5,94.08,0,0
2024,10,24,5,0,0,0,0,23.5,93.98,0,7
2024,10,24,6,0,108,208,152,24.5,87.79,0,7
2024,10,24,7,0,190,369,354,26.1,76.95,0,7
2024,10,24,8,0,308,212,445,27.700000000000003,68.06,0,7
2024,10,24,9,0,442,129,547,29.200000000000003,61.52,0,3
2024,10,24,10,0,459,203,648,30.3,57.39,0,7
2024,10,24,11,0,312,1,313,31.200000000000003,54.2,0,3
2024,10,24,12,0,463,249,707,31.5,53.38,0,8
2024,10,24,13,0,165,853,943,31.400000000000002,54.18,0,1
2024,10,24,14,0,157,802,789,30.900000000000002,56.38,0,1
2024,10,24,15,0,119,771,591,30,59.95,0,0
2024,10,24,16,0,99,622,349,28.8,64.72,0,0
2024,10,24,17,0,57,331,113,27.400000000000002,70.28,0,1
2024,10,24,18,0,0,0,0,26.1,76.10000000000001,0,0
2024,10,24,19,0,0,0,0,25.400000000000002,80.10000000000001,0,0
2024,10,24,20,0,0,0,0,25.1,82.8,0,0
2024,10,24,21,0,0,0,0,24.900000000000002,85.29,0,0
2024,10,24,22,0,0,0,0,24.8,86.74,0,1
2024,10,24,23,0,0,0,0,24.700000000000003,87.41,0,7
2024,10,25,0,0,0,0,0,24.6,87.94,0,7
2024,10,25,1,0,0,0,0,24.6,87.75,0,8
2024,10,25,2,0,0,0,0,24.5,88,0,7
2024,10,25,3,0,0,0,0,24.5,87.88,0,3
2024,10,25,4,0,0,0,0,24.400000000000002,88.45,0,4
2024,10,25,5,0,0,0,0,24.400000000000002,88.52,0,3
2024,10,25,6,0,114,58,126,25.200000000000003,84.41,0,3
2024,10,25,7,0,196,283,322,26.700000000000003,75.62,0,7
2024,10,25,8,0,250,406,514,28.200000000000003,67.54,0,7
2024,10,25,9,0,277,477,667,29.5,61.6,0,7
2024,10,25,10,0,153,853,947,30.6,57.36,0,1
2024,10,25,11,0,534,199,730,31.3,55.02,0,3
2024,10,25,12,0,406,373,772,31.900000000000002,53.24,0,8
2024,10,25,13,0,386,353,708,32.1,52.92,0,8
2024,10,25,14,0,141,808,777,31.900000000000002,53.76,0,1
2024,10,25,15,0,270,338,478,31.3,55.94,0,8
2024,10,25,16,0,192,149,252,30.400000000000002,59.43,0,7
2024,10,25,17,0,61,265,106,28.900000000000002,66.05,0,8
2024,10,25,18,0,0,0,0,27.400000000000002,73.8,0,7
2024,10,25,19,0,0,0,0,26.400000000000002,79.77,0,7
2024,10,25,20,0,0,0,0,26,82.24,0,4
2024,10,25,21,0,0,0,0,25.700000000000003,83.22,0,7
2024,10,25,22,0,0,0,0,25.5,83.73,0,8
2024,10,25,23,0,0,0,0,25.3,84.32000000000001,0,8
2024,10,26,0,0,0,0,0,25.1,84.62,0,8
2024,10,26,1,0,0,0,0,25,84.26,0,0
2024,10,26,2,0,0,0,0,24.8,84.2,0,7
2024,10,26,3,0,0,0,0,24.700000000000003,83.57000000000001,0,8
2024,10,26,4,0,0,0,0,24.5,83.57000000000001,0,1
2024,10,26,5,0,0,0,0,24.5,82.89,0,1
2024,10,26,6,0,73,355,151,25.1,79.37,0,1
2024,10,26,7,0,114,610,386,26.700000000000003,71.31,0,0
2024,10,26,8,0,135,738,616,28.6,63.52,0,0
2024,10,26,9,0,144,818,812,30.5,56.94,0,0
2024,10,26,10,0,155,851,948,32.300000000000004,51.550000000000004,0,0
2024,10,26,11,0,162,863,1014,33.7,48.03,0,0
2024,10,26,12,0,166,855,1005,34.4,46.61,0,0
2024,10,26,13,0,168,824,921,34.6,46.410000000000004,0,1
2024,10,26,14,0,302,464,668,34.300000000000004,47.52,0,7
2024,10,26,15,0,245,387,484,33.4,50.410000000000004,0,7
2024,10,26,16,0,198,73,227,32.1,54.910000000000004,0,7
2024,10,26,17,0,56,3,56,30.1,62.79,0,6
2024,10,26,18,0,0,0,0,28.200000000000003,71.13,0,6
2024,10,26,19,0,0,0,0,27.1,76.69,0,7
2024,10,26,20,0,0,0,0,26.5,80.38,0,7
2024,10,26,21,0,0,0,0,26.200000000000003,82.32000000000001,0,7
2024,10,26,22,0,0,0,0,26,83.3,0,7
2024,10,26,23,0,0,0,0,25.900000000000002,83.58,0,7
2024,10,27,0,0,0,0,0,25.700000000000003,84.22,0,7
2024,10,27,1,0,0,0,0,25.5,85.12,0,7
2024,10,27,2,0,0,0,0,25.200000000000003,86.63,0,7
2024,10,27,3,0,0,0,0,25,87.78,0,7
2024,10,27,4,0,0,0,0,24.700000000000003,89.73,0,4
2024,10,27,5,0,0,0,0,24.6,91.06,0,4
2024,10,27,6,0,44,0,44,25.200000000000003,88.12,0,4
2024,10,27,7,0,137,0,137,26.200000000000003,81.98,0,4
2024,10,27,8,0,376,88,433,27.400000000000002,75.09,0,5
2024,10,27,9,0,241,0,242,28.3,70.36,0,4
2024,10,27,10,0,459,41,498,28.900000000000002,67.82000000000001,0,5
2024,10,27,11,0,218,0,218,29,67.93,0,4
2024,10,27,12,0,295,1,296,28.8,69.23,0,4
2024,10,27,13,0,191,0,191,28.200000000000003,71.93,0,4
2024,10,27,14,0,142,0,142,27.5,75.14,0,4
2024,10,27,15,0,186,0,186,26.700000000000003,78.94,0,4
2024,10,27,16,0,42,0,42,26,82.57000000000001,0,4
2024,10,27,17,0,9,0,9,25.400000000000002,86.24,0,4
2024,10,27,18,0,0,0,0,24.900000000000002,90.19,0,4
2024,10,27,19,0,0,0,0,24.6,92.86,0,4
2024,10,27,20,0,0,0,0,24.5,93.88,0,4
2024,10,27,21,0,0,0,0,24.400000000000002,94.39,0,5
2024,10,27,22,0,0,0,0,24.3,94.87,0,5
2024,10,27,23,0,0,0,0,24.200000000000003,95.22,0,5
2024,10,28,0,0,0,0,0,24,95.98,0,5
2024,10,28,1,0,0,0,0,24,95.46000000000001,0,5
2024,10,28,2,0,0,0,0,23.8,96.2,0,5
2024,10,28,3,0,0,0,0,23.700000000000003,96.41,0,5
2024,10,28,4,0,0,0,0,23.5,97.33,0,8
2024,10,28,5,0,0,0,0,23.400000000000002,98.18,0,8
2024,10,28,6,0,40,0,40,24,96.01,0,5
2024,10,28,7,0,114,0,114,24.700000000000003,90.53,0,5
2024,10,28,8,0,343,78,394,25.900000000000002,79.09,0,5
2024,10,28,9,0,360,155,487,26.900000000000002,72.28,0,8
2024,10,28,10,0,448,27,474,27.700000000000003,68.65,0,3
2024,10,28,11,0,429,6,435,28.200000000000003,66.64,0,4
2024,10,28,12,0,386,2,388,28.400000000000002,65.68,0,3
2024,10,28,13,0,244,0,244,28.1,67.04,0,3
2024,10,28,14,0,263,1,263,27.5,69.96000000000001,0,3
2024,10,28,15,0,145,0,145,26.8,73.56,0,3
2024,10,28,16,0,59,0,59,25.900000000000002,78.56,0,3
2024,10,28,17,0,4,0,4,25,84.28,0,3
2024,10,28,18,0,0,0,0,24.200000000000003,90.41,0,5
2024,10,28,19,0,0,0,0,23.8,93.93,0,3
2024,10,28,20,0,0,0,0,23.6,95.67,0,4
2024,10,28,21,0,0,0,0,23.5,96.56,0,4
2024,10,28,22,0,0,0,0,23.400000000000002,97.4,0,4
2024,10,28,23,0,0,0,0,23.3,98.04,0,4
2024,10,29,0,0,0,0,0,23.3,98.08,0,4
2024,10,29,1,0,0,0,0,23.3,98.06,0,4
2024,10,29,2,0,0,0,0,23.200000000000003,98.73,0,5
2024,10,29,3,0,0,0,0,23.3,98.14,0,4
2024,10,29,4,0,0,0,0,23.3,98.29,0,4
2024,10,29,5,0,0,0,0,23.3,98.5,0,5
2024,10,29,6,0,115,21,119,24,95.87,0,5
2024,10,29,7,0,110,3,111,25.1,89.32000000000001,0,7
2024,10,29,8,0,160,3,162,26.6,79.5,0,7
2024,10,29,9,0,265,8,272,27.900000000000002,72.7,0,7
2024,10,29,10,0,159,0,159,29.1,66.82000000000001,0,4
2024,10,29,11,0,87,0,87,29.700000000000003,63.620000000000005,0,4
2024,10,29,12,0,187,0,187,29.5,64.22,0,4
2024,10,29,13,0,135,0,135,28.6,68.57000000000001,0,4
2024,10,29,14,0,87,0,87,27.400000000000002,74.63,0,4
2024,10,29,15,0,40,0,40,26.3,80.83,0,4
2024,10,29,16,0,59,0,59,25.400000000000002,86.55,0,5
2024,10,29,17,0,6,0,6,24.6,92.27,0,4
2024,10,29,18,0,0,0,0,24.200000000000003,95.82000000000001,0,8
2024,10,29,19,0,0,0,0,24,97.29,0,7
2024,10,29,20,0,0,0,0,23.900000000000002,97.83,0,8
2024,10,29,21,0,0,0,0,23.8,97.51,0,7
2024,10,29,22,0,0,0,0,23.6,96.55,0,7
2024,10,29,23,0,0,0,0,23.400000000000002,95.78,0,8
2024,10,30,0,0,0,0,0,23.200000000000003,95.67,0,7
2024,10,30,1,0,0,0,0,23,96.21000000000001,0,7
2024,10,30,2,0,0,0,0,22.8,95.88,0,7
2024,10,30,3,0,0,0,0,22.6,95.65,0,7
2024,10,30,4,0,0,0,0,22.400000000000002,96.43,0,6
2024,10,30,5,0,0,0,0,22.3,96.87,0,6
2024,10,30,6,0,37,0,37,22.5,96.5,0,6
2024,10,30,7,0,151,11,157,22.8,95.89,0,7
2024,10,30,8,0,124,1,125,23.400000000000002,90.93,0,6
2024,10,30,9,0,211,2,213,24.400000000000002,82.23,0,6
2024,10,30,10,0,313,4,316,25.400000000000002,75.38,0,6
2024,10,30,11,0,256,2,257,26.3,70.69,0,7
2024,10,30,12,0,152,0,152,26.700000000000003,69.14,0,6
2024,10,30,13,0,190,1,191,26.5,70.31,0,6
2024,10,30,14,0,119,0,120,26,72.60000000000001,0,6
2024,10,30,15,0,184,8,189,25.400000000000002,76.02,0,7
2024,10,30,16,0,70,1,70,24.8,80.58,0,6
2024,10,30,17,0,3,0,3,24,87.34,0,6
2024,10,30,18,0,0,0,0,23.3,92.63,0,6
2024,10,30,19,0,0,0,0,23,94.72,0,6
2024,10,30,20,0,0,0,0,22.8,96.04,0,7
2024,10,30,21,0,0,0,0,22.700000000000003,96.69,0,6
2024,10,30,22,0,0,0,0,22.5,97.32000000000001,0,7
2024,10,30,23,0,0,0,0,22.400000000000002,96.46000000000001,0,6
2024,10,31,0,0,0,0,0,22.400000000000002,95.33,0,6
2024,10,31,1,0,0,0,0,22.5,93.32000000000001,0,6
2024,10,31,2,0,0,0,0,22.6,91.73,0,6
2024,10,31,3,0,0,0,0,22.6,90.97,0,6
2024,10,31,4,0,0,0,0,22.8,89.05,0,6
2024,10,31,5,0,0,0,0,23.1,86.64,0,7
2024,10,31,6,0,44,1,44,23.5,85.96000000000001,0,6
2024,10,31,7,0,175,20,184,24.1,88.10000000000001,0,7
2024,10,31,8,0,249,42,276,25.8,74.15,0,7
2024,10,31,9,0,319,366,620,27.200000000000003,67.22,0,7
2024,10,31,10,0,217,0,217,28,64.69,0,3
2024,10,31,11,0,438,8,446,28.1,64.62,0,4
2024,10,31,12,0,478,35,512,27.8,66.73,0,3
2024,10,31,13,0,456,130,575,27.3,69.43,0,3
2024,10,31,14,0,250,1,250,26.8,71.83,0,3
2024,10,31,15,0,154,0,154,26.200000000000003,75.13,0,5
2024,10,31,16,0,6,0,6,25.400000000000002,80.37,0,6
2024,10,31,17,0,37,1,37,24.6,86.4,0,6
2024,10,31,18,0,0,0,0,24,90.91,0,6
2024,10,31,19,0,0,0,0,23.6,93.74,0,6
2024,10,31,20,0,0,0,0,23.400000000000002,95.19,0,6
2024,10,31,21,0,0,0,0,23.3,95.83,0,6
2024,10,31,22,0,0,0,0,23.1,96.85000000000001,0,6
2024,10,31,23,0,0,0,0,23,97.12,0,7
2024,11,1,0,0,0,0,0,22.900000000000002,97.33,0,6
2024,11,1,1,0,0,0,0,22.8,97.68,0,7
2024,11,1,2,0,0,0,0,22.700000000000003,97.86,0,6
2024,11,1,3,0,0,0,0,22.6,98.31,0,6
2024,11,1,4,0,0,0,0,22.6,98.37,0,6
2024,11,1,5,0,0,0,0,22.700000000000003,97.96000000000001,0,7
2024,11,1,6,0,44,1,45,23.700000000000003,94.66,0,7
2024,11,1,7,0,197,48,219,25.1,84.64,0,7
2024,11,1,8,0,331,104,400,26.5,74.12,0,7
2024,11,1,9,0,450,170,590,26.900000000000002,71.56,0,3
2024,11,1,10,0,493,159,641,27.1,71.02,0,3
2024,11,1,11,0,480,37,518,27.400000000000002,69.74,0,3
2024,11,1,12,0,491,87,577,27.6,68.85000000000001,0,3
2024,11,1,13,0,500,221,703,27.6,68.88,0,3
2024,11,1,14,0,436,158,561,27.5,69.36,0,2
2024,11,1,15,0,123,0,123,27.200000000000003,70.66,0,3
2024,11,1,16,0,87,667,361,26.700000000000003,73.21000000000001,0,1
2024,11,1,17,0,52,412,126,25.700000000000003,79.93,0,1
2024,11,1,18,0,0,0,0,24.6,87.83,0,0
2024,11,1,19,0,0,0,0,24,92.16,0,1
2024,11,1,20,0,0,0,0,23.6,95.21000000000001,0,3
2024,11,1,21,0,0,0,0,23.400000000000002,96.87,0,3
2024,11,1,22,0,0,0,0,23.1,98.85000000000001,0,0
2024,11,1,23,0,0,0,0,22.900000000000002,99.97,0,1
2024,11,2,0,0,0,0,0,22.700000000000003,100,0,1
2024,11,2,1,0,0,0,0,22.6,100,0,1
2024,11,2,2,0,0,0,0,22.6,100,0,1
2024,11,2,3,0,0,0,0,22.5,100,0,1
2024,11,2,4,0,0,0,0,22.5,100,0,3
2024,11,2,5,0,0,0,0,22.6,99.88,0,1
2024,11,2,6,0,57,513,176,23.900000000000002,96.92,0,1
2024,11,2,7,0,205,21,215,25.200000000000003,88.82000000000001,0,2
2024,11,2,8,0,363,135,452,27.1,74.10000000000001,0,3
2024,11,2,9,0,114,881,840,28.200000000000003,68.3,0,1
2024,11,2,10,0,125,906,975,29,64.72,0,1
2024,11,2,11,0,529,196,724,29.400000000000002,63.14,0,2
2024,11,2,12,0,448,41,488,29.3,63.660000000000004,0,8
2024,11,2,13,0,44,0,44,28.8,65.47,0,7
2024,11,2,14,0,265,8,272,28.1,67.98,0,7
2024,11,2,15,0,269,71,313,27.400000000000002,70.35000000000001,0,8
2024,11,2,16,0,228,95,267,26.6,73.46000000000001,0,3
2024,11,2,17,0,56,3,57,25.5,79.34,0,7
2024,11,2,18,0,0,0,0,24.5,85.86,0,7
2024,11,2,19,0,0,0,0,24,89.72,0,7
2024,11,2,20,0,0,0,0,23.6,92.76,0,8
2024,11,2,21,0,0,0,0,23.400000000000002,94.03,0,8
2024,11,2,22,0,0,0,0,23.1,95.62,0,7
2024,11,2,23,0,0,0,0,22.900000000000002,96.53,0,7
2024,11,3,0,0,0,0,0,22.8,96.93,0,3
2024,11,3,1,0,0,0,0,22.700000000000003,97.16,0,8
2024,11,3,2,0,0,0,0,22.6,97.31,0,7
2024,11,3,3,0,0,0,0,22.6,96.97,0,7
2024,11,3,4,0,0,0,0,22.5,97.04,0,8
2024,11,3,5,0,0,0,0,22.6,96.74000000000001,0,3
2024,11,3,6,0,122,87,143,23.8,93.45,0,3
2024,11,3,7,0,211,357,375,25.1,84.61,0,2
2024,11,3,8,0,350,85,406,26.8,71.73,0,3
2024,11,3,9,0,436,268,657,27.900000000000002,66.84,0,3
2024,11,3,10,0,208,0,208,28.6,64.66,0,3
2024,11,3,11,0,168,0,168,29.1,62.870000000000005,0,4
2024,11,3,12,0,255,0,256,29.200000000000003,62.36,0,4
2024,11,3,13,0,322,1,323,28.900000000000002,63.14,0,3
2024,11,3,14,0,305,32,330,28.400000000000002,64.42,0,7
2024,11,3,15,0,175,0,175,27.8,66.1,0,4
2024,11,3,16,0,177,53,199,27,68.96000000000001,0,8
2024,11,3,17,0,48,2,48,25.900000000000002,74.7,0,8
2024,11,3,18,0,0,0,0,24.900000000000002,81.58,0,8
2024,11,3,19,0,0,0,0,24.400000000000002,85.9,0,3
2024,11,3,20,0,0,0,0,24,89.05,0,4
2024,11,3,21,0,0,0,0,23.700000000000003,91.5,0,3
2024,11,3,22,0,0,0,0,23.5,93.12,0,7
2024,11,3,23,0,0,0,0,23.3,94.53,0,7
2024,11,4,0,0,0,0,0,23.1,95.55,0,8
2024,11,4,1,0,0,0,0,23,96.32000000000001,0,8
2024,11,4,2,0,0,0,0,22.900000000000002,97.12,0,7
2024,11,4,3,0,0,0,0,22.8,97.88,0,8
2024,11,4,4,0,0,0,0,22.8,98.06,0,8
2024,11,4,5,0,0,0,0,22.900000000000002,98.09,0,7
2024,11,4,6,0,110,10,112,23.6,95.66,0,3
2024,11,4,7,0,180,330,331,24.8,88.27,0,8
2024,11,4,8,0,275,57,313,26.400000000000002,76.97,0,8
2024,11,4,9,0,150,0,150,27.6,69.84,0,4
2024,11,4,10,0,463,65,524,28.400000000000002,66.07000000000001,0,5
2024,11,4,11,0,155,0,155,28.900000000000002,64.02,0,4
2024,11,4,12,0,462,19,482,28.900000000000002,63.54,0,3
2024,11,4,13,0,473,314,762,28.6,64.09,0,3
2024,11,4,14,0,383,49,422,28,65.9,0,4
2024,11,4,15,0,211,1,211,27.200000000000003,68.74,0,4
2024,11,4,16,0,98,0,98,26.3,73.01,0,4
2024,11,4,17,0,69,1,69,25.1,80.08,0,4
2024,11,4,18,0,0,0,0,24.200000000000003,87.32000000000001,0,4
2024,11,4,19,0,0,0,0,23.700000000000003,91.41,0,3
2024,11,4,20,0,0,0,0,23.5,92.99,0,4
2024,11,4,21,0,0,0,0,23.400000000000002,94.06,0,4
2024,11,4,22,0,0,0,0,23.3,94.98,0,4
2024,11,4,23,0,0,0,0,23.1,96.08,0,4
2024,11,5,0,0,0,0,0,23,96.67,0,4
2024,11,5,1,0,0,0,0,22.900000000000002,97.19,0,4
2024,11,5,2,0,0,0,0,22.900000000000002,97.05,0,7
2024,11,5,3,0,0,0,0,22.900000000000002,96.84,0,7
2024,11,5,4,0,0,0,0,22.8,97.12,0,7
2024,11,5,5,0,0,0,0,22.900000000000002,96.53,0,7
2024,11,5,6,0,42,0,42,23.400000000000002,94.59,0,5
2024,11,5,7,0,199,138,262,23.900000000000002,92.10000000000001,0,8
2024,11,5,8,0,302,175,418,24.6,86.64,0,8
2024,11,5,9,0,298,1,300,25.200000000000003,81.52,0,4
2024,11,5,10,0,400,37,435,25.8,77.43,0,8
2024,11,5,11,0,319,7,326,26.400000000000002,74.08,0,7
2024,11,5,12,0,283,3,286,26.5,73.14,0,8
2024,11,5,13,0,354,2,356,26.700000000000003,71.89,0,5
2024,11,5,14,0,253,1,253,26.700000000000003,71.26,0,5
2024,11,5,15,0,124,0,124,26.5,71.74,0,5
2024,11,5,16,0,112,0,113,26,74.10000000000001,0,5
2024,11,5,17,0,45,0,45,25.1,80.31,0,5
2024,11,5,18,0,0,0,0,23.900000000000002,88.91,0,4
2024,11,5,19,0,0,0,0,23.400000000000002,92.34,0,7
2024,11,5,20,0,0,0,0,23.1,94.28,0,4
2024,11,5,21,0,0,0,0,23,95.24,0,4
2024,11,5,22,0,0,0,0,22.900000000000002,96.07000000000001,0,4
2024,11,5,23,0,0,0,0,22.8,96.66,0,5
2024,11,6,0,0,0,0,0,22.6,97.88,0,4
2024,11,6,1,0,0,0,0,22.5,98.41,0,5
2024,11,6,2,0,0,0,0,22.400000000000002,98.86,0,4
2024,11,6,3,0,0,0,0,22.400000000000002,98.84,0,4
2024,11,6,4,0,0,0,0,22.3,99.28,0,5
2024,11,6,5,0,0,0,0,22.5,98.76,0,4
2024,11,6,6,0,123,43,133,23.5,96.27,0,3
2024,11,6,7,0,247,155,319,24.700000000000003,87.5,0,3
2024,11,6,8,0,85,876,666,26.400000000000002,75.67,0,1
2024,11,6,9,0,413,112,506,27.700000000000003,69.67,0,3
2024,11,6,10,0,377,2,379,28.5,66.33,0,3
2024,11,6,11,0,241,0,241,29,64.64,0,3
2024,11,6,12,0,320,1,321,29.200000000000003,64.16,0,3
2024,11,6,13,0,501,207,691,29.1,64.52,0,3
2024,11,6,14,0,426,254,628,28.700000000000003,65.68,0,3
2024,11,6,15,0,335,204,462,28,68.44,0,3
2024,11,6,16,0,217,39,233,27,73.07000000000001,0,3
2024,11,6,17,0,54,1,54,25.700000000000003,80.76,0,4
2024,11,6,18,0,0,0,0,24.6,87.76,0,3
2024,11,6,19,0,0,0,0,24.1,91.46000000000001,0,3
2024,11,6,20,0,0,0,0,23.900000000000002,93.5,0,3
2024,11,6,21,0,0,0,0,23.700000000000003,95.26,0,0
2024,11,6,22,0,0,0,0,23.6,96.09,0,0
2024,11,6,23,0,0,0,0,23.5,96.74000000000001,0,0
2024,11,7,0,0,0,0,0,23.3,97.87,0,0
2024,11,7,1,0,0,0,0,23.1,98.9,0,3
2024,11,7,2,0,0,0,0,23.1,98.66,0,1
2024,11,7,3,0,0,0,0,23,99.43,0,1
2024,11,7,4,0,0,0,0,23,99.60000000000001,0,3
2024,11,7,5,0,0,0,0,23.200000000000003,98.91,0,3
2024,11,7,6,0,13,0,13,24,96.15,0,3
2024,11,7,7,0,200,19,209,25.5,86.92,0,3
2024,11,7,8,0,368,158,472,27.200000000000003,75.28,0,3
2024,11,7,9,0,456,182,606,28.3,68.83,0,3
2024,11,7,10,0,455,28,481,29,65.25,0,3
2024,11,7,11,0,406,270,675,29.6,62.46,0,7
2024,11,7,12,0,446,239,682,29.8,61.1,0,7
2024,11,7,13,0,202,0,202,29.6,61.52,0,3
2024,11,7,14,0,119,870,813,29.3,62.36,0,1
2024,11,7,15,0,105,809,612,28.6,64.89,0,1
2024,11,7,16,0,86,692,376,27.6,69.35000000000001,0,0
2024,11,7,17,0,55,436,137,26.5,75.41,0,1
2024,11,7,18,0,0,0,0,25.700000000000003,80.59,0,3
2024,11,7,19,0,0,0,0,25.200000000000003,83.89,0,0
2024,11,7,20,0,0,0,0,24.900000000000002,85.94,0,3
2024,11,7,21,0,0,0,0,24.700000000000003,87.32000000000001,0,0
2024,11,7,22,0,0,0,0,24.5,88.48,0,8
2024,11,7,23,0,0,0,0,24.3,89.3,0,8
2024,11,8,0,0,0,0,0,24.1,90.08,0,7
2024,11,8,1,0,0,0,0,24,90.5,0,7
2024,11,8,2,0,0,0,0,23.8,91.69,0,1
2024,11,8,3,0,0,0,0,23.5,93.55,0,3
2024,11,8,4,0,0,0,0,23.3,95.05,0,7
2024,11,8,5,0,0,0,0,23.400000000000002,94.95,0,1
2024,11,8,6,0,105,304,178,24.5,89.5,0,8
2024,11,8,7,0,86,738,428,26,80.69,0,1
2024,11,8,8,0,198,594,593,27.5,72.05,0,8
2024,11,8,9,0,118,882,848,28.8,65.84,0,1
2024,11,8,10,0,127,910,982,29.900000000000002,61.28,0,1
2024,11,8,11,0,464,17,481,30.700000000000003,58.29,0,3
2024,11,8,12,0,529,192,718,31.200000000000003,56.61,0,3
2024,11,8,13,0,64,0,64,31.400000000000002,56.050000000000004,0,3
2024,11,8,14,0,107,0,107,31.200000000000003,57.1,0,4
2024,11,8,15,0,288,27,304,30.6,59.83,0,4
2024,11,8,16,0,204,22,213,29.6,64.59,0,3
2024,11,8,17,0,100,38,107,28.400000000000002,71.08,0,3
2024,11,8,18,0,0,0,0,27.200000000000003,77.10000000000001,0,3
2024,11,8,19,0,0,0,0,26.5,80.86,0,4
2024,11,8,20,0,0,0,0,26.1,83.53,0,4
2024,11,8,21,0,0,0,0,25.8,86.26,0,4
2024,11,8,22,0,0,0,0,25.5,88.91,0,4
2024,11,8,23,0,0,0,0,25.200000000000003,91.21000000000001,0,3
2024,11,9,0,0,0,0,0,25,92.53,0,4
2024,11,9,1,0,0,0,0,24.8,93.77,0,5
2024,11,9,2,0,0,0,0,24.6,94.92,0,4
2024,11,9,3,0,0,0,0,24.400000000000002,96.18,0,4
2024,11,9,4,0,0,0,0,24.400000000000002,96.28,0,7
2024,11,9,5,0,0,0,0,24.3,97.12,0,6
2024,11,9,6,0,41,0,41,24.700000000000003,95.43,0,6
2024,11,9,7,0,155,12,160,25.6,90.66,0,7
2024,11,9,8,0,164,0,164,27,82.16,0,5
2024,11,9,9,0,288,494,696,28.3,75.39,0,7
2024,11,9,10,0,485,227,698,29.700000000000003,69.44,0,7
2024,11,9,11,0,424,5,429,30.700000000000003,65.56,0,4
2024,11,9,12,0,469,20,488,31.200000000000003,63.550000000000004,0,4
2024,11,9,13,0,429,17,444,31.200000000000003,63.84,0,3
2024,11,9,14,0,231,5,234,30.5,67.42,0,8
2024,11,9,15,0,184,8,189,29.400000000000002,73.77,0,7
2024,11,9,16,0,217,144,277,28,82.68,0,7
2024,11,9,17,0,25,0,25,26.6,91.96000000000001,0,6
2024,11,9,18,0,0,0,0,25.6,95.2,0,6
2024,11,9,19,0,0,0,0,24.5,94.37,0,9
2024,11,9,20,0,0,0,0,23.5,94.95,0,6
2024,11,9,21,0,0,0,0,23,95.42,0,6
2024,11,9,22,0,0,0,0,22.8,97.19,0,6
2024,11,9,23,0,0,0,0,22.8,97.64,0,6
2024,11,10,0,0,0,0,0,22.8,97.63,0,6
2024,11,10,1,0,0,0,0,22.8,97.43,0,6
2024,11,10,2,0,0,0,0,22.8,96.84,0,6
2024,11,10,3,0,0,0,0,22.700000000000003,96.56,0,7
2024,11,10,4,0,0,0,0,22.5,96.71000000000001,0,8
2024,11,10,5,0,0,0,0,22.400000000000002,95.99000000000001,0,8
2024,11,10,6,0,6,0,6,22.6,94.61,0,8
2024,11,10,7,0,172,28,185,23.1,91.27,0,8
2024,11,10,8,0,299,100,365,23.700000000000003,86.82000000000001,0,7
2024,11,10,9,0,353,227,541,24.6,80.58,0,8
2024,11,10,10,0,438,171,599,25.6,73.89,0,7
2024,11,10,11,0,430,349,777,26.200000000000003,70.12,0,8
2024,11,10,12,0,439,326,762,26.3,69.02,0,7
2024,11,10,13,0,343,475,781,26.1,69.49,0,7
2024,11,10,14,0,440,247,637,26,69.58,0,2
2024,11,10,15,0,117,785,611,25.700000000000003,70.54,0,1
2024,11,10,16,0,227,44,246,25.1,72.81,0,3
2024,11,10,17,0,91,5,92,24.200000000000003,77.10000000000001,0,3
2024,11,10,18,0,0,0,0,23.3,81.69,0,1
2024,11,10,19,0,0,0,0,22.8,84.68,0,2
2024,11,10,20,0,0,0,0,22.5,86.33,0,3
2024,11,10,21,0,0,0,0,22.200000000000003,87.8,0,1
2024,11,10,22,0,0,0,0,22,88.69,0,0
2024,11,10,23,0,0,0,0,21.8,89.64,0,1
2024,11,11,0,0,0,0,0,21.5,91.46000000000001,0,1
2024,11,11,1,0,0,0,0,21.3,93.21000000000001,0,3
2024,11,11,2,0,0,0,0,21,95.17,0,1
2024,11,11,3,0,0,0,0,20.900000000000002,94.41,0,3
2024,11,11,4,0,0,0,0,20.900000000000002,93.81,0,3
2024,11,11,5,0,0,0,0,21.200000000000003,92.09,0,3
2024,11,11,6,0,69,1,69,22.6,85.05,0,3
2024,11,11,7,0,249,55,275,24.200000000000003,75.89,0,3
2024,11,11,8,0,329,46,360,25.5,69.86,0,3
2024,11,11,9,0,459,218,640,26.5,66.3,0,2
2024,11,11,10,0,279,0,279,27.400000000000002,63.7,0,3
2024,11,11,11,0,233,0,233,27.8,63.09,0,3
2024,11,11,12,0,393,2,395,28.1,62.64,0,3
2024,11,11,13,0,509,241,731,28.1,62.93,0,2
2024,11,11,14,0,377,20,393,27.8,64.06,0,3
2024,11,11,15,0,333,73,379,27.200000000000003,66.39,0,3
2024,11,11,16,0,80,730,390,26.400000000000002,69.43,0,1
2024,11,11,17,0,51,499,149,25.400000000000002,74.09,0,1
2024,11,11,18,0,0,0,0,24.200000000000003,80.88,0,1
2024,11,11,19,0,0,0,0,23.5,85.21000000000001,0,3
2024,11,11,20,0,0,0,0,23,88.16,0,3
2024,11,11,21,0,0,0,0,22.700000000000003,89.95,0,3
2024,11,11,22,0,0,0,0,22.400000000000002,91.93,0,0
2024,11,11,23,0,0,0,0,22,94.53,0,0
2024,11,12,0,0,0,0,0,21.700000000000003,96.5,0,0
2024,11,12,1,0,0,0,0,21.400000000000002,98.64,0,0
2024,11,12,2,0,0,0,0,21.1,100,0,0
2024,11,12,3,0,0,0,0,20.900000000000002,100,0,0
2024,11,12,4,0,0,0,0,20.8,100,0,0
2024,11,12,5,0,0,0,0,20.900000000000002,100,0,1
2024,11,12,6,0,52,609,200,22.6,91.53,0,0
2024,11,12,7,0,73,804,448,24.8,78.2,0,0
2024,11,12,8,0,86,896,683,26.8,68.35000000000001,0,0
2024,11,12,9,0,95,948,879,28.6,62.7,0,0
2024,11,12,10,0,101,974,1016,30.200000000000003,57.550000000000004,0,0
2024,11,12,11,0,105,983,1083,31.5,53.27,0,0
2024,11,12,12,0,106,978,1073,32.4,50.32,0,0
2024,11,12,13,0,103,963,992,32.7,49.45,0,0
2024,11,12,14,0,98,928,841,32.6,50.14,0,0
2024,11,12,15,0,91,862,636,32,52.69,0,0
2024,11,12,16,0,80,737,394,30.6,59.45,0,0
2024,11,12,17,0,55,482,151,28.5,71.33,0,0
2024,11,12,18,0,0,0,0,26.700000000000003,80.82000000000001,0,0
2024,11,12,19,0,0,0,0,25.900000000000002,86.74,0,0
2024,11,12,20,0,0,0,0,25.400000000000002,91.07000000000001,0,0
2024,11,12,21,0,0,0,0,25.1,93.72,0,0
2024,11,12,22,0,0,0,0,24.900000000000002,95.3,0,0
2024,11,12,23,0,0,0,0,24.700000000000003,96.42,0,0
2024,11,13,0,0,0,0,0,24.6,96.60000000000001,0,0
2024,11,13,1,0,0,0,0,24.6,96.09,0,0
2024,11,13,2,0,0,0,0,24.400000000000002,96.52,0,0
2024,11,13,3,0,0,0,0,24.3,96.45,0,7
2024,11,13,4,0,0,0,0,24.200000000000003,96.54,0,3
2024,11,13,5,0,0,0,0,24.200000000000003,96.17,0,7
2024,11,13,6,0,81,409,180,25.200000000000003,90.7,0,1
2024,11,13,7,0,264,72,297,26.6,82.79,0,2
2024,11,13,8,0,189,0,189,28.1,75.79,0,3
2024,11,13,9,0,353,4,356,29.400000000000002,70.41,0,2
2024,11,13,10,0,151,886,984,30.5,66.07000000000001,0,1
2024,11,13,11,0,154,901,1050,31.400000000000002,62.370000000000005,0,1
2024,11,13,12,0,151,901,1043,31.900000000000002,60.120000000000005,0,1
2024,11,13,13,0,458,50,504,32.1,59.24,0,2
2024,11,13,14,0,141,834,809,31.700000000000003,60.77,0,1
2024,11,13,15,0,123,769,609,30.900000000000002,64.38,0,1
2024,11,13,16,0,214,113,263,29.6,70.83,0,7
2024,11,13,17,0,4,0,4,28.1,79.18,0,6
2024,11,13,18,0,0,0,0,26.700000000000003,87.48,0,6
2024,11,13,19,0,0,0,0,25.900000000000002,92.71000000000001,0,6
2024,11,13,20,0,0,0,0,25.5,94.9,0,6
2024,11,13,21,0,0,0,0,25.200000000000003,96.21000000000001,0,6
2024,11,13,22,0,0,0,0,25,96.62,0,6
2024,11,13,23,0,0,0,0,24.8,97.03,0,7
2024,11,14,0,0,0,0,0,24.700000000000003,96.96000000000001,0,7
2024,11,14,1,0,0,0,0,24.5,97.72,0,7
2024,11,14,2,0,0,0,0,24.400000000000002,98,0,7
2024,11,14,3,0,0,0,0,24.3,97.9,0,6
2024,11,14,4,0,0,0,0,24.200000000000003,97.96000000000001,0,6
2024,11,14,5,0,0,0,0,24.1,98.35000000000001,0,6
2024,11,14,6,0,53,1,53,24.200000000000003,98.18,0,7
2024,11,14,7,0,75,1,75,24.5,96.94,0,6
2024,11,14,8,0,137,1,137,25.1,92.36,0,6
2024,11,14,9,0,381,69,438,25.700000000000003,86.99,0,7
2024,11,14,10,0,415,12,426,26.400000000000002,81.56,0,7
2024,11,14,11,0,425,27,451,27.3,76.21000000000001,0,7
2024,11,14,12,0,458,40,498,27.8,73.33,0,7
2024,11,14,13,0,420,28,446,27.8,73.03,0,7
2024,11,14,14,0,296,13,307,27.3,75.44,0,7
2024,11,14,15,0,132,1,133,26.700000000000003,78.77,0,6
2024,11,14,16,0,11,0,11,25.900000000000002,83.7,0,6
2024,11,14,17,0,33,0,33,25.200000000000003,88.62,0,6
2024,11,14,18,0,0,0,0,24.700000000000003,91.4,0,7
2024,11,14,19,0,0,0,0,24.5,92.42,0,7
2024,11,14,20,0,0,0,0,24.3,93.61,0,7
2024,11,14,21,0,0,0,0,24.1,95.11,0,8
2024,11,14,22,0,0,0,0,23.900000000000002,96.57000000000001,0,8
2024,11,14,23,0,0,0,0,23.8,97.02,0,5
2024,11,15,0,0,0,0,0,23.8,96.63,0,8
2024,11,15,1,0,0,0,0,23.700000000000003,97.03,0,8
2024,11,15,2,0,0,0,0,23.6,97.36,0,5
2024,11,15,3,0,0,0,0,23.400000000000002,98.29,0,5
2024,11,15,4,0,0,0,0,23.200000000000003,99.05,0,4
2024,11,15,5,0,0,0,0,23.400000000000002,97.96000000000001,0,4
2024,11,15,6,0,71,1,71,24.400000000000002,93.64,0,5
2024,11,15,7,0,230,33,246,25.700000000000003,84.86,0,5
2024,11,15,8,0,342,78,394,26.900000000000002,77.02,0,5
2024,11,15,9,0,335,3,338,27.8,72.19,0,4
2024,11,15,10,0,448,23,469,28.5,68.59,0,5
2024,11,15,11,0,528,277,803,28.8,66.73,0,3
2024,11,15,12,0,469,20,489,29,65.37,0,4
2024,11,15,13,0,471,106,569,29,64.94,0,3
2024,11,15,14,0,384,33,411,28.700000000000003,65.63,0,4
2024,11,15,15,0,105,818,624,28.3,66.59,0,1
2024,11,15,16,0,214,28,226,27.6,68.76,0,3
2024,11,15,17,0,97,8,99,26.400000000000002,73.82000000000001,0,3
2024,11,15,18,0,0,0,0,25.3,79.43,0,1
2024,11,15,19,0,0,0,0,24.6,83.93,0,1
2024,11,15,20,0,0,0,0,24.1,87.46000000000001,0,1
2024,11,15,21,0,0,0,0,23.700000000000003,90.49,0,0
2024,11,15,22,0,0,0,0,23.5,92.44,0,0
2024,11,15,23,0,0,0,0,23.200000000000003,94.89,0,0
2024,11,16,0,0,0,0,0,23.1,95.97,0,0
2024,11,16,1,0,0,0,0,23,96.98,0,0
2024,11,16,2,0,0,0,0,22.900000000000002,98.03,0,0
2024,11,16,3,0,0,0,0,22.900000000000002,98.35000000000001,0,0
2024,11,16,4,0,0,0,0,22.8,98.99000000000001,0,0
2024,11,16,5,0,0,0,0,23,98.58,0,1
2024,11,16,6,0,131,39,141,24.1,93.95,0,3
2024,11,16,7,0,84,754,436,25.5,84.41,0,0
2024,11,16,8,0,358,90,418,27.1,72.9,0,3
2024,11,16,9,0,408,52,451,28.3,65.8,0,3
2024,11,16,10,0,494,312,788,28.900000000000002,62.5,0,3
2024,11,16,11,0,313,454,764,29.1,60.94,0,7
2024,11,16,12,0,524,185,706,29.5,58.49,0,3
2024,11,16,13,0,479,337,791,29.400000000000002,57.95,0,2
2024,11,16,14,0,302,383,609,29.1,57.800000000000004,0,7
2024,11,16,15,0,268,251,427,28.400000000000002,59.36,0,7
2024,11,16,16,0,196,112,245,27.400000000000002,62.800000000000004,0,7
2024,11,16,17,0,85,13,88,26,69.2,0,7
2024,11,16,18,0,0,0,0,24.8,76.53,0,7
2024,11,16,19,0,0,0,0,24.1,81.96000000000001,0,8
2024,11,16,20,0,0,0,0,23.5,86.61,0,7
2024,11,16,21,0,0,0,0,23.1,90.12,0,7
2024,11,16,22,0,0,0,0,22.8,92.81,0,0
2024,11,16,23,0,0,0,0,22.700000000000003,94.05,0,1
2024,11,17,0,0,0,0,0,22.6,95,0,1
2024,11,17,1,0,0,0,0,22.6,95.35000000000001,0,7
2024,11,17,2,0,0,0,0,22.5,96.35000000000001,0,1
2024,11,17,3,0,0,0,0,22.5,96.79,0,0
2024,11,17,4,0,0,0,0,22.6,96.52,0,8
2024,11,17,5,0,10,42,11,22.900000000000002,95.52,0,1
2024,11,17,6,0,65,0,65,23.900000000000002,91.14,0,3
2024,11,17,7,0,255,80,292,25.1,83.21000000000001,0,5
2024,11,17,8,0,130,0,130,26.5,74.43,0,5
2024,11,17,9,0,296,1,297,27.5,69.25,0,5
2024,11,17,10,0,436,15,450,28.1,66.44,0,5
2024,11,17,11,0,412,310,721,28.400000000000002,65.18,0,8
2024,11,17,12,0,218,0,219,28.200000000000003,65.91,0,4
2024,11,17,13,0,259,3,262,27.8,67.55,0,8
2024,11,17,14,0,145,1,145,27.1,70.59,0,6
2024,11,17,15,0,187,6,191,26.5,73.78,0,7
2024,11,17,16,0,114,4,116,25.8,78.24,0,7
2024,11,17,17,0,46,2,46,25.1,83.42,0,7
2024,11,17,18,0,0,0,0,24.400000000000002,88.21000000000001,0,7
2024,11,17,19,0,0,0,0,24.1,90.4,0,7
2024,11,17,20,0,0,0,0,23.900000000000002,91.59,0,7
2024,11,17,21,0,0,0,0,23.8,92.17,0,4
2024,11,17,22,0,0,0,0,23.6,93.37,0,8
2024,11,17,23,0,0,0,0,23.400000000000002,94.55,0,5
2024,11,18,0,0,0,0,0,23.1,96.31,0,4
2024,11,18,1,0,0,0,0,23,96.73,0,3
2024,11,18,2,0,0,0,0,22.8,97.66,0,3
2024,11,18,3,0,0,0,0,22.700000000000003,97.86,0,3
2024,11,18,4,0,0,0,0,22.6,97.9,0,3
2024,11,18,5,0,4,0,4,22.700000000000003,97.78,0,3
2024,11,18,6,0,57,564,195,23.700000000000003,93.26,0,1
2024,11,18,7,0,79,767,437,25.3,82.14,0,1
2024,11,18,8,0,93,865,669,26.900000000000002,73.14,0,1
2024,11,18,9,0,422,83,490,28.1,67.45,0,3
2024,11,18,10,0,511,234,730,29.200000000000003,62.58,0,3
2024,11,18,11,0,379,2,381,29.900000000000002,59.09,0,3
2024,11,18,12,0,113,956,1059,30.3,56.83,0,1
2024,11,18,13,0,273,1,273,30.200000000000003,56.71,0,3
2024,11,18,14,0,372,16,385,29.8,57.72,0,3
2024,11,18,15,0,209,1,210,29.1,59.97,0,3
2024,11,18,16,0,190,16,197,28,64.2,0,3
2024,11,18,17,0,31,0,31,26.700000000000003,70.44,0,3
2024,11,18,18,0,0,0,0,25.3,78.79,0,3
2024,11,18,19,0,0,0,0,24.700000000000003,83.52,0,3
2024,11,18,20,0,0,0,0,24.3,86.73,0,3
2024,11,18,21,0,0,0,0,24,89.02,0,1
2024,11,18,22,0,0,0,0,23.700000000000003,91.03,0,1
2024,11,18,23,0,0,0,0,23.400000000000002,92.9,0,1
2024,11,19,0,0,0,0,0,23.1,94.54,0,0
2024,11,19,1,0,0,0,0,22.900000000000002,95.68,0,0
2024,11,19,2,0,0,0,0,22.6,97.58,0,0
2024,11,19,3,0,0,0,0,22.5,98.38,0,0
2024,11,19,4,0,0,0,0,22.5,98.54,0,0
2024,11,19,5,0,10,50,11,22.8,97.15,0,1
2024,11,19,6,0,59,548,194,24.1,89.23,0,1
2024,11,19,7,0,83,753,435,25.900000000000002,76.93,0,1
2024,11,19,8,0,99,849,664,27.5,68.69,0,1
2024,11,19,9,0,106,910,859,29,62.690000000000005,0,1
2024,11,19,10,0,393,4,397,30.1,58.78,0,3
2024,11,19,11,0,116,952,1063,30.8,56.53,0,1
2024,11,19,12,0,491,54,544,31.1,56.02,0,3
2024,11,19,13,0,378,3,381,31,56.81,0,3
2024,11,19,14,0,439,147,558,30.5,59.13,0,3
2024,11,19,15,0,97,838,633,29.700000000000003,62.59,0,1
2024,11,19,16,0,83,724,399,28.8,66.4,0,0
2024,11,19,17,0,55,494,160,27.6,71.98,0,0
2024,11,19,18,0,0,0,0,26.3,78.87,0,1
2024,11,19,19,0,0,0,0,25.6,83.75,0,0
2024,11,19,20,0,0,0,0,25.200000000000003,86.8,0,0
2024,11,19,21,0,0,0,0,24.900000000000002,88.72,0,1
2024,11,19,22,0,0,0,0,24.700000000000003,89.78,0,0
2024,11,19,23,0,0,0,0,24.5,90.76,0,0
2024,11,20,0,0,0,0,0,24.3,91.67,0,1
2024,11,20,1,0,0,0,0,24.200000000000003,92.22,0,3
2024,11,20,2,0,0,0,0,24,93.43,0,3
2024,11,20,3,0,0,0,0,23.8,94.74,0,3
2024,11,20,4,0,0,0,0,23.6,96.13,0,3
2024,11,20,5,0,10,29,11,23.700000000000003,96.08,0,1
2024,11,20,6,0,78,1,78,24.400000000000002,92.13,0,3
2024,11,20,7,0,92,718,428,25.5,84.45,0,0
2024,11,20,8,0,107,828,658,26.700000000000003,76.28,0,0
2024,11,20,9,0,107,906,855,28.400000000000002,67.47,0,0
2024,11,20,10,0,116,933,992,29.900000000000002,61.76,0,0
2024,11,20,11,0,119,948,1062,31.200000000000003,56.730000000000004,0,1
2024,11,20,12,0,118,951,1059,32.1,53.43,0,1
2024,11,20,13,0,441,22,461,32.4,52.49,0,3
2024,11,20,14,0,111,898,836,32.2,53.38,0,1
2024,11,20,15,0,103,830,635,31.5,56.19,0,0
2024,11,20,16,0,87,714,400,30.400000000000002,60.730000000000004,0,0
2024,11,20,17,0,58,480,161,28.900000000000002,67.82000000000001,0,0
2024,11,20,18,0,0,0,0,27.400000000000002,75.51,0,3
2024,11,20,19,0,0,0,0,26.400000000000002,81.83,0,1
2024,11,20,20,0,0,0,0,25.900000000000002,85.15,0,0
2024,11,20,21,0,0,0,0,25.6,86.78,0,0
2024,11,20,22,0,0,0,0,25.3,87.91,0,0
2024,11,20,23,0,0,0,0,25.1,88.56,0,0
2024,11,21,0,0,0,0,0,24.8,89.88,0,0
2024,11,21,1,0,0,0,0,24.6,91.11,0,0
2024,11,21,2,0,0,0,0,24.3,92.9,0,0
2024,11,21,3,0,0,0,0,24,94.67,0,1
2024,11,21,4,0,0,0,0,23.8,96.01,0,7
2024,11,21,5,0,10,28,10,23.900000000000002,95.45,0,1
2024,11,21,6,0,67,490,187,25.200000000000003,87.2,0,1
2024,11,21,7,0,256,120,312,27,75.95,0,3
2024,11,21,8,0,360,195,490,28.700000000000003,66.81,0,3
2024,11,21,9,0,118,879,844,30.400000000000002,59.93,0,0
2024,11,21,10,0,262,640,862,32.1,53.04,0,8
2024,11,21,11,0,358,418,773,33.300000000000004,48.86,0,7
2024,11,21,12,0,416,314,727,33.6,48.550000000000004,0,6
2024,11,21,13,0,335,477,777,33.1,51.03,0,7
2024,11,21,14,0,350,187,502,31.8,56.15,0,6
2024,11,21,15,0,146,2,147,30.3,62.75,0,6
2024,11,21,16,0,218,85,255,28.700000000000003,70.57000000000001,0,7
2024,11,21,17,0,24,0,24,27.1,79.19,0,6
2024,11,21,18,0,0,0,0,25.900000000000002,86.91,0,6
2024,11,21,19,0,0,0,0,25.200000000000003,92.39,0,6
2024,11,21,20,0,0,0,0,24.900000000000002,94.77,0,7
2024,11,21,21,0,0,0,0,24.8,95.38,0,7
2024,11,21,22,0,0,0,0,24.6,96.86,0,3
2024,11,21,23,0,0,0,0,24.5,97.3,0,7
2024,11,22,0,0,0,0,0,24.400000000000002,97.97,0,3
2024,11,22,1,0,0,0,0,24.3,98.34,0,3
2024,11,22,2,0,0,0,0,24.200000000000003,98.51,0,3
2024,11,22,3,0,0,0,0,24.200000000000003,98.06,0,3
2024,11,22,4,0,0,0,0,24,98.96000000000001,0,3
2024,11,22,5,0,6,0,6,24,99.25,0,3
2024,11,22,6,0,46,0,46,24.400000000000002,98.21000000000001,0,5
2024,11,22,7,0,181,29,194,24.8,96.61,0,8
2024,11,22,8,0,277,319,489,25.6,89.63,0,7
2024,11,22,9,0,364,65,418,26.8,80.01,0,7
2024,11,22,10,0,476,55,527,27.5,74.76,0,7
2024,11,22,11,0,493,111,603,27.5,73.9,0,7
2024,11,22,12,0,452,104,555,27.3,74.02,0,7
2024,11,22,13,0,432,75,502,27,74.60000000000001,0,8
2024,11,22,14,0,373,16,386,26.700000000000003,75.57000000000001,0,3
2024,11,22,15,0,75,0,75,26.3,77.31,0,4
2024,11,22,16,0,22,0,22,25.6,81.43,0,8
2024,11,22,17,0,87,5,88,24.8,86.96000000000001,0,7
2024,11,22,18,0,0,0,0,24.1,91.52,0,8
2024,11,22,19,0,0,0,0,23.8,93.49,0,4
2024,11,22,20,0,0,0,0,23.700000000000003,93.87,0,7
2024,11,22,21,0,0,0,0,23.6,94.13,0,7
2024,11,22,22,0,0,0,0,23.5,94.27,0,7
2024,11,22,23,0,0,0,0,23.5,93.94,0,8
2024,11,23,0,0,0,0,0,23.3,94.92,0,8
2024,11,23,1,0,0,0,0,23.1,96.43,0,8
2024,11,23,2,0,0,0,0,23,97.37,0,8
2024,11,23,3,0,0,0,0,22.900000000000002,98,0,8
2024,11,23,4,0,0,0,0,22.900000000000002,97.84,0,7
2024,11,23,5,0,1,0,1,22.900000000000002,97.79,0,7
2024,11,23,6,0,4,0,4,23.200000000000003,96.37,0,7
2024,11,23,7,0,211,41,230,23.400000000000002,95.05,0,7
2024,11,23,8,0,176,2,177,23.5,92.10000000000001,0,7
2024,11,23,9,0,113,0,113,23.8,88.73,0,5
2024,11,23,10,0,156,0,156,24.700000000000003,82.14,0,6
2024,11,23,11,0,159,0,159,24.900000000000002,79.24,0,6
2024,11,23,12,0,304,4,308,24.8,79.13,0,7
2024,11,23,13,0,144,0,145,24.700000000000003,79.02,0,8
2024,11,23,14,0,173,1,174,24.400000000000002,80.08,0,7
2024,11,23,15,0,51,0,51,24,81.98,0,6
2024,11,23,16,0,7,0,7,23.6,84.11,0,8
2024,11,23,17,0,13,0,13,23.1,86.75,0,4
2024,11,23,18,0,0,0,0,22.6,88.87,0,4
2024,11,23,19,0,0,0,0,22.400000000000002,88.81,0,4
2024,11,23,20,0,0,0,0,22.400000000000002,88.21000000000001,0,4
2024,11,23,21,0,0,0,0,22.200000000000003,88.8,0,4
2024,11,23,22,0,0,0,0,22.1,88.34,0,4
2024,11,23,23,0,0,0,0,21.900000000000002,88.7,0,4
2024,11,24,0,0,0,0,0,21.700000000000003,89.72,0,4
2024,11,24,1,0,0,0,0,21.6,90.29,0,3
2024,11,24,2,0,0,0,0,21.5,90.94,0,3
2024,11,24,3,0,0,0,0,21.5,90.77,0,3
2024,11,24,4,0,0,0,0,21.5,89.68,0,3
2024,11,24,5,0,5,0,5,21.700000000000003,87.75,0,3
2024,11,24,6,0,126,170,168,22.700000000000003,83,0,3
2024,11,24,7,0,207,19,216,23.900000000000002,74.59,0,3
2024,11,24,8,0,335,65,378,25,68.34,0,3
2024,11,24,9,0,462,237,657,25.8,65.07000000000001,0,3
2024,11,24,10,0,203,0,203,26.400000000000002,62.93,0,4
2024,11,24,11,0,510,69,578,26.700000000000003,61.88,0,3
2024,11,24,12,0,299,1,300,26.6,62.300000000000004,0,4
2024,11,24,13,0,380,2,382,26.3,63.34,0,3
2024,11,24,14,0,153,0,153,25.8,64.73,0,3
2024,11,24,15,0,367,137,456,25.200000000000003,66.34,0,3
2024,11,24,16,0,208,19,216,24.5,68.61,0,3
2024,11,24,17,0,57,0,58,23.6,72.51,0,3
2024,11,24,18,0,0,0,0,22.8,76.91,0,3
2024,11,24,19,0,0,0,0,22.400000000000002,79.42,0,3
2024,11,24,20,0,0,0,0,22.200000000000003,80.24,0,1
2024,11,24,21,0,0,0,0,22,80.84,0,1
2024,11,24,22,0,0,0,0,21.900000000000002,80.96000000000001,0,0
2024,11,24,23,0,0,0,0,21.700000000000003,81.65,0,0
2024,11,25,0,0,0,0,0,21.5,82.42,0,3
2024,11,25,1,0,0,0,0,21.3,83.3,0,1
2024,11,25,2,0,0,0,0,21.1,84.74,0,0
2024,11,25,3,0,0,0,0,20.900000000000002,86.14,0,1
2024,11,25,4,0,0,0,0,20.8,86.60000000000001,0,0
2024,11,25,5,0,11,68,13,21,86.49,0,1
2024,11,25,6,0,86,2,87,22.5,79.72,0,3
2024,11,25,7,0,84,777,445,24.200000000000003,67.11,0,1
2024,11,25,8,0,372,108,443,25.400000000000002,60.050000000000004,0,3
2024,11,25,9,0,120,911,871,26.3,56.47,0,1
2024,11,25,10,0,492,107,592,27.1,53.81,0,3
2024,11,25,11,0,498,33,531,27.400000000000002,52.6,0,3
2024,11,25,12,0,518,119,636,27.5,52.230000000000004,0,3
2024,11,25,13,0,131,937,1001,27.5,52.7,0,1
2024,11,25,14,0,125,900,855,27,54.480000000000004,0,1
2024,11,25,15,0,107,851,657,26.400000000000002,56.86,0,1
2024,11,25,16,0,88,745,421,25.6,60.24,0,1
2024,11,25,17,0,87,1,87,24.6,65.54,0,3
2024,11,25,18,0,0,0,0,23.400000000000002,72.12,0,3
2024,11,25,19,0,0,0,0,22.8,76.04,0,3
2024,11,25,20,0,0,0,0,22.5,78.28,0,1
2024,11,25,21,0,0,0,0,22.200000000000003,80.21000000000001,0,3
2024,11,25,22,0,0,0,0,21.8,82.51,0,3
2024,11,25,23,0,0,0,0,21.3,84.67,0,3
2024,11,26,0,0,0,0,0,21.3,81.19,0,3
2024,11,26,1,0,0,0,0,21.6,76.69,0,0
2024,11,26,2,0,0,0,0,21.8,73.92,0,3
2024,11,26,3,0,0,0,0,21.400000000000002,76.26,0,1
2024,11,26,4,0,0,0,0,21.1,77.14,0,0
2024,11,26,5,0,11,103,13,21.8,73.02,0,1
2024,11,26,6,0,53,618,204,23.1,73.81,0,1
2024,11,26,7,0,75,808,451,24.8,58.75,0,0
2024,11,26,8,0,89,898,684,26,54.9,0,1
2024,11,26,9,0,428,119,526,27,52.6,0,3
2024,11,26,10,0,520,254,757,28,51.09,0,3
2024,11,26,11,0,413,296,707,28.6,51.92,0,7
2024,11,26,12,0,476,98,573,29,52.730000000000004,0,7
2024,11,26,13,0,449,19,466,28.900000000000002,54.050000000000004,0,3
2024,11,26,14,0,452,151,575,28.700000000000003,54.82,0,3
2024,11,26,15,0,100,861,658,28.1,56.28,0,0
2024,11,26,16,0,85,755,423,27.200000000000003,59.03,0,0
2024,11,26,17,0,59,538,181,25.8,65.52,0,0
2024,11,26,18,0,0,0,0,24.3,72.21000000000001,0,0
2024,11,26,19,0,0,0,0,23.6,74.73,0,0
2024,11,26,20,0,0,0,0,23.1,76.72,0,0
2024,11,26,21,0,0,0,0,22.700000000000003,79.16,0,0
2024,11,26,22,0,0,0,0,22.3,82.22,0,0
2024,11,26,23,0,0,0,0,22,84.65,0,0
2024,11,27,0,0,0,0,0,21.700000000000003,87.24,0,0
2024,11,27,1,0,0,0,0,21.400000000000002,90.3,0,0
2024,11,27,2,0,0,0,0,21.200000000000003,92.89,0,0
2024,11,27,3,0,0,0,0,20.900000000000002,95.73,0,0
2024,11,27,4,0,0,0,0,20.8,97.09,0,0
2024,11,27,5,0,11,48,12,21,96.06,0,1
2024,11,27,6,0,64,538,196,22.200000000000003,89.07000000000001,0,0
2024,11,27,7,0,90,749,438,24.1,77.93,0,0
2024,11,27,8,0,107,852,671,25.8,69.59,0,0
2024,11,27,9,0,107,926,869,27.5,63.4,0,1
2024,11,27,10,0,115,955,1009,29,59.52,0,1
2024,11,27,11,0,119,967,1080,30.200000000000003,55.57,0,0
2024,11,27,12,0,121,963,1075,31.1,51.79,0,0
2024,11,27,13,0,119,946,998,31.5,50.57,0,0
2024,11,27,14,0,114,909,853,31.400000000000002,51.51,0,0
2024,11,27,15,0,103,850,655,30.8,54.18,0,0
2024,11,27,16,0,88,738,420,29.6,59.49,0,0
2024,11,27,17,0,61,513,179,27.900000000000002,68,0,0
2024,11,27,18,0,0,0,0,26.3,75.99,0,0
2024,11,27,19,0,0,0,0,25.5,80.66,0,0
2024,11,27,20,0,0,0,0,25,83.74,0,0
2024,11,27,21,0,0,0,0,24.700000000000003,85.71000000000001,0,0
2024,11,27,22,0,0,0,0,24.400000000000002,87.5,0,0
2024,11,27,23,0,0,0,0,24.1,89.21000000000001,0,0
2024,11,28,0,0,0,0,0,23.700000000000003,91.74,0,0
2024,11,28,1,0,0,0,0,23.400000000000002,94.08,0,1
2024,11,28,2,0,0,0,0,23,96.99000000000001,0,0
2024,11,28,3,0,0,0,0,22.700000000000003,99.03,0,0
2024,11,28,4,0,0,0,0,22.5,100,0,1
2024,11,28,5,0,10,25,11,22.8,99.07000000000001,0,1
2024,11,28,6,0,72,475,188,24.400000000000002,90.61,0,0
2024,11,28,7,0,103,699,427,26.200000000000003,80.54,0,1
2024,11,28,8,0,225,1,225,27.8,72.29,0,2
2024,11,28,9,0,434,117,530,29.200000000000003,65.77,0,2
2024,11,28,10,0,467,45,509,30.5,60.07,0,2
2024,11,28,11,0,139,933,1065,31.5,55.82,0,1
2024,11,28,12,0,139,931,1063,32.2,52.96,0,0
2024,11,28,13,0,135,919,989,32.5,51.85,0,1
2024,11,28,14,0,412,68,468,32.4,52.33,0,3
2024,11,28,15,0,110,832,652,31.8,54.76,0,0
2024,11,28,16,0,94,719,419,30.700000000000003,59.84,0,0
2024,11,28,17,0,65,497,179,29.1,69.34,0,0
2024,11,28,18,0,0,0,0,27.3,79.45,0,0
2024,11,28,19,0,0,0,0,26.400000000000002,85.5,0,0
2024,11,28,20,0,0,0,0,25.8,90.08,0,0
2024,11,28,21,0,0,0,0,25.400000000000002,93.07000000000001,0,0
2024,11,28,22,0,0,0,0,25.1,95.05,0,0
2024,11,28,23,0,0,0,0,24.900000000000002,96.21000000000001,0,1
2024,11,29,0,0,0,0,0,24.700000000000003,97.25,0,0
2024,11,29,1,0,0,0,0,24.5,98.21000000000001,0,0
2024,11,29,2,0,0,0,0,24.400000000000002,98.65,0,7
2024,11,29,3,0,0,0,0,24.3,98.93,0,7
2024,11,29,4,0,0,0,0,24.200000000000003,99.2,0,7
2024,11,29,5,0,7,0,7,24.400000000000002,97.83,0,7
2024,11,29,6,0,73,1,73,25.700000000000003,90.66,0,3
2024,11,29,7,0,194,9,199,27.400000000000002,80.79,0,3
2024,11,29,8,0,307,25,324,29.1,72.06,0,3
2024,11,29,9,0,453,151,577,30.700000000000003,64.83,0,3
2024,11,29,10,0,131,833,909,32.1,58.44,0,7
2024,11,29,11,0,253,624,872,33.2,53.44,0,7
2024,11,29,12,0,221,663,879,33.9,50.4,0,7
2024,11,29,13,0,415,344,734,34,49.54,0,7
2024,11,29,14,0,260,575,729,33.800000000000004,50.02,0,7
2024,11,29,15,0,278,364,515,33.1,52.36,0,7
2024,11,29,16,0,107,667,410,31.900000000000002,57.52,0,0
2024,11,29,17,0,73,435,174,30,67,0,1
2024,11,29,18,0,0,0,0,28.1,76.31,0,1
2024,11,29,19,0,0,0,0,27,82.4,0,0
2024,11,29,20,0,0,0,0,26.400000000000002,86.44,0,0
2024,11,29,21,0,0,0,0,26.1,88.3,0,0
2024,11,29,22,0,0,0,0,25.900000000000002,89.31,0,0
2024,11,29,23,0,0,0,0,25.700000000000003,90.75,0,0
2024,11,30,0,0,0,0,0,25.5,91.95,0,0
2024,11,30,1,0,0,0,0,25.400000000000002,92.34,0,0
2024,11,30,2,0,0,0,0,25.3,92.64,0,0
2024,11,30,3,0,0,0,0,25.200000000000003,92.82000000000001,0,0
2024,11,30,4,0,0,0,0,25,93.71000000000001,0,1
2024,11,30,5,0,9,8,9,25,93.92,0,1
2024,11,30,6,0,94,2,94,25.8,89.19,0,3
2024,11,30,7,0,196,9,200,27,81.59,0,3
2024,11,30,8,0,279,6,284,28.6,73.45,0,3
2024,11,30,9,0,147,840,836,30.200000000000003,66.3,0,1
2024,11,30,10,0,154,876,973,31.6,60.6,0,1
2024,11,30,11,0,160,890,1043,32.6,57.03,0,0
2024,11,30,12,0,354,520,869,33.2,55.18,0,8
2024,11,30,13,0,333,494,793,33.300000000000004,55.06,0,7
2024,11,30,14,0,370,63,421,32.9,56.74,0,6
2024,11,30,15,0,323,186,445,32.1,60.120000000000005,0,7
2024,11,30,16,0,206,317,350,30.900000000000002,66.1,0,7
2024,11,30,17,0,114,23,119,29.200000000000003,74.64,0,7
2024,11,30,18,0,0,0,0,27.6,82.3,0,7
2024,11,30,19,0,0,0,0,26.700000000000003,86.61,0,7
2024,11,30,20,0,0,0,0,26.1,89.59,0,7
2024,11,30,21,0,0,0,0,25.6,92.08,0,7
2024,11,30,22,0,0,0,0,25.200000000000003,93.84,0,7
2024,11,30,23,0,0,0,0,25,94.23,0,7
2024,12,1,0,0,0,0,0,24.8,94.74,0,6
2024,12,1,1,0,0,0,0,24.700000000000003,95.02,0,6
2024,12,1,2,0,0,0,0,24.5,96.31,0,6
2024,12,1,3,0,0,0,0,24.400000000000002,96.53,0,6
2024,12,1,4,0,0,0,0,24.200000000000003,97.64,0,6
2024,12,1,5,0,9,14,10,24.200000000000003,98.08,0,6
2024,12,1,6,0,76,5,78,24.400000000000002,97.68,0,7
2024,12,1,7,0,149,11,154,24.700000000000003,97.19,0,7
2024,12,1,8,0,201,4,203,25.3,94.25,0,6
2024,12,1,9,0,292,10,300,26.1,88.21000000000001,0,6
2024,12,1,10,0,437,157,583,27.5,80.14,0,7
2024,12,1,11,0,473,21,494,29,72.84,0,3
2024,12,1,12,0,473,21,494,30,68.2,0,3
2024,12,1,13,0,462,53,512,30.1,67.52,0,3
2024,12,1,14,0,372,12,382,29.900000000000002,68.22,0,3
2024,12,1,15,0,257,16,268,29.400000000000002,70.2,0,6
2024,12,1,16,0,48,0,48,28.6,73.44,0,6
2024,12,1,17,0,53,1,53,27.400000000000002,79.21000000000001,0,6
2024,12,1,18,0,0,0,0,26.200000000000003,85.66,0,7
2024,12,1,19,0,0,0,0,25.400000000000002,89.59,0,8
2024,12,1,20,0,0,0,0,25,92,0,3
2024,12,1,21,0,0,0,0,24.700000000000003,94.38,0,3
2024,12,1,22,0,0,0,0,24.5,96.02,0,3
2024,12,1,23,0,0,0,0,24.400000000000002,97.10000000000001,0,1
2024,12,2,0,0,0,0,0,24.3,97.87,0,8
2024,12,2,1,0,0,0,0,24.3,98.03,0,3
2024,12,2,2,0,0,0,0,24.3,98.22,0,8
2024,12,2,3,0,0,0,0,24.3,98.57000000000001,0,0
2024,12,2,4,0,0,0,0,24.200000000000003,99.55,0,1
2024,12,2,5,0,4,0,4,24.5,98.42,0,8
2024,12,2,6,0,66,491,185,25.200000000000003,95.57000000000001,0,1
2024,12,2,7,0,256,98,301,26.400000000000002,88.58,0,3
2024,12,2,8,0,259,3,261,27.900000000000002,78.99,0,3
2024,12,2,9,0,406,102,490,29.3,71.49,0,2
2024,12,2,10,0,130,908,978,30.6,65.4,0,1
2024,12,2,11,0,138,918,1048,31.5,61.65,0,1
2024,12,2,12,0,141,913,1047,32.1,59.42,0,1
2024,12,2,13,0,142,891,973,32.300000000000004,58.84,0,1
2024,12,2,14,0,295,1,296,32.1,59.75,0,2
2024,12,2,15,0,269,385,522,31.6,61.64,0,7
2024,12,2,16,0,102,680,414,30.6,66.11,0,1
2024,12,2,17,0,116,233,172,29.200000000000003,73.61,0,7
2024,12,2,18,0,0,0,0,27.6,81.23,0,7
2024,12,2,19,0,0,0,0,26.700000000000003,85.78,0,7
2024,12,2,20,0,0,0,0,26.200000000000003,88.41,0,7
2024,12,2,21,0,0,0,0,25.900000000000002,89.98,0,3
2024,12,2,22,0,0,0,0,25.6,91.21000000000001,0,8
2024,12,2,23,0,0,0,0,25.400000000000002,91.78,0,3
2024,12,3,0,0,0,0,0,25.200000000000003,91.99,0,8
2024,12,3,1,0,0,0,0,25.1,91.46000000000001,0,7
2024,12,3,2,0,0,0,0,24.900000000000002,91.5,0,8
2024,12,3,3,0,0,0,0,24.700000000000003,91.60000000000001,0,7
2024,12,3,4,0,0,0,0,24.5,91.9,0,7
2024,12,3,5,0,6,0,6,24.5,91.52,0,7
2024,12,3,6,0,67,317,143,25.3,87.21000000000001,0,7
2024,12,3,7,0,222,209,318,26.8,79.26,0,7
2024,12,3,8,0,203,587,589,28.5,71.54,0,8
2024,12,3,9,0,184,662,725,30.200000000000003,65.12,0,7
2024,12,3,10,0,145,794,886,31.700000000000003,60.13,0,7
2024,12,3,11,0,290,634,919,32.800000000000004,56.72,0,8
2024,12,3,12,0,134,863,990,33.4,55.22,0,7
2024,12,3,13,0,172,808,926,33.5,55.61,0,7
2024,12,3,14,0,192,748,805,32.9,58.32,0,7
2024,12,3,15,0,255,441,545,31.900000000000002,63.11,0,7
2024,12,3,16,0,214,286,346,30.6,69.45,0,8
2024,12,3,17,0,128,184,173,29,77,0,7
2024,12,3,18,0,6,0,6,27.700000000000003,82.18,0,7
2024,12,3,19,0,0,0,0,27,84.85000000000001,0,8
2024,12,3,20,0,0,0,0,26.5,86.29,0,7
2024,12,3,21,0,0,0,0,26.200000000000003,86.76,0,7
2024,12,3,22,0,0,0,0,25.900000000000002,87.2,0,7
2024,12,3,23,0,0,0,0,25.700000000000003,87.49,0,7
2024,12,4,0,0,0,0,0,25.5,87.83,0,7
2024,12,4,1,0,0,0,0,25.3,88.34,0,7
2024,12,4,2,0,0,0,0,25.1,89.25,0,7
2024,12,4,3,0,0,0,0,25,89.78,0,8
2024,12,4,4,0,0,0,0,24.8,91.05,0,7
2024,12,4,5,0,0,0,0,24.700000000000003,92.25,0,7
2024,12,4,6,0,125,46,136,24.8,92.13,0,7
2024,12,4,7,0,37,0,37,25.200000000000003,88.97,0,3
2024,12,4,8,0,311,291,502,26.1,82.48,0,7
2024,12,4,9,0,360,365,659,26.900000000000002,77.13,0,8
2024,12,4,10,0,386,424,782,27.700000000000003,73.5,0,7
2024,12,4,11,0,229,795,1017,28.6,69.96000000000001,0,1
2024,12,4,12,0,234,789,1016,29.200000000000003,67.75,0,1
2024,12,4,13,0,450,20,469,29.400000000000002,67.79,0,2
2024,12,4,14,0,376,327,645,29.400000000000002,68.13,0,8
2024,12,4,15,0,130,777,643,29.1,69.45,0,1
2024,12,4,16,0,106,674,418,28.400000000000002,72.82000000000001,0,1
2024,12,4,17,0,71,471,186,27.5,77.66,0,1
2024,12,4,18,0,11,33,11,26.5,82.69,0,0
2024,12,4,19,0,0,0,0,26,85.34,0,1
2024,12,4,20,0,0,0,0,25.700000000000003,87.07000000000001,0,0
2024,12,4,21,0,0,0,0,25.400000000000002,88.75,0,0
2024,12,4,22,0,0,0,0,25.1,90.03,0,0
2024,12,4,23,0,0,0,0,24.900000000000002,90.34,0,1
2024,12,5,0,0,0,0,0,24.700000000000003,90.42,0,1
2024,12,5,1,0,0,0,0,24.3,91.49,0,1
2024,12,5,2,0,0,0,0,24,92.10000000000001,0,3
2024,12,5,3,0,0,0,0,23.6,93.74,0,3
2024,12,5,4,0,0,0,0,23.3,94.94,0,3
2024,12,5,5,0,0,0,0,23.200000000000003,95.57000000000001,0,1
2024,12,5,6,0,131,74,149,24.1,90.01,0,3
2024,12,5,7,0,91,754,436,25.700000000000003,78.86,0,0
2024,12,5,8,0,108,861,671,27.1,69.84,0,1
2024,12,5,9,0,117,922,870,28.400000000000002,62.63,0,1
2024,12,5,10,0,121,961,1015,29.6,56.99,0,1
2024,12,5,11,0,125,975,1091,30.400000000000002,53.870000000000005,0,0
2024,12,5,12,0,124,976,1092,31,51.42,0,0
2024,12,5,13,0,122,960,1019,31.200000000000003,50.57,0,0
2024,12,5,14,0,117,927,878,30.8,51.870000000000005,0,0
2024,12,5,15,0,101,883,684,30.200000000000003,53.910000000000004,0,0
2024,12,5,16,0,86,782,449,29.1,57.910000000000004,0,0
2024,12,5,17,0,61,586,205,27.700000000000003,63.93,0,0
2024,12,5,18,0,12,89,14,26.3,70.73,0,0
2024,12,5,19,0,0,0,0,25.5,74.75,0,0
2024,12,5,20,0,0,0,0,24.900000000000002,77.66,0,0
2024,12,5,21,0,0,0,0,24.3,80.89,0,0
2024,12,5,22,0,0,0,0,24,82.63,0,0
2024,12,5,23,0,0,0,0,23.700000000000003,84.51,0,0
2024,12,6,0,0,0,0,0,23.5,86.61,0,0
2024,12,6,1,0,0,0,0,23.1,90.4,0,0
2024,12,6,2,0,0,0,0,22.8,93.62,0,0
2024,12,6,3,0,0,0,0,22.700000000000003,95.74000000000001,0,0
2024,12,6,4,0,0,0,0,22.6,97.39,0,0
2024,12,6,5,0,0,0,0,22.900000000000002,96.39,0,1
2024,12,6,6,0,127,28,133,24.1,89.48,0,2
2024,12,6,7,0,78,800,443,25.8,78.17,0,1
2024,12,6,8,0,290,486,608,27.400000000000002,68.54,0,2
2024,12,6,9,0,466,192,622,28.8,60.99,0,2
2024,12,6,10,0,110,980,1021,30,55.64,0,1
2024,12,6,11,0,114,992,1096,30.900000000000002,52.27,0,1
2024,12,6,12,0,116,987,1096,31.400000000000002,50.51,0,1
2024,12,6,13,0,117,969,1022,31.5,50.74,0,0
2024,12,6,14,0,112,933,879,31.200000000000003,52.660000000000004,0,0
2024,12,6,15,0,95,893,686,30.5,56.1,0,0
2024,12,6,16,0,82,788,450,29.400000000000002,61.370000000000005,0,0
2024,12,6,17,0,59,589,206,28.1,68.73,0,0
2024,12,6,18,0,13,91,15,26.6,77.95,0,0
2024,12,6,19,0,0,0,0,25.900000000000002,83.60000000000001,0,0
2024,12,6,20,0,0,0,0,25.400000000000002,87.55,0,0
2024,12,6,21,0,0,0,0,25.1,89.60000000000001,0,3
2024,12,6,22,0,0,0,0,24.8,91.22,0,0
2024,12,6,23,0,0,0,0,24.5,92.64,0,0
2024,12,7,0,0,0,0,0,24.200000000000003,93.76,0,0
2024,12,7,1,0,0,0,0,23.900000000000002,94.8,0,0
2024,12,7,2,0,0,0,0,23.6,96.02,0,0
2024,12,7,3,0,0,0,0,23.3,97.17,0,0
2024,12,7,4,0,0,0,0,23,98.29,0,1
2024,12,7,5,0,0,0,0,23.1,97.33,0,1
2024,12,7,6,0,57,584,195,24.6,87.75,0,0
2024,12,7,7,0,82,786,440,26.3,76.19,0,0
2024,12,7,8,0,97,884,673,27.700000000000003,67.76,0,1
2024,12,7,9,0,106,941,872,29,61.980000000000004,0,0
2024,12,7,10,0,114,968,1013,30.1,58.29,0,0
2024,12,7,11,0,118,981,1089,31.3,54.17,0,0
2024,12,7,12,0,118,977,1087,32.2,51.25,0,0
2024,12,7,13,0,506,317,802,32.7,50.02,0,2
2024,12,7,14,0,115,918,871,32.6,50.99,0,1
2024,12,7,15,0,102,863,675,32.1,53.46,0,0
2024,12,7,16,0,89,752,442,31.1,58.06,0,0
2024,12,7,17,0,64,543,201,29.700000000000003,65.09,0,0
2024,12,7,18,0,13,64,15,28,73.66,0,0
2024,12,7,19,0,0,0,0,27,79.60000000000001,0,0
2024,12,7,20,0,0,0,0,26.3,83.95,0,0
2024,12,7,21,0,0,0,0,25.900000000000002,86.22,0,0
2024,12,7,22,0,0,0,0,25.5,88.3,0,0
2024,12,7,23,0,0,0,0,25.200000000000003,89.84,0,0
2024,12,8,0,0,0,0,0,24.8,91.94,0,0
2024,12,8,1,0,0,0,0,24.6,93.07000000000001,0,0
2024,12,8,2,0,0,0,0,24.3,94.72,0,0
2024,12,8,3,0,0,0,0,24.200000000000003,95.08,0,0
2024,12,8,4,0,0,0,0,24,96.04,0,0
2024,12,8,5,0,0,0,0,24.200000000000003,94.67,0,1
2024,12,8,6,0,125,81,144,25.400000000000002,87.06,0,3
2024,12,8,7,0,81,761,427,27.200000000000003,76.15,0,1
2024,12,8,8,0,96,859,656,29,67.97,0,1
2024,12,8,9,0,108,912,849,30.8,60.81,0,1
2024,12,8,10,0,465,371,809,32.5,54.27,0,2
2024,12,8,11,0,241,689,923,33.7,50.17,0,8
2024,12,8,12,0,121,953,1066,34.300000000000004,48.84,0,1
2024,12,8,13,0,259,634,852,34.300000000000004,49.72,0,8
2024,12,8,14,0,118,899,859,33.7,52.14,0,1
2024,12,8,15,0,111,834,666,32.800000000000004,55.61,0,1
2024,12,8,16,0,97,719,436,31.6,60.46,0,1
2024,12,8,17,0,69,512,198,29.900000000000002,67.63,0,1
2024,12,8,18,0,4,0,4,28.200000000000003,74.82000000000001,0,3
2024,12,8,19,0,0,0,0,27.1,79.75,0,7
2024,12,8,20,0,0,0,0,26.400000000000002,83.31,0,3
2024,12,8,21,0,0,0,0,26.1,84.79,0,3
2024,12,8,22,0,0,0,0,25.8,86.19,0,1
2024,12,8,23,0,0,0,0,25.5,87.42,0,1
2024,12,9,0,0,0,0,0,25.200000000000003,88.66,0,3
2024,12,9,1,0,0,0,0,24.900000000000002,89.98,0,1
2024,12,9,2,0,0,0,0,24.700000000000003,91.01,0,1
2024,12,9,3,0,0,0,0,24.400000000000002,92.69,0,3
2024,12,9,4,0,0,0,0,24.3,93.23,0,1
2024,12,9,5,0,0,0,0,24.400000000000002,92.62,0,1
2024,12,9,6,0,64,508,182,25.6,85.11,0,0
2024,12,9,7,0,89,739,423,27.1,75.10000000000001,0,0
2024,12,9,8,0,366,115,440,28.5,67.44,0,3
2024,12,9,9,0,111,919,857,30,60.67,0,1
2024,12,9,10,0,515,192,693,31.200000000000003,55.13,0,2
2024,12,9,11,0,509,96,604,32.1,50.93,0,3
2024,12,9,12,0,126,963,1081,32.800000000000004,47.800000000000004,0,1
2024,12,9,13,0,125,945,1010,32.9,46.99,0,0
2024,12,9,14,0,121,908,871,32.6,48,0,0
2024,12,9,15,0,110,851,678,31.8,50.980000000000004,0,0
2024,12,9,16,0,95,743,446,30.700000000000003,55.79,0,0
2024,12,9,17,0,69,534,205,29.1,63.58,0,0
2024,12,9,18,0,15,57,17,27.400000000000002,73.41,0,1
2024,12,9,19,0,0,0,0,26.400000000000002,81.17,0,0
2024,12,9,20,0,0,0,0,25.8,85.81,0,0
2024,12,9,21,0,0,0,0,25.5,88.05,0,0
2024,12,9,22,0,0,0,0,25.3,89.43,0,0
2024,12,9,23,0,0,0,0,25.1,90.68,0,3
2024,12,10,0,0,0,0,0,25,90.95,0,3
2024,12,10,1,0,0,0,0,24.900000000000002,90.75,0,1
2024,12,10,2,0,0,0,0,24.8,90.73,0,3
2024,12,10,3,0,0,0,0,24.6,91.35000000000001,0,3
2024,12,10,4,0,0,0,0,24.5,91.33,0,3
2024,12,10,5,0,0,0,0,24.5,91.07000000000001,0,8
2024,12,10,6,0,116,182,159,25.5,84.67,0,7
2024,12,10,7,0,200,215,297,27,74.57000000000001,0,7
2024,12,10,8,0,221,476,530,28.5,66.47,0,8
2024,12,10,9,0,451,238,643,29.8,60.58,0,3
2024,12,10,10,0,128,932,992,30.8,56.050000000000004,0,1
2024,12,10,11,0,546,272,814,31.5,52.81,0,3
2024,12,10,12,0,449,327,773,32,50.660000000000004,0,8
2024,12,10,13,0,376,425,774,32,50.6,0,7
2024,12,10,14,0,298,516,724,31.700000000000003,51.85,0,7
2024,12,10,15,0,115,830,671,31,54.52,0,1
2024,12,10,16,0,101,717,441,29.900000000000002,58.71,0,0
2024,12,10,17,0,73,501,202,28.5,64.56,0,0
2024,12,10,18,0,8,0,8,27.1,71.01,0,8
2024,12,10,19,0,0,0,0,26.3,75.32000000000001,0,8
2024,12,10,20,0,0,0,0,26,76.81,0,8
2024,12,10,21,0,0,0,0,25.8,77.52,0,0
2024,12,10,22,0,0,0,0,25.6,78.01,0,0
2024,12,10,23,0,0,0,0,25.400000000000002,78.51,0,7
2024,12,11,0,0,0,0,0,25.3,78.63,0,7
2024,12,11,1,0,0,0,0,25.1,79.39,0,7
2024,12,11,2,0,0,0,0,24.900000000000002,80.06,0,7
2024,12,11,3,0,0,0,0,24.700000000000003,80.71000000000001,0,7
2024,12,11,4,0,0,0,0,24.400000000000002,82.26,0,6
2024,12,11,5,0,0,0,0,24.1,84.77,0,7
2024,12,11,6,0,7,0,7,24,86.61,0,5
2024,12,11,7,0,73,0,73,24.400000000000002,83.93,0,6
2024,12,11,8,0,83,0,83,24.900000000000002,80.32000000000001,0,6
2024,12,11,9,0,134,0,135,25.6,76.33,0,7
2024,12,11,10,0,450,53,499,26.200000000000003,73.18,0,7
2024,12,11,11,0,362,8,370,26.5,71.97,0,8
2024,12,11,12,0,350,7,357,26.6,72.01,0,7
2024,12,11,13,0,254,1,256,26.6,72.75,0,6
2024,12,11,14,0,133,0,133,26.6,73.38,0,8
2024,12,11,15,0,62,0,62,26.400000000000002,74.78,0,7
2024,12,11,16,0,171,14,177,25.8,78.31,0,7
2024,12,11,17,0,82,4,83,24.900000000000002,84.21000000000001,0,7
2024,12,11,18,0,12,5,12,24,91.41,0,6
2024,12,11,19,0,0,0,0,23.5,95.7,0,6
2024,12,11,20,0,0,0,0,23.400000000000002,96.9,0,8
2024,12,11,21,0,0,0,0,23.3,97.45,0,5
2024,12,11,22,0,0,0,0,23.1,97.85000000000001,0,8
2024,12,11,23,0,0,0,0,22.900000000000002,97.87,0,5
2024,12,12,0,0,0,0,0,22.8,97.63,0,3
2024,12,12,1,0,0,0,0,22.700000000000003,97.64,0,3
2024,12,12,2,0,0,0,0,22.700000000000003,96.79,0,3
2024,12,12,3,0,0,0,0,22.6,96.95,0,3
2024,12,12,4,0,0,0,0,22.6,96.53,0,1
2024,12,12,5,0,0,0,0,22.700000000000003,95.97,0,1
2024,12,12,6,0,103,5,105,23.400000000000002,92.44,0,2
2024,12,12,7,0,96,694,407,24.700000000000003,82.19,0,1
2024,12,12,8,0,359,110,430,25.8,74.38,0,2
2024,12,12,9,0,386,27,408,26.700000000000003,69.81,0,3
2024,12,12,10,0,385,3,388,27.3,67.04,0,3
2024,12,12,11,0,505,113,618,27.6,65.57000000000001,0,2
2024,12,12,12,0,246,0,247,27.5,65.44,0,3
2024,12,12,13,0,508,172,670,27.3,65.65,0,3
2024,12,12,14,0,459,204,627,27.1,65.65,0,3
2024,12,12,15,0,329,43,357,26.700000000000003,66.52,0,3
2024,12,12,16,0,252,213,354,26,69.07000000000001,0,3
2024,12,12,17,0,96,0,96,25.1,73.21000000000001,0,3
2024,12,12,18,0,12,0,12,24.200000000000003,78.58,0,3
2024,12,12,19,0,0,0,0,23.5,83.95,0,3
2024,12,12,20,0,0,0,0,23.1,87.93,0,3
2024,12,12,21,0,0,0,0,22.8,90.94,0,3
2024,12,12,22,0,0,0,0,22.6,92.76,0,4
2024,12,12,23,0,0,0,0,22.400000000000002,94.18,0,4
2024,12,13,0,0,0,0,0,22.400000000000002,94.42,0,4
2024,12,13,1,0,0,0,0,22.400000000000002,94.96000000000001,0,3
2024,12,13,2,0,0,0,0,22.400000000000002,95.77,0,3
2024,12,13,3,0,0,0,0,22.400000000000002,96.55,0,3
2024,12,13,4,0,0,0,0,22.5,96.69,0,8
2024,12,13,5,0,0,0,0,22.900000000000002,95.85000000000001,0,3
2024,12,13,6,0,41,1,41,24.1,92.26,0,7
2024,12,13,7,0,229,34,244,25.6,82.59,0,3
2024,12,13,8,0,318,60,357,27.3,72.08,0,3
2024,12,13,9,0,369,242,564,28.6,66.73,0,8
2024,12,13,10,0,441,23,462,29.6,63.27,0,3
2024,12,13,11,0,279,0,279,29.8,62.9,0,3
2024,12,13,12,0,391,2,394,29.8,63.410000000000004,0,3
2024,12,13,13,0,431,64,491,29.400000000000002,64.96000000000001,0,8
2024,12,13,14,0,467,179,616,28.6,68.03,0,3
2024,12,13,15,0,140,766,656,27.700000000000003,71.8,0,1
2024,12,13,16,0,213,264,339,27,75.22,0,7
2024,12,13,17,0,124,48,136,26.3,79.54,0,7
2024,12,13,18,0,17,98,21,25.5,85.18,0,8
2024,12,13,19,0,0,0,0,24.8,89.62,0,3
2024,12,13,20,0,0,0,0,24.5,91.36,0,7
2024,12,13,21,0,0,0,0,24.200000000000003,93.25,0,7
2024,12,13,22,0,0,0,0,24.200000000000003,93.76,0,7
2024,12,13,23,0,0,0,0,24,95.5,0,7
2024,12,14,0,0,0,0,0,23.8,96.83,0,7
2024,12,14,1,0,0,0,0,23.6,98.05,0,7
2024,12,14,2,0,0,0,0,23.400000000000002,99.09,0,7
2024,12,14,3,0,0,0,0,23.3,99.78,0,7
2024,12,14,4,0,0,0,0,23.3,99.88,0,3
2024,12,14,5,0,0,0,0,23.700000000000003,98.72,0,3
2024,12,14,6,0,34,0,34,24.400000000000002,96.7,0,4
2024,12,14,7,0,240,169,315,25.3,91.83,0,3
2024,12,14,8,0,114,806,632,26.5,82.22,0,1
2024,12,14,9,0,395,49,435,27.400000000000002,75.66,0,3
2024,12,14,10,0,374,3,376,28.400000000000002,69.66,0,3
2024,12,14,11,0,504,113,616,29.3,65.47,0,3
2024,12,14,12,0,455,185,639,29.8,63.51,0,7
2024,12,14,13,0,451,186,625,29.700000000000003,63.940000000000005,0,7
2024,12,14,14,0,371,61,422,29.200000000000003,66.22,0,8
2024,12,14,15,0,316,29,335,28.5,69.99,0,3
2024,12,14,16,0,109,684,438,27.700000000000003,75.10000000000001,0,1
2024,12,14,17,0,125,207,180,26.8,81.46000000000001,0,8
2024,12,14,18,0,17,71,20,26,87.29,0,7
2024,12,14,19,0,0,0,0,25.6,90.96000000000001,0,7
2024,12,14,20,0,0,0,0,25.3,93.35000000000001,0,7
2024,12,14,21,0,0,0,0,25,95.29,0,7
2024,12,14,22,0,0,0,0,24.8,96.24000000000001,0,7
2024,12,14,23,0,0,0,0,24.6,97.25,0,6
2024,12,15,0,0,0,0,0,24.5,97.66,0,7
2024,12,15,1,0,0,0,0,24.400000000000002,98.18,0,7
2024,12,15,2,0,0,0,0,24.3,98.56,0,7
2024,12,15,3,0,0,0,0,24.200000000000003,98.93,0,6
2024,12,15,4,0,0,0,0,24.200000000000003,98.75,0,6
2024,12,15,5,0,0,0,0,24.3,98.04,0,7
2024,12,15,6,0,70,6,72,24.700000000000003,96.24000000000001,0,7
2024,12,15,7,0,192,39,210,25.400000000000002,92.09,0,7
2024,12,15,8,0,265,328,475,26.3,84.9,0,7
2024,12,15,9,0,293,438,647,27.3,77.57000000000001,0,7
2024,12,15,10,0,443,114,548,28.1,73.09,0,7
2024,12,15,11,0,398,361,754,28.6,70.66,0,7
2024,12,15,12,0,496,135,631,28.900000000000002,69.49,0,8
2024,12,15,13,0,432,183,604,29,69.62,0,8
2024,12,15,14,0,468,191,627,28.900000000000002,70.84,0,3
2024,12,15,15,0,323,181,445,28.5,73.57000000000001,0,8
2024,12,15,16,0,235,185,325,27.900000000000002,77.38,0,8
2024,12,15,17,0,85,441,203,27.1,82.53,0,1
2024,12,15,18,0,9,0,9,26.400000000000002,86.29,0,5
2024,12,15,19,0,0,0,0,26,88.43,0,5
2024,12,15,20,0,0,0,0,25.8,89.47,0,5
2024,12,15,21,0,0,0,0,25.6,90.65,0,7
2024,12,15,22,0,0,0,0,25.400000000000002,91.96000000000001,0,7
2024,12,15,23,0,0,0,0,25.200000000000003,93.38,0,8
2024,12,16,0,0,0,0,0,25,95,0,5
2024,12,16,1,0,0,0,0,24.900000000000002,95.9,0,5
2024,12,16,2,0,0,0,0,24.8,96.62,0,5
2024,12,16,3,0,0,0,0,24.700000000000003,97.3,0,7
2024,12,16,4,0,0,0,0,24.700000000000003,97.33,0,7
2024,12,16,5,0,0,0,0,24.8,97.04,0,7
2024,12,16,6,0,87,9,89,25.200000000000003,95.22,0,7
2024,12,16,7,0,148,13,154,25.8,91.5,0,8
2024,12,16,8,0,284,323,491,26.6,86.72,0,7
2024,12,16,9,0,160,804,807,27.6,80.98,0,1
2024,12,16,10,0,299,544,801,28.700000000000003,75.60000000000001,0,7
2024,12,16,11,0,330,515,839,29.700000000000003,70.89,0,7
2024,12,16,12,0,440,36,476,30.400000000000002,68.17,0,8
2024,12,16,13,0,426,233,645,30.6,67.9,0,7
2024,12,16,14,0,284,555,747,30.400000000000002,69.35000000000001,0,7
2024,12,16,15,0,308,282,499,29.700000000000003,73.33,0,7
2024,12,16,16,0,215,38,233,28.700000000000003,79.79,0,7
2024,12,16,17,0,105,16,110,27.6,87.12,0,8
2024,12,16,18,0,11,0,11,26.700000000000003,92.71000000000001,0,6
2024,12,16,19,0,0,0,0,26.1,96.25,0,7
2024,12,16,20,0,0,0,0,25.8,97.93,0,4
2024,12,16,21,0,0,0,0,25.6,98.66,0,4
2024,12,16,22,0,0,0,0,25.5,98.58,0,5
2024,12,16,23,0,0,0,0,25.400000000000002,98.24000000000001,0,7
2024,12,17,0,0,0,0,0,25.3,98,0,6
2024,12,17,1,0,0,0,0,25.200000000000003,97.61,0,9
2024,12,17,2,0,0,0,0,25.1,96.94,0,6
2024,12,17,3,0,0,0,0,24.900000000000002,96.76,0,6
2024,12,17,4,0,0,0,0,24.8,97.08,0,7
2024,12,17,5,0,0,0,0,24.8,97.37,0,7
2024,12,17,6,0,4,0,4,25.200000000000003,95.65,0,7
2024,12,17,7,0,194,69,225,26,90.97,0,8
2024,12,17,8,0,315,100,380,27.3,82.16,0,7
2024,12,17,9,0,328,276,550,28.900000000000002,71.62,0,8
2024,12,17,10,0,303,500,764,30.5,62.52,0,8
2024,12,17,11,0,404,301,701,31.900000000000002,55.84,0,8
2024,12,17,12,0,498,101,598,32.9,52.13,0,5
2024,12,17,13,0,401,37,435,33.2,51.57,0,8
2024,12,17,14,0,268,543,720,33,53.08,0,7
2024,12,17,15,0,112,828,673,32,59.46,0,1
2024,12,17,16,0,95,730,450,30.200000000000003,71.17,0,1
2024,12,17,17,0,130,196,183,28.6,82.33,0,8
2024,12,17,18,0,14,0,14,27.5,90.38,0,6
2024,12,17,19,0,0,0,0,26.8,93.75,0,6
2024,12,17,20,0,0,0,0,26.400000000000002,95.35000000000001,0,6
2024,12,17,21,0,0,0,0,26.1,96.55,0,6
2024,12,17,22,0,0,0,0,25.900000000000002,96.91,0,9
2024,12,17,23,0,0,0,0,25.6,97.92,0,6
2024,12,18,0,0,0,0,0,25.400000000000002,97.86,0,6
2024,12,18,1,0,0,0,0,25.200000000000003,98.14,0,6
2024,12,18,2,0,0,0,0,25.1,97.87,0,7
2024,12,18,3,0,0,0,0,24.8,98.95,0,6
2024,12,18,4,0,0,0,0,24.700000000000003,98.08,0,7
2024,12,18,5,0,0,0,0,24.400000000000002,98.05,0,8
2024,12,18,6,0,114,39,123,24.400000000000002,96.03,0,8
2024,12,18,7,0,224,111,273,25.200000000000003,86.35000000000001,0,8
2024,12,18,8,0,276,145,369,26.700000000000003,75.16,0,8
2024,12,18,9,0,369,106,453,28,68.9,0,8
2024,12,18,10,0,352,2,354,28.5,66.89,0,5
2024,12,18,11,0,325,1,326,28.6,66.99,0,4
2024,12,18,12,0,479,22,501,28.8,66.53,0,5
2024,12,18,13,0,369,17,385,28.900000000000002,66.62,0,8
2024,12,18,14,0,392,141,510,28.700000000000003,68.19,0,8
2024,12,18,15,0,385,127,471,28.3,70.46000000000001,0,5
2024,12,18,16,0,117,673,446,27.6,73.92,0,1
2024,12,18,17,0,122,2,122,26.700000000000003,78.54,0,3
2024,12,18,18,0,6,0,6,25.700000000000003,84.84,0,7
2024,12,18,19,0,0,0,0,25.1,89.55,0,3
2024,12,18,20,0,0,0,0,24.700000000000003,92.97,0,3
2024,12,18,21,0,0,0,0,24.400000000000002,95.7,0,8
2024,12,18,22,0,0,0,0,24.3,96.72,0,7
2024,12,18,23,0,0,0,0,24.1,98.16,0,5
2024,12,19,0,0,0,0,0,24,98.74000000000001,0,1
2024,12,19,1,0,0,0,0,24,97.96000000000001,0,7
2024,12,19,2,0,0,0,0,23.900000000000002,97.9,0,0
2024,12,19,3,0,0,0,0,23.8,98.07000000000001,0,1
2024,12,19,4,0,0,0,0,23.8,97.79,0,0
2024,12,19,5,0,0,0,0,24.200000000000003,96.54,0,1
2024,12,19,6,0,59,493,166,25,95.41,0,1
2024,12,19,7,0,89,711,400,26.6,83.2,0,1
2024,12,19,8,0,336,72,382,28.200000000000003,72.98,0,3
2024,12,19,9,0,382,26,403,29.3,68.12,0,3
2024,12,19,10,0,132,910,970,30.200000000000003,63.910000000000004,0,1
2024,12,19,11,0,371,2,373,30.700000000000003,61.88,0,3
2024,12,19,12,0,366,1,367,31,61.09,0,3
2024,12,19,13,0,138,907,992,30.8,62.45,0,1
2024,12,19,14,0,161,0,161,30.200000000000003,65.51,0,3
2024,12,19,15,0,380,194,513,29.400000000000002,69.35000000000001,0,3
2024,12,19,16,0,105,707,452,28.6,73.05,0,1
2024,12,19,17,0,77,508,216,27.5,78.49,0,0
2024,12,19,18,0,21,1,21,26.6,83.63,0,7
2024,12,19,19,0,0,0,0,26,87.71000000000001,0,6
2024,12,19,20,0,0,0,0,25.6,90.44,0,7
2024,12,19,21,0,0,0,0,25.3,92.76,0,3
2024,12,19,22,0,0,0,0,25,94.92,0,3
2024,12,19,23,0,0,0,0,24.8,96.28,0,2
2024,12,20,0,0,0,0,0,24.6,97.35000000000001,0,0
2024,12,20,1,0,0,0,0,24.400000000000002,98.58,0,0
2024,12,20,2,0,0,0,0,24.3,99.14,0,0
2024,12,20,3,0,0,0,0,24.400000000000002,98.77,0,1
2024,12,20,4,0,0,0,0,24.400000000000002,98.96000000000001,0,3
2024,12,20,5,0,0,0,0,24.6,98.4,0,1
2024,12,20,6,0,118,55,130,25.5,94.18,0,3
2024,12,20,7,0,90,702,396,27,84.39,0,0
2024,12,20,8,0,115,802,624,28.3,76.16,0,1
2024,12,20,9,0,122,876,823,29.200000000000003,71.19,0,1
2024,12,20,10,0,467,91,551,30.1,66.41,0,3
2024,12,20,11,0,431,348,775,30.6,63.68,0,8
2024,12,20,12,0,551,256,806,30.700000000000003,62.910000000000004,0,3
2024,12,20,13,0,443,15,457,30.400000000000002,64.01,0,3
2024,12,20,14,0,471,221,656,30,65.76,0,2
2024,12,20,15,0,132,796,675,29.3,68.84,0,1
2024,12,20,16,0,112,690,452,28.5,72.68,0,0
2024,12,20,17,0,80,500,218,27.700000000000003,76.44,0,1
2024,12,20,18,0,22,91,27,26.900000000000002,79.88,0,7
2024,12,20,19,0,0,0,0,26.400000000000002,81.77,0,8
2024,12,20,20,0,0,0,0,26.1,82.58,0,7
2024,12,20,21,0,0,0,0,25.900000000000002,83.05,0,7
2024,12,20,22,0,0,0,0,25.8,83.48,0,7
2024,12,20,23,0,0,0,0,25.6,84.7,0,7
2024,12,21,0,0,0,0,0,25.5,85.48,0,7
2024,12,21,1,0,0,0,0,25.3,86.99,0,7
2024,12,21,2,0,0,0,0,25.200000000000003,87.85000000000001,0,8
2024,12,21,3,0,0,0,0,25,89.25,0,6
2024,12,21,4,0,0,0,0,25,89.65,0,7
2024,12,21,5,0,0,0,0,25.1,89.37,0,7
2024,12,21,6,0,89,8,91,25.8,85.79,0,7
2024,12,21,7,0,123,4,125,26.900000000000002,78.79,0,7
2024,12,21,8,0,279,241,432,28.1,71.23,0,7
2024,12,21,9,0,349,184,495,29.3,65.54,0,7
2024,12,21,10,0,390,41,428,30.3,61.26,0,8
2024,12,21,11,0,418,375,788,31.1,57.89,0,7
2024,12,21,12,0,451,39,490,31.6,56.050000000000004,0,8
2024,12,21,13,0,418,303,704,31.700000000000003,55.86,0,7
2024,12,21,14,0,152,839,855,31.400000000000002,57.230000000000004,0,1
2024,12,21,15,0,320,232,479,30.900000000000002,59.47,0,8
2024,12,21,16,0,237,113,293,30,63.57,0,7
2024,12,21,17,0,128,300,211,28.700000000000003,69.99,0,8
2024,12,21,18,0,23,1,23,27.5,75.61,0,7
2024,12,21,19,0,0,0,0,26.8,79.49,0,7
2024,12,21,20,0,0,0,0,26.400000000000002,81.87,0,7
2024,12,21,21,0,0,0,0,26.1,83.55,0,8
2024,12,21,22,0,0,0,0,25.900000000000002,84.46000000000001,0,4
2024,12,21,23,0,0,0,0,25.700000000000003,85.19,0,8
2024,12,22,0,0,0,0,0,25.400000000000002,86.60000000000001,0,7
2024,12,22,1,0,0,0,0,25.200000000000003,87.73,0,5
2024,12,22,2,0,0,0,0,25,88.84,0,4
2024,12,22,3,0,0,0,0,24.900000000000002,89.35000000000001,0,7
2024,12,22,4,0,0,0,0,24.8,89.59,0,8
2024,12,22,5,0,0,0,0,24.900000000000002,88.95,0,8
2024,12,22,6,0,75,6,76,25.400000000000002,86.42,0,8
2024,12,22,7,0,187,41,205,26.3,80.72,0,8
2024,12,22,8,0,214,522,544,27.400000000000002,73.3,0,8
2024,12,22,9,0,310,388,620,28.5,66.91,0,7
2024,12,22,10,0,399,364,734,29.700000000000003,61.36,0,7
2024,12,22,11,0,354,466,813,31.1,55.53,0,7
2024,12,22,12,0,288,606,890,32.2,51.34,0,7
2024,12,22,13,0,136,820,911,32.6,50.17,0,7
2024,12,22,14,0,153,841,858,32.300000000000004,51.57,0,0
2024,12,22,15,0,145,767,671,31.5,55.36,0,1
2024,12,22,16,0,225,291,369,30.400000000000002,61.34,0,8
2024,12,22,17,0,38,0,38,29.1,69.28,0,5
2024,12,22,18,0,24,1,24,27.700000000000003,77.60000000000001,0,3
2024,12,22,19,0,0,0,0,27,81.89,0,5
2024,12,22,20,0,0,0,0,26.6,84.57000000000001,0,8
2024,12,22,21,0,0,0,0,26.3,86.5,0,3
2024,12,22,22,0,0,0,0,26.1,87.67,0,5
2024,12,22,23,0,0,0,0,25.900000000000002,88.71000000000001,0,4
2024,12,23,0,0,0,0,0,25.700000000000003,89.82000000000001,0,7
2024,12,23,1,0,0,0,0,25.6,90.63,0,4
2024,12,23,2,0,0,0,0,25.400000000000002,91.83,0,7
2024,12,23,3,0,0,0,0,25.3,92.47,0,4
2024,12,23,4,0,0,0,0,25.1,93.68,0,5
2024,12,23,5,0,0,0,0,25.1,93.83,0,8
2024,12,23,6,0,67,5,68,25.700000000000003,90.26,0,7
2024,12,23,7,0,76,1,77,26.900000000000002,81.55,0,6
2024,12,23,8,0,237,19,249,28.3,73.22,0,6
2024,12,23,9,0,374,83,440,29.400000000000002,68.22,0,7
2024,12,23,10,0,428,257,663,30.3,64.5,0,7
2024,12,23,11,0,397,362,753,31,61.88,0,7
2024,12,23,12,0,534,186,719,31.3,60.89,0,3
2024,12,23,13,0,488,110,592,31.200000000000003,61.47,0,3
2024,12,23,14,0,337,19,353,30.6,64.41,0,6
2024,12,23,15,0,20,0,20,29.8,68.52,0,6
2024,12,23,16,0,128,3,129,28.700000000000003,74.86,0,6
2024,12,23,17,0,28,0,28,27.5,81.66,0,6
2024,12,23,18,0,25,1,25,26.3,89.64,0,7
2024,12,23,19,0,0,0,0,25.6,93.75,0,7
2024,12,23,20,0,0,0,0,25.200000000000003,95.95,0,9
2024,12,23,21,0,0,0,0,24.900000000000002,97.57000000000001,0,9
2024,12,23,22,0,0,0,0,24.700000000000003,98.51,0,6
2024,12,23,23,0,0,0,0,24.6,98.73,0,6
2024,12,24,0,0,0,0,0,24.5,98.21000000000001,0,6
2024,12,24,1,0,0,0,0,24.400000000000002,98.22,0,7
2024,12,24,2,0,0,0,0,24.3,98.92,0,7
2024,12,24,3,0,0,0,0,24.3,98.69,0,8
2024,12,24,4,0,0,0,0,24.3,98.44,0,3
2024,12,24,5,0,0,0,0,24.400000000000002,98.25,0,8
2024,12,24,6,0,108,54,119,24.700000000000003,97.33,0,8
2024,12,24,7,0,44,0,44,25.200000000000003,95.16,0,8
2024,12,24,8,0,167,5,171,25.8,89.87,0,8
2024,12,24,9,0,212,3,214,26.5,83.72,0,6
2024,12,24,10,0,101,0,101,27.3,78.4,0,7
2024,12,24,11,0,441,82,522,27.900000000000002,75.26,0,7
2024,12,24,12,0,44,0,44,28,74.78,0,3
2024,12,24,13,0,391,223,601,27.8,76.25,0,7
2024,12,24,14,0,289,10,297,27.3,79.15,0,8
2024,12,24,15,0,278,53,315,26.700000000000003,82.92,0,7
2024,12,24,16,0,231,62,262,26.1,87.28,0,7
2024,12,24,17,0,73,4,75,25.5,91.56,0,7
2024,12,24,18,0,23,1,23,24.900000000000002,95,0,7
2024,12,24,19,0,0,0,0,24.6,96.29,0,7
2024,12,24,20,0,0,0,0,24.400000000000002,97.23,0,7
2024,12,24,21,0,0,0,0,24.3,97.55,0,3
2024,12,24,22,0,0,0,0,24.1,98.32000000000001,0,3
2024,12,24,23,0,0,0,0,23.900000000000002,98.87,0,3
2024,12,25,0,0,0,0,0,23.700000000000003,99.53,0,3
2024,12,25,1,0,0,0,0,23.6,99.5,0,4
2024,12,25,2,0,0,0,0,23.6,99.15,0,4
2024,12,25,3,0,0,0,0,23.6,98.95,0,4
2024,12,25,4,0,0,0,0,23.6,98.85000000000001,0,3
2024,12,25,5,0,0,0,0,23.700000000000003,98.77,0,3
2024,12,25,6,0,38,0,38,24.3,97.12,0,4
2024,12,25,7,0,77,0,77,25.200000000000003,93.25,0,3
2024,12,25,8,0,210,1,210,26.400000000000002,84.26,0,3
2024,12,25,9,0,245,1,246,27.3,77.29,0,3
2024,12,25,10,0,334,1,335,28.1,72.58,0,4
2024,12,25,11,0,329,1,330,28.900000000000002,69.04,0,4
2024,12,25,12,0,343,6,349,29.400000000000002,67.11,0,8
2024,12,25,13,0,288,7,294,29.400000000000002,67.01,0,8
2024,12,25,14,0,353,3,355,29.3,66.54,0,4
2024,12,25,15,0,391,119,473,28.900000000000002,67.17,0,3
2024,12,25,16,0,286,117,345,28.200000000000003,69.93,0,3
2024,12,25,17,0,156,38,166,27.1,75.57000000000001,0,3
2024,12,25,18,0,25,111,32,26,81.58,0,3
2024,12,25,19,0,0,0,0,25.5,84.51,0,3
2024,12,25,20,0,0,0,0,25.1,86.77,0,8
2024,12,25,21,0,0,0,0,24.900000000000002,88.02,0,0
2024,12,25,22,0,0,0,0,24.6,89.51,0,1
2024,12,25,23,0,0,0,0,24.400000000000002,90.13,0,3
2024,12,26,0,0,0,0,0,24.200000000000003,90.72,0,3
2024,12,26,1,0,0,0,0,24.1,90.68,0,3
2024,12,26,2,0,0,0,0,24,90.73,0,4
2024,12,26,3,0,0,0,0,23.900000000000002,90.79,0,4
2024,12,26,4,0,0,0,0,23.8,91.09,0,4
2024,12,26,5,0,0,0,0,23.900000000000002,91.51,0,3
2024,12,26,6,0,91,4,92,25,87.72,0,3
2024,12,26,7,0,234,62,260,26.6,78.43,0,3
2024,12,26,8,0,342,218,479,27.8,69.93,0,3
2024,12,26,9,0,271,505,671,28.8,64.45,0,8
2024,12,26,10,0,134,912,968,29.6,60.95,0,1
2024,12,26,11,0,314,1,315,30.200000000000003,58.61,0,3
2024,12,26,12,0,280,1,281,30.5,57.43,0,3
2024,12,26,13,0,531,242,760,30.6,56.97,0,3
2024,12,26,14,0,136,887,884,30.3,57.980000000000004,0,1
2024,12,26,15,0,119,841,701,29.700000000000003,60.25,0,1
2024,12,26,16,0,107,732,475,28.700000000000003,64.4,0,1
2024,12,26,17,0,80,539,235,27.5,70.28,0,1
2024,12,26,18,0,26,127,34,26.400000000000002,75.82000000000001,0,1
2024,12,26,19,0,0,0,0,25.900000000000002,78.60000000000001,0,8
2024,12,26,20,0,0,0,0,25.5,81.02,0,7
2024,12,26,21,0,0,0,0,25.200000000000003,82.7,0,7
2024,12,26,22,0,0,0,0,25,83.84,0,7
2024,12,26,23,0,0,0,0,24.700000000000003,85.45,0,3
2024,12,27,0,0,0,0,0,24.5,86.77,0,1
2024,12,27,1,0,0,0,0,24.200000000000003,88.56,0,3
2024,12,27,2,0,0,0,0,24,89.83,0,3
2024,12,27,3,0,0,0,0,23.8,91.04,0,8
2024,12,27,4,0,0,0,0,23.700000000000003,91.4,0,3
2024,12,27,5,0,0,0,0,24,90.08,0,8
2024,12,27,6,0,19,0,19,24.900000000000002,85.76,0,7
2024,12,27,7,0,159,419,337,26.400000000000002,76.77,0,8
2024,12,27,8,0,218,484,521,27.8,68.58,0,8
2024,12,27,9,0,257,530,677,29.1,62.78,0,7
2024,12,27,10,0,267,657,868,30.1,59.01,0,8
2024,12,27,11,0,329,509,830,30.900000000000002,55.71,0,7
2024,12,27,12,0,242,707,945,31.3,54.2,0,7
2024,12,27,13,0,354,416,748,31.400000000000002,54.28,0,7
2024,12,27,14,0,350,350,645,31.200000000000003,55.5,0,7
2024,12,27,15,0,272,402,551,30.6,58.21,0,7
2024,12,27,16,0,156,606,461,29.6,62.7,0,7
2024,12,27,17,0,60,2,61,28.200000000000003,70.04,0,7
2024,12,27,18,0,27,2,27,26.8,78.02,0,7
2024,12,27,19,0,0,0,0,26.1,83.62,0,8
2024,12,27,20,0,0,0,0,25.700000000000003,87.18,0,8
2024,12,27,21,0,0,0,0,25.5,89.10000000000001,0,8
2024,12,27,22,0,0,0,0,25.3,90.45,0,1
2024,12,27,23,0,0,0,0,25.200000000000003,90.84,0,3
2024,12,28,0,0,0,0,0,25.1,91.02,0,1
2024,12,28,1,0,0,0,0,25,91.39,0,7
2024,12,28,2,0,0,0,0,24.8,92.44,0,3
2024,12,28,3,0,0,0,0,24.700000000000003,92.73,0,1
2024,12,28,4,0,0,0,0,24.6,92.91,0,3
2024,12,28,5,0,0,0,0,24.700000000000003,92.23,0,3
2024,12,28,6,0,51,510,154,25.6,86.57000000000001,0,0
2024,12,28,7,0,78,740,390,26.8,77.92,0,1
2024,12,28,8,0,329,248,484,28.1,70.27,0,2
2024,12,28,9,0,114,898,823,29.400000000000002,64.39,0,1
2024,12,28,10,0,121,934,975,30.5,59.77,0,1
2024,12,28,11,0,127,949,1061,31.200000000000003,56.49,0,1
2024,12,28,12,0,132,945,1073,31.5,54.980000000000004,0,1
2024,12,28,13,0,135,925,1012,31.3,55.51,0,1
2024,12,28,14,0,132,889,884,30.900000000000002,56.980000000000004,0,1
2024,12,28,15,0,284,394,558,30.3,59.26,0,8
2024,12,28,16,0,235,245,359,29.400000000000002,62.65,0,8
2024,12,28,17,0,134,68,154,28.200000000000003,67.89,0,7
2024,12,28,18,0,30,3,30,26.900000000000002,74.06,0,7
2024,12,28,19,0,0,0,0,26.200000000000003,78.25,0,7
2024,12,28,20,0,0,0,0,25.8,80.86,0,7
2024,12,28,21,0,0,0,0,25.5,82.71000000000001,0,7
2024,12,28,22,0,0,0,0,25.3,83.83,0,3
2024,12,28,23,0,0,0,0,25.200000000000003,84.38,0,1
2024,12,29,0,0,0,0,0,25,85.38,0,7
2024,12,29,1,0,0,0,0,24.900000000000002,85.96000000000001,0,8
2024,12,29,2,0,0,0,0,24.8,86.31,0,7
2024,12,29,3,0,0,0,0,24.700000000000003,86.55,0,3
2024,12,29,4,0,0,0,0,24.5,87.46000000000001,0,7
2024,12,29,5,0,0,0,0,24.6,87.04,0,7
2024,12,29,6,0,94,239,141,25.200000000000003,83.7,0,7
2024,12,29,7,0,180,288,301,26.1,77.66,0,8
2024,12,29,8,0,235,375,468,27,71.67,0,8
2024,12,29,9,0,232,565,677,28.1,65.81,0,7
2024,12,29,10,0,276,631,853,29.1,61.26,0,7
2024,12,29,11,0,346,487,825,30.1,57.19,0,7
2024,12,29,12,0,487,27,514,30.8,55.02,0,3
2024,12,29,13,0,368,2,370,31,54.38,0,5
2024,12,29,14,0,421,129,531,30.8,55.21,0,7
2024,12,29,15,0,116,1,117,30.400000000000002,56.910000000000004,0,6
2024,12,29,16,0,10,0,10,29.5,60.65,0,6
2024,12,29,17,0,6,0,6,28.3,66.9,0,7
2024,12,29,18,0,34,7,35,27,74.51,0,6
2024,12,29,19,0,0,0,0,26.400000000000002,79.67,0,6
2024,12,29,20,0,0,0,0,26,82.91,0,7
2024,12,29,21,0,0,0,0,25.700000000000003,85.28,0,7
2024,12,29,22,0,0,0,0,25.400000000000002,87.95,0,8
2024,12,29,23,0,0,0,0,24.900000000000002,92.19,0,7
2024,12,30,0,0,0,0,0,24.5,95.86,0,6
2024,12,30,1,0,0,0,0,24.3,97.82000000000001,0,7
2024,12,30,2,0,0,0,0,24.200000000000003,98.67,0,8
2024,12,30,3,0,0,0,0,24.1,99.14,0,4
2024,12,30,4,0,0,0,0,24.1,99.3,0,8
2024,12,30,5,0,0,0,0,24.200000000000003,98.93,0,4
2024,12,30,6,0,43,1,44,24.400000000000002,98.48,0,8
2024,12,30,7,0,189,16,195,24.8,96.8,0,5
2024,12,30,8,0,341,176,450,26,88.59,0,3
2024,12,30,9,0,410,110,496,27.900000000000002,76.25,0,3
2024,12,30,10,0,471,103,565,29.5,68.68,0,5
2024,12,30,11,0,430,32,461,30.5,64.11,0,8
2024,12,30,12,0,156,0,156,31.1,60.93,0,7
2024,12,30,13,0,44,0,44,31.3,59.620000000000005,0,6
2024,12,30,14,0,39,0,39,31.1,60.44,0,6
2024,12,30,15,0,121,1,121,30.5,63.46,0,6
2024,12,30,16,0,186,16,194,29.400000000000002,70.03,0,7
2024,12,30,17,0,5,0,5,28,79.59,0,6
2024,12,30,18,0,36,10,36,26.900000000000002,88.2,0,8
2024,12,30,19,0,0,0,0,26.3,92.11,0,8
2024,12,30,20,0,0,0,0,25.900000000000002,94.33,0,8
2024,12,30,21,0,0,0,0,25.6,96.09,0,3
2024,12,30,22,0,0,0,0,25.400000000000002,96.77,0,0
2024,12,30,23,0,0,0,0,25.3,96.72,0,0
2024,12,31,0,0,0,0,0,25.1,97.26,0,8
2024,12,31,1,0,0,0,0,24.900000000000002,97.15,0,1
2024,12,31,2,0,0,0,0,24.700000000000003,96.93,0,0
2024,12,31,3,0,0,0,0,24.5,97.37,0,7
2024,12,31,4,0,0,0,0,24.400000000000002,97.45,0,1
2024,12,31,5,0,0,0,0,24.5,97.16,0,8
2024,12,31,6,0,88,19,92,25.1,94.32000000000001,0,7
2024,12,31,7,0,212,118,261,26,87.85000000000001,0,7
2024,12,31,8,0,231,419,490,27.1,79.54,0,8
2024,12,31,9,0,346,283,569,28.200000000000003,73.32000000000001,0,7
2024,12,31,10,0,339,8,346,29.200000000000003,68.77,0,7
2024,12,31,11,0,453,257,705,29.900000000000002,64.78,0,7
2024,12,31,12,0,428,339,765,30.3,62.42,0,7
2024,12,31,13,0,330,6,336,30.200000000000003,62.86,0,6
2024,12,31,14,0,293,5,297,29.6,66.7,0,7
2024,12,31,15,0,247,10,254,28.700000000000003,72.86,0,6
2024,12,31,16,0,49,0,49,27.900000000000002,78.27,0,6
2024,12,31,17,0,5,0,5,27,84.33,0,6
2024,12,31,18,0,28,101,36,25.900000000000002,91.44,0,7
2024,12,31,19,0,0,0,0,25.400000000000002,94.92,0,7
2024,12,31,20,0,0,0,0,25,97.82000000000001,0,8
2024,12,31,21,0,0,0,0,24.700000000000003,89.13,0,3
2024,12,31,22,0,0,0,0,24.6,90.03,0,3
2024,12,31,23,0,0,0,0,24.5,91.09,0,3
