Parâmetro do ponto de medição,,,,,,,,,,
Horário,SG5K-D_001_001/Potência CC total(kW),SG5K-D_001_001/Potência ativa total(kW),SG5K-D_001_001/MPPT1(A),SG5K-D_001_001/MPPT2(A),SG5K-D_001_001/MPPT1(V),SG5K-D_001_001/MPPT2(V),SG5K-D_001_001/Corrente da fase A(A),SG5K-D_001_001/Tensão da Fase A(V),SG5K-D_001_001/Geração de energia ao longo do dia(kWh),SG5K-D_001_001/Geração de energia total(kWh)
2022-10-01 00:00,--,--,--,--,--,--,--,--,0,"5.114,8"
2022-10-01 00:15,--,--,--,--,--,--,--,--,0,"5.114,8"
2022-10-01 00:30,--,--,--,--,--,--,--,--,0,"5.114,8"
2022-10-01 00:45,--,--,--,--,--,--,--,--,0,"5.114,8"
2022-10-01 01:00,--,--,--,--,--,--,--,--,0,"5.114,8"
2022-10-01 01:15,--,--,--,--,--,--,--,--,0,"5.114,8"
2022-10-01 01:30,--,--,--,--,--,--,--,--,0,"5.114,8"
2022-10-01 01:45,--,--,--,--,--,--,--,--,0,"5.114,8"
2022-10-01 02:00,--,--,--,--,--,--,--,--,0,"5.114,8"
2022-10-01 02:15,--,--,--,--,--,--,--,--,0,"5.114,8"
2022-10-01 02:30,--,--,--,--,--,--,--,--,0,"5.114,8"
2022-10-01 02:45,--,--,--,--,--,--,--,--,0,"5.114,8"
2022-10-01 03:00,--,--,--,--,--,--,--,--,0,"5.114,8"
2022-10-01 03:15,--,--,--,--,--,--,--,--,0,"5.114,8"
2022-10-01 03:30,--,--,--,--,--,--,--,--,0,"5.114,8"
2022-10-01 03:45,--,--,--,--,--,--,--,--,0,"5.114,8"
2022-10-01 04:00,--,--,--,--,--,--,--,--,0,"5.114,8"
2022-10-01 04:15,--,--,--,--,--,--,--,--,0,"5.114,8"
2022-10-01 04:30,--,--,--,--,--,--,--,--,0,"5.114,8"
2022-10-01 04:45,--,--,--,--,--,--,--,--,0,"5.114,8"
2022-10-01 05:00,--,--,--,--,--,--,--,--,0,"5.114,8"
2022-10-01 05:15,--,--,--,--,--,--,--,--,0,"5.114,8"
2022-10-01 05:30,0,0,0,0,"223,7","223,9",0,"224,3",0,"5.114,8"
2022-10-01 05:45,"0,087","0,046","0,1","0,2","210,4","197,4","0,5","222,4",0,"5.114,8"
2022-10-01 06:00,"0,193","0,193","0,4","0,4","214,4","214,4","0,8","222,7",0,"5.114,8"
2022-10-01 06:15,"0,325","0,325","0,7","0,7","222,9","224,9","1,4","220,8",0,"5.114,8"
2022-10-01 06:30,"0,524","0,519",1,"1,1","228,8","244,4","2,3","222,9","0,1","5.114,9"
2022-10-01 06:45,"0,409","0,406","0,8","0,9","225,2","222,4","1,8","222,2","0,2",5.115
2022-10-01 07:00,"0,909","0,875",2,2,"223,9","225,8",4,"223,4","0,4","5.115,2"
2022-10-01 07:15,"1,839","1,66","4,1",4,"225,4","224,4","7,9",224,"0,7","5.115,5"
2022-10-01 07:30,"2,175","2,095","4,9","4,9","220,4","219,5","9,2","227,3","1,2",5.116
2022-10-01 07:45,"0,878","0,855",2,2,"217,9","216,3","3,8","224,6","1,6","5.116,4"
2022-10-01 08:00,"2,82","2,82","6,4","6,3","221,4","219,3","11,8",227,2,"5.116,8"
2022-10-01 08:15,"3,048","2,925","7,2",7,"213,4","212,4","12,9","227,2","2,8","5.117,6"
2022-10-01 08:30,"3,2","3,062","7,6","7,5","211,9","208,3","13,5",228,"3,5","5.118,3"
2022-10-01 08:45,"1,711","1,573","4,2","3,9","212,3","208,4","7,2","226,5","4,2",5.119
2022-10-01 09:00,"2,877","2,877","6,8","6,5","213,9","213,4","11,3","227,8","4,9","5.119,7"
2022-10-01 09:15,"1,565","1,442","3,6","3,5","218,9","216,2","6,6","225,6","5,4","5.120,2"
2022-10-01 09:30,"4,093","3,762",10,"9,7","207,5","205,9",17,"230,8","6,2",5.121
2022-10-01 09:45,"3,66","3,507","8,8","8,7","209,3","206,8","15,3","229,7","7,1","5.121,9"
2022-10-01 10:00,"4,078","3,521","9,8","9,8","208,4","204,9","16,9","230,4","7,9","5.122,7"
2022-10-01 10:15,"4,098","3,898","10,2",10,"203,4","201,9",17,"230,8","8,9","5.123,7"
2022-10-01 10:30,"4,171","4,09","10,5","10,2","201,4","199,9","17,3","230,7","9,8","5.124,6"
2022-10-01 10:45,"3,079","3,079","7,6","7,5","202,8","201,8","12,7","228,4","10,7","5.125,5"
2022-10-01 11:00,"4,427","4,272","11,2","11,1","199,4","195,4","18,2","231,6","11,7","5.126,5"
2022-10-01 11:15,"2,79","2,79","6,8","6,8","203,6","201,1",11,"229,7","12,6","5.127,4"
2022-10-01 11:30,"2,011","1,926","4,7","4,7","214,3","210,3","8,5","227,4","13,1","5.127,9"
2022-10-01 11:45,"1,908","1,831","4,4","4,3","217,9","216,8","8,1","227,2","13,6","5.128,4"
2022-10-01 12:00,"2,166","2,086","4,9",5,"221,1","213,5","9,2","227,6","14,1","5.128,9"
2022-10-01 12:15,"1,797","1,73","4,1","4,1",219,"215,2","7,6","226,7","14,6","5.129,4"
2022-10-01 12:30,"1,7","1,659","3,8","3,8","225,2","219,3","7,2",226,15,"5.129,8"
2022-10-01 12:45,"1,269","1,214","2,8","2,8","223,1","219,3","5,4","225,9","15,3","5.130,1"
2022-10-01 13:00,"1,448","1,404","3,2","3,2","223,6","219,3","6,2","225,5","15,7","5.130,5"
2022-10-01 13:15,"2,44","2,379","5,5","5,5",223,"216,7","10,3",228,"16,2",5.131
2022-10-01 13:30,"3,567","3,312","8,3","8,6","212,2","206,1",15,"230,2",17,"5.131,8"
2022-10-01 13:45,"3,301","3,298","7,6","7,3","220,7","219,3","13,8","229,7","17,5","5.132,3"
2022-10-01 14:00,"1,141","1,113","2,6","2,6","217,4","215,3","4,9",226,"18,1","5.132,9"
2022-10-01 14:15,"1,613","1,571","3,6","3,6","223,1",216,"6,8","226,8","18,4","5.133,2"
2022-10-01 14:30,"3,495","3,355","7,9","7,8","222,1","218,8","14,7",229,"18,8","5.133,6"
2022-10-01 14:45,"1,293","1,219","2,9","2,9","224,5","218,8","5,5","225,8","19,2",5.134
2022-10-01 15:00,"0,902","0,877",2,2,"222,6","219,8","3,9","224,8","19,4","5.134,2"
2022-10-01 15:15,"1,055","1,001","2,3","2,3","222,5","221,2","4,5","225,2","19,7","5.134,5"
2022-10-01 15:30,"2,219","2,157","4,9","4,9","224,1","222,5","9,4","226,8",20,"5.134,8"
2022-10-01 15:45,"1,109","0,879","2,5","2,5","219,7","216,9","4,9","224,4","20,4","5.135,2"
2022-10-01 16:00,"1,256","1,228","2,8","2,7","223,6","222,2","5,4","224,6","20,7","5.135,5"
2022-10-01 16:15,"0,772","0,772","1,7","1,7","221,6","221,8","3,3","222,8",21,"5.135,8"
2022-10-01 16:30,"0,602","0,596","1,3","1,2","234,7","232,8","2,6","222,8","21,1","5.135,9"
2022-10-01 16:45,"0,211","0,211","0,4","0,4","215,3","215,3","0,9","222,2","21,2",5.136
2022-10-01 17:00,"0,234","0,234","0,5","0,5","223,1","215,8",1,"221,5","21,2",5.136
2022-10-01 17:15,"0,186","0,186","0,4","0,4","214,6","213,8","0,8","223,8","21,2",5.136
2022-10-01 17:30,"0,085","0,085","0,2","0,2","204,1","206,3","0,3","223,2","21,3","5.136,1"
2022-10-01 17:45,"0,048","0,048","0,1","0,1","194,2","193,3","0,2","220,6","21,3","5.136,1"
2022-10-01 18:00,"0,047","0,047","0,2","0,2","90,9","88,7","0,2","220,2","21,3","5.136,1"
2022-10-01 18:15,"0,047","0,047","0,2","0,2","90,9","88,7","0,2","220,2","21,3","5.136,1"
2022-10-01 18:30,--,--,--,--,--,--,--,--,"21,3","5.136,1"
2022-10-01 18:45,--,--,--,--,--,--,--,--,"21,3","5.136,1"
2022-10-01 19:00,--,--,--,--,--,--,--,--,"21,3","5.136,1"
2022-10-01 19:15,--,--,--,--,--,--,--,--,"21,3","5.136,1"
2022-10-01 19:30,--,--,--,--,--,--,--,--,"21,3","5.136,1"
2022-10-01 19:45,--,--,--,--,--,--,--,--,"21,3","5.136,1"
2022-10-01 20:00,--,--,--,--,--,--,--,--,"21,3","5.136,1"
2022-10-01 20:15,--,--,--,--,--,--,--,--,"21,3","5.136,1"
2022-10-01 20:30,--,--,--,--,--,--,--,--,"21,3","5.136,1"
2022-10-01 20:45,--,--,--,--,--,--,--,--,"21,3","5.136,1"
2022-10-01 21:00,--,--,--,--,--,--,--,--,"21,3","5.136,1"
2022-10-01 21:15,--,--,--,--,--,--,--,--,"21,3","5.136,1"
2022-10-01 21:30,--,--,--,--,--,--,--,--,"21,3","5.136,1"
2022-10-01 21:45,--,--,--,--,--,--,--,--,"21,3","5.136,1"
2022-10-01 22:00,--,--,--,--,--,--,--,--,"21,3","5.136,1"
2022-10-01 22:15,--,--,--,--,--,--,--,--,"21,3","5.136,1"
2022-10-01 22:30,--,--,--,--,--,--,--,--,"21,3","5.136,1"
2022-10-01 22:45,--,--,--,--,--,--,--,--,"21,3","5.136,1"
2022-10-01 23:00,--,--,--,--,--,--,--,--,"21,3","5.136,1"
2022-10-01 23:15,--,--,--,--,--,--,--,--,"21,3","5.136,1"
2022-10-01 23:30,--,--,--,--,--,--,--,--,"21,3","5.136,1"
2022-10-01 23:45,--,--,--,--,--,--,--,--,"21,3","5.136,1"
2022-10-02 00:00,--,--,--,--,--,--,--,--,0,"5.136,1"
2022-10-02 00:15,--,--,--,--,--,--,--,--,0,"5.136,1"
2022-10-02 00:30,--,--,--,--,--,--,--,--,0,"5.136,1"
2022-10-02 00:45,--,--,--,--,--,--,--,--,0,"5.136,1"
2022-10-02 01:00,--,--,--,--,--,--,--,--,0,"5.136,1"
2022-10-02 01:15,--,--,--,--,--,--,--,--,0,"5.136,1"
2022-10-02 01:30,--,--,--,--,--,--,--,--,0,"5.136,1"
2022-10-02 01:45,--,--,--,--,--,--,--,--,0,"5.136,1"
2022-10-02 02:00,--,--,--,--,--,--,--,--,0,"5.136,1"
2022-10-02 02:15,--,--,--,--,--,--,--,--,0,"5.136,1"
2022-10-02 02:30,--,--,--,--,--,--,--,--,0,"5.136,1"
2022-10-02 02:45,--,--,--,--,--,--,--,--,0,"5.136,1"
2022-10-02 03:00,--,--,--,--,--,--,--,--,0,"5.136,1"
2022-10-02 03:15,--,--,--,--,--,--,--,--,0,"5.136,1"
2022-10-02 03:30,--,--,--,--,--,--,--,--,0,"5.136,1"
2022-10-02 03:45,--,--,--,--,--,--,--,--,0,"5.136,1"
2022-10-02 04:00,--,--,--,--,--,--,--,--,0,"5.136,1"
2022-10-02 04:15,--,--,--,--,--,--,--,--,0,"5.136,1"
2022-10-02 04:30,--,--,--,--,--,--,--,--,0,"5.136,1"
2022-10-02 04:45,--,--,--,--,--,--,--,--,0,"5.136,1"
2022-10-02 05:00,--,--,--,--,--,--,--,--,0,"5.136,1"
2022-10-02 05:15,--,--,--,--,--,--,--,--,0,"5.136,1"
2022-10-02 05:30,0,0,0,0,"222,8","222,8",0,"224,3",0,"5.136,1"
2022-10-02 05:45,"0,118","0,118","0,2","0,2","209,6","210,9","0,5","223,2",0,"5.136,1"
2022-10-02 06:00,"0,178","0,178","0,4","0,4","216,1","214,9","0,8","223,1",0,"5.136,1"
2022-10-02 06:15,"0,255","0,255","0,5","0,5","224,1","224,4","1,1","221,7",0,"5.136,1"
2022-10-02 06:30,"0,331","0,331","0,6","0,7","230,1","242,9","1,5","222,5","0,1","5.136,2"
2022-10-02 06:45,"0,64","0,629","0,8","1,8","244,6",237,"2,8","222,8","0,2","5.136,3"
2022-10-02 07:00,"0,868","0,844","0,9","2,7","253,6","226,4","3,7","223,6","0,4","5.136,5"
2022-10-02 07:15,"1,509","1,459","3,3","3,3",225,"222,8","6,5","223,8","0,7","5.136,8"
2022-10-02 07:30,"1,806","1,743",4,4,"222,3","221,4","7,7","226,4","1,1","5.137,2"
2022-10-02 07:45,"2,078","2,014","4,7","4,7","221,1","219,1","8,8",227,"1,5","5.137,6"
2022-10-02 08:00,"2,47","2,382","5,6","5,6","218,1","216,1","10,5",228,"2,1","5.138,2"
2022-10-02 08:15,"2,795","2,693","6,5","6,4","214,7","213,9","11,8","228,6","2,7","5.138,8"
2022-10-02 08:30,"3,17","3,04","7,4","7,3","214,7","213,4","13,3","228,8","3,3","5.139,4"
2022-10-02 08:45,"3,173","3,062","7,3","7,2","217,6","216,9","13,3",229,"3,9",5.140
2022-10-02 09:00,"3,353","3,221","7,6","7,9","217,5","210,4",14,"229,5","4,7","5.140,8"
2022-10-02 09:15,"1,392","1,392","3,2","3,2","218,1","211,1","5,5","225,2","5,2","5.141,3"
2022-10-02 09:30,"3,672","3,657","8,4","8,3","221,1","216,7","15,5","229,6","5,8","5.141,9"
2022-10-02 09:45,"3,7","3,602","8,7","8,8","215,1","207,5","15,4","229,4","6,6","5.142,7"
2022-10-02 10:00,"3,954","3,805","9,5","9,3","209,1","208,5","16,5","229,6","7,3","5.143,4"
2022-10-02 10:15,"3,931","3,789","9,5","9,3","207,5","206,8","16,4","230,4","8,3","5.144,4"
2022-10-02 10:30,"4,012","3,843","9,7","9,6","207,1","205,4","16,7","230,5","9,2","5.145,3"
2022-10-02 10:45,"4,656","4,471","11,4","11,3","204,6","202,4","19,1","232,6","10,1","5.146,2"
2022-10-02 11:00,"3,88","3,88","8,9","9,1","215,6","212,3","10,4","227,6","10,9",5.147
2022-10-02 11:15,"2,759","2,21","6,6","6,6",207,"206,1","11,7","228,4","11,6","5.147,7"
2022-10-02 11:30,"3,744","3,015","8,9","8,7","213,6","209,7","16,2","230,2","12,2","5.148,3"
2022-10-02 11:45,"4,958","3,643",12,"11,7","208,5","207,6","20,4",232,"13,2","5.149,3"
2022-10-02 12:00,"1,546","1,507","3,7","3,6","210,6","206,7","6,5","226,6","13,9",5.150
2022-10-02 12:15,"5,043","4,804","11,9","11,9","213,6",210,"20,8","232,6","14,3","5.150,4"
2022-10-02 12:30,"1,448","1,403","3,4","3,4","213,6","209,4","6,1",226,"14,9",5.151
2022-10-02 12:45,"4,861","4,67","11,6","11,3","211,6",211,20,"231,9","15,3","5.151,4"
2022-10-02 13:00,"1,361","1,3","3,1","3,1",215,211,"5,8","225,6","15,9",5.152
2022-10-02 13:15,"1,316","1,273","2,9","2,9","224,5","218,2","5,6","225,6","16,2","5.152,3"
2022-10-02 13:30,"1,257","1,2","2,8","2,8","221,1","218,9","5,4","224,7","16,5","5.152,6"
2022-10-02 13:45,"1,093","1,072","2,5","2,5","218,2",212,"4,7","224,8",17,"5.153,1"
2022-10-02 14:00,"0,957","0,925","2,2","2,2","213,6","210,9","4,1","223,7","17,5","5.153,6"
2022-10-02 14:15,"3,087","2,961","7,2","7,1","216,1","214,5",13,228,18,"5.154,1"
2022-10-02 14:30,"2,782","2,67","6,4","6,3","217,5",217,"11,7","227,4","18,5","5.154,6"
2022-10-02 14:45,"2,583","2,49","5,8","5,9","221,1","216,5",11,"226,8","19,1","5.155,2"
2022-10-02 15:00,"2,356","2,271","5,4","5,3","219,3","216,5",10,226,"19,7","5.155,8"
2022-10-02 15:15,"2,083","2,018","4,7","4,6","220,1","221,5","8,9","225,4","20,2","5.156,3"
2022-10-02 15:30,"1,825","1,765",4,"4,1","224,4","219,5","7,8",225,"20,7","5.156,8"
2022-10-02 15:45,"1,544","1,495","3,5","3,5","221,5","218,3","6,6","224,4","21,1","5.157,2"
2022-10-02 16:00,"1,255","1,215","2,8","2,7","225,1",223,"5,4","223,4","21,4","5.157,5"
2022-10-02 16:15,"0,931","0,91","2,2","1,8","225,1",234,4,"222,6","21,7","5.157,8"
2022-10-02 16:30,"0,503","0,49","0,9","1,1","241,1","235,3","2,2","222,4","21,9",5.158
2022-10-02 16:45,"0,367","0,367","0,9","0,6","225,9","237,5","1,6","221,4","21,9",5.158
2022-10-02 17:00,"0,211","0,211","0,5","0,4","221,6",220,"0,9","221,8",22,"5.158,1"
2022-10-02 17:15,"0,115","0,115","0,2","0,2","199,6","202,5","0,5","223,7",22,"5.158,1"
2022-10-02 17:30,"0,069","0,069","0,1","0,1","198,6",196,"0,2","222,6",22,"5.158,1"
2022-10-02 17:45,"0,047","0,047","0,1","0,1","194,1","194,7","0,2","221,6",22,"5.158,1"
2022-10-02 18:00,"0,046","0,046","0,1","0,1","123,5","121,3","0,2","219,6",22,"5.158,1"
2022-10-02 18:15,"0,046","0,046","0,1","0,1","123,5","121,3","0,2","219,6",22,"5.158,1"
2022-10-02 18:30,--,--,--,--,--,--,--,--,22,"5.158,1"
2022-10-02 18:45,--,--,--,--,--,--,--,--,22,"5.158,1"
2022-10-02 19:00,--,--,--,--,--,--,--,--,22,"5.158,1"
2022-10-02 19:15,--,--,--,--,--,--,--,--,22,"5.158,1"
2022-10-02 19:30,--,--,--,--,--,--,--,--,22,"5.158,1"
2022-10-02 19:45,--,--,--,--,--,--,--,--,22,"5.158,1"
2022-10-02 20:00,--,--,--,--,--,--,--,--,22,"5.158,1"
2022-10-02 20:15,--,--,--,--,--,--,--,--,22,"5.158,1"
2022-10-02 20:30,--,--,--,--,--,--,--,--,22,"5.158,1"
2022-10-02 20:45,--,--,--,--,--,--,--,--,22,"5.158,1"
2022-10-02 21:00,--,--,--,--,--,--,--,--,22,"5.158,1"
2022-10-02 21:15,--,--,--,--,--,--,--,--,22,"5.158,1"
2022-10-02 21:30,--,--,--,--,--,--,--,--,22,"5.158,1"
2022-10-02 21:45,--,--,--,--,--,--,--,--,22,"5.158,1"
2022-10-02 22:00,--,--,--,--,--,--,--,--,22,"5.158,1"
2022-10-02 22:15,--,--,--,--,--,--,--,--,22,"5.158,1"
2022-10-02 22:30,--,--,--,--,--,--,--,--,22,"5.158,1"
2022-10-02 22:45,--,--,--,--,--,--,--,--,22,"5.158,1"
2022-10-02 23:00,--,--,--,--,--,--,--,--,22,"5.158,1"
2022-10-02 23:15,--,--,--,--,--,--,--,--,22,"5.158,1"
2022-10-02 23:30,--,--,--,--,--,--,--,--,22,"5.158,1"
2022-10-02 23:45,--,--,--,--,--,--,--,--,22,"5.158,1"
2022-10-03 00:00,--,--,--,--,--,--,--,--,0,"5.158,1"
2022-10-03 00:15,--,--,--,--,--,--,--,--,0,"5.158,1"
2022-10-03 00:30,--,--,--,--,--,--,--,--,0,"5.158,1"
2022-10-03 00:45,--,--,--,--,--,--,--,--,0,"5.158,1"
2022-10-03 01:00,--,--,--,--,--,--,--,--,0,"5.158,1"
2022-10-03 01:15,--,--,--,--,--,--,--,--,0,"5.158,1"
2022-10-03 01:30,--,--,--,--,--,--,--,--,0,"5.158,1"
2022-10-03 01:45,--,--,--,--,--,--,--,--,0,"5.158,1"
2022-10-03 02:00,--,--,--,--,--,--,--,--,0,"5.158,1"
2022-10-03 02:15,--,--,--,--,--,--,--,--,0,"5.158,1"
2022-10-03 02:30,--,--,--,--,--,--,--,--,0,"5.158,1"
2022-10-03 02:45,--,--,--,--,--,--,--,--,0,"5.158,1"
2022-10-03 03:00,--,--,--,--,--,--,--,--,0,"5.158,1"
2022-10-03 03:15,--,--,--,--,--,--,--,--,0,"5.158,1"
2022-10-03 03:30,--,--,--,--,--,--,--,--,0,"5.158,1"
2022-10-03 03:45,--,--,--,--,--,--,--,--,0,"5.158,1"
2022-10-03 04:00,--,--,--,--,--,--,--,--,0,"5.158,1"
2022-10-03 04:15,--,--,--,--,--,--,--,--,0,"5.158,1"
2022-10-03 04:30,--,--,--,--,--,--,--,--,0,"5.158,1"
2022-10-03 04:45,--,--,--,--,--,--,--,--,0,"5.158,1"
2022-10-03 05:00,--,--,--,--,--,--,--,--,0,"5.158,1"
2022-10-03 05:15,0,0,0,0,"200,8",201,0,"222,9",0,"5.158,1"
2022-10-03 05:30,0,0,0,0,"216,2","216,4",0,224,0,"5.158,1"
2022-10-03 05:45,0,0,0,0,"214,8",215,0,"224,6",0,"5.158,1"
2022-10-03 06:00,0,0,0,0,"229,2","229,4",0,"223,4",0,"5.158,1"
2022-10-03 06:15,"0,168","0,168","0,3","0,3","212,9","210,1","0,7","224,8",0,"5.158,1"
2022-10-03 06:30,"0,387","0,387","0,8","0,8","218,9","220,6","1,7","225,8",0,"5.158,1"
2022-10-03 06:45,"0,139","0,139","0,3","0,3","207,4","205,1","0,6","224,4","0,1","5.158,2"
2022-10-03 07:00,"0,313","0,313","0,7","0,7","215,9","216,6","1,4","222,8","0,1","5.158,2"
2022-10-03 07:15,"0,4","0,396","0,9","0,9","219,4","217,6","1,8",221,"0,2","5.158,3"
2022-10-03 07:30,"0,736","0,719","1,6","1,6","222,7","223,6","3,2","220,2","0,3","5.158,4"
2022-10-03 07:45,"0,534","0,53","1,2","1,1","220,4","220,6","2,4",218,"0,5","5.158,6"
2022-10-03 08:00,"0,745","0,731","1,6","1,6","223,4","220,2","3,3","222,5","0,6","5.158,7"
2022-10-03 08:15,"0,643","0,608","1,4","1,4","220,5","221,1","2,8","223,6","0,7","5.158,8"
2022-10-03 08:30,"3,991","3,517","8,9","8,8","225,9","224,1","16,8","228,8",1,"5.159,1"
2022-10-03 08:45,"3,284","2,79","7,6","7,8","212,6","213,4",14,"226,6","1,7","5.159,8"
2022-10-03 09:00,"2,462","2,35","5,8","5,7","214,8",211,"10,5",225,"2,4","5.160,5"
2022-10-03 09:15,"1,806","1,747","4,2","4,2","215,1","211,2","7,7","224,4","3,1","5.161,2"
2022-10-03 09:30,"1,149","1,1","2,6","2,6","218,9",215,5,"222,4","3,4","5.161,5"
2022-10-03 09:45,"2,497","2,375","5,6","5,6","221,5","218,9","10,8",224,"3,8","5.161,9"
2022-10-03 10:00,"2,437","2,382","5,7","5,6",215,212,"10,5","222,8","4,5","5.162,6"
2022-10-03 10:15,"1,291","1,247","2,9","2,9","218,8","214,5","5,6","222,2","4,9",5.163
2022-10-03 10:30,"1,492","1,436","3,4","3,3",221,"216,7","6,5","221,6","5,3","5.163,4"
2022-10-03 10:45,"1,289","1,278","2,9","2,9","220,4","217,5","5,6","221,2","5,6","5.163,7"
2022-10-03 11:00,"1,121","1,093","2,5","2,5","220,6","218,2","4,8",224,"5,9",5.164
2022-10-03 11:15,"2,083","2,014","4,7","4,6","222,7",219,"9,1","221,8","6,3","5.164,4"
2022-10-03 11:30,"1,848","1,761","4,2","4,2","218,1",217,8,"222,4","6,8","5.164,9"
2022-10-03 11:45,"1,699","1,656","3,9","3,9","218,4","214,5","7,3","223,4","7,3","5.165,4"
2022-10-03 12:00,"1,895","1,794","4,4","4,4","214,8","212,5","8,1","224,8","7,8","5.165,9"
2022-10-03 12:15,"1,638","1,568","3,8","3,6","215,9","218,5","7,1","222,6","8,2","5.166,3"
2022-10-03 12:30,"2,151","2,151","4,9","4,9","217,6",217,"8,7","222,1","8,7","5.166,8"
2022-10-03 12:45,"2,085","2,004","4,7","4,8","218,5","213,9",9,"222,9","9,2","5.167,3"
2022-10-03 13:00,"2,198","2,143","5,1",5,"217,1",216,"9,5","223,6","9,8","5.167,9"
2022-10-03 13:15,"1,091","1,059","2,5","2,4","218,4",215,"4,8","219,4","10,1","5.168,2"
2022-10-03 13:30,"0,907","0,87","2,1",2,"216,5",216,4,"221,2","10,3","5.168,4"
2022-10-03 13:45,"0,992","0,974","2,2","2,2","219,3","216,4","4,4","220,4","10,6","5.168,7"
2022-10-03 14:00,"0,468","0,466","1,1",1,"213,6",212,"2,1","217,5","10,8","5.168,9"
2022-10-03 14:15,"0,579","0,567","1,3","1,3","215,5","217,5","2,6","217,8","10,9",5.169
2022-10-03 14:30,"0,505","0,496","1,1","1,1","217,5","215,5","2,2","219,2",11,"5.169,1"
2022-10-03 14:45,"0,61","0,596","1,3","1,3",222,"219,5","2,7",217,"11,2","5.169,3"
2022-10-03 15:00,"0,939","0,917","2,1",2,"224,4","222,5","4,2",218,"11,4","5.169,5"
2022-10-03 15:15,"1,097","1,034","2,4","2,4","221,5","220,4","4,9",218,"11,6","5.169,7"
2022-10-03 15:30,"0,893","0,893",2,2,"216,9","214,5","3,8","217,3",12,"5.170,1"
2022-10-03 15:45,"0,844","0,647","1,9","1,9",212,"216,5","3,8","217,7","12,3","5.170,4"
2022-10-03 16:00,"1,091","1,091","2,4","2,3","222,8","228,4","3,6",219,"12,4","5.170,5"
2022-10-03 16:15,"0,331","0,331","0,7","0,7","214,6","214,1","1,4","215,6","12,6","5.170,7"
2022-10-03 16:30,"0,349","0,349","0,8","0,8","215,5","214,4","1,6","216,6","12,7","5.170,8"
2022-10-03 16:45,"0,298","0,293","0,7","0,5","219,9","218,5","1,4","220,4","12,8","5.170,9"
2022-10-03 17:00,"0,146","0,146","0,3","0,3","212,5",207,"0,6","220,2","12,8","5.170,9"
2022-10-03 17:15,"0,116","0,116","0,2","0,2",203,206,"0,5",220,"12,8","5.170,9"
2022-10-03 17:30,"0,063","0,063","0,1","0,1","194,5","196,5","0,2","220,5","12,8","5.170,9"
2022-10-03 17:45,"0,053","0,053","0,1","0,1","159,7",159,"0,2","220,2","12,8","5.170,9"
2022-10-03 18:00,"0,052","0,052","0,3","0,4","65,3","61,7","0,2","219,2","12,8","5.170,9"
2022-10-03 18:15,"0,052","0,052","0,3","0,4","65,3","61,7","0,2","219,2","12,8","5.170,9"
2022-10-03 18:30,--,--,--,--,--,--,--,--,"12,8","5.170,9"
2022-10-03 18:45,--,--,--,--,--,--,--,--,"12,8","5.170,9"
2022-10-03 19:00,--,--,--,--,--,--,--,--,"12,8","5.170,9"
2022-10-03 19:15,--,--,--,--,--,--,--,--,"12,8","5.170,9"
2022-10-03 19:30,--,--,--,--,--,--,--,--,"12,8","5.170,9"
2022-10-03 19:45,--,--,--,--,--,--,--,--,"12,8","5.170,9"
2022-10-03 20:00,--,--,--,--,--,--,--,--,"12,8","5.170,9"
2022-10-03 20:15,--,--,--,--,--,--,--,--,"12,8","5.170,9"
2022-10-03 20:30,--,--,--,--,--,--,--,--,"12,8","5.170,9"
2022-10-03 20:45,--,--,--,--,--,--,--,--,"12,8","5.170,9"
2022-10-03 21:00,--,--,--,--,--,--,--,--,"12,8","5.170,9"
2022-10-03 21:15,--,--,--,--,--,--,--,--,"12,8","5.170,9"
2022-10-03 21:30,--,--,--,--,--,--,--,--,"12,8","5.170,9"
2022-10-03 21:45,--,--,--,--,--,--,--,--,"12,8","5.170,9"
2022-10-03 22:00,--,--,--,--,--,--,--,--,"12,8","5.170,9"
2022-10-03 22:15,--,--,--,--,--,--,--,--,"12,8","5.170,9"
2022-10-03 22:30,--,--,--,--,--,--,--,--,"12,8","5.170,9"
2022-10-03 22:45,--,--,--,--,--,--,--,--,"12,8","5.170,9"
2022-10-03 23:00,--,--,--,--,--,--,--,--,"12,8","5.170,9"
2022-10-03 23:15,--,--,--,--,--,--,--,--,"12,8","5.170,9"
2022-10-03 23:30,--,--,--,--,--,--,--,--,"12,8","5.170,9"
2022-10-03 23:45,--,--,--,--,--,--,--,--,"12,8","5.170,9"
2022-10-04 00:00,--,--,--,--,--,--,--,--,0,"5.170,9"
2022-10-04 00:15,--,--,--,--,--,--,--,--,0,"5.170,9"
2022-10-04 00:30,--,--,--,--,--,--,--,--,0,"5.170,9"
2022-10-04 00:45,--,--,--,--,--,--,--,--,0,"5.170,9"
2022-10-04 01:00,--,--,--,--,--,--,--,--,0,"5.170,9"
2022-10-04 01:15,--,--,--,--,--,--,--,--,0,"5.170,9"
2022-10-04 01:30,--,--,--,--,--,--,--,--,0,"5.170,9"
2022-10-04 01:45,--,--,--,--,--,--,--,--,0,"5.170,9"
2022-10-04 02:00,--,--,--,--,--,--,--,--,0,"5.170,9"
2022-10-04 02:15,--,--,--,--,--,--,--,--,0,"5.170,9"
2022-10-04 02:30,--,--,--,--,--,--,--,--,0,"5.170,9"
2022-10-04 02:45,--,--,--,--,--,--,--,--,0,"5.170,9"
2022-10-04 03:00,--,--,--,--,--,--,--,--,0,"5.170,9"
2022-10-04 03:15,--,--,--,--,--,--,--,--,0,"5.170,9"
2022-10-04 03:30,--,--,--,--,--,--,--,--,0,"5.170,9"
2022-10-04 03:45,--,--,--,--,--,--,--,--,0,"5.170,9"
2022-10-04 04:00,--,--,--,--,--,--,--,--,0,"5.170,9"
2022-10-04 04:15,--,--,--,--,--,--,--,--,0,"5.170,9"
2022-10-04 04:30,--,--,--,--,--,--,--,--,0,"5.170,9"
2022-10-04 04:45,--,--,--,--,--,--,--,--,0,"5.170,9"
2022-10-04 05:00,--,--,--,--,--,--,--,--,0,"5.170,9"
2022-10-04 05:15,--,--,--,--,--,--,--,--,0,"5.170,9"
2022-10-04 05:30,0,0,0,0,"220,8","220,8",0,"222,2",0,"5.170,9"
2022-10-04 05:45,"0,123","0,123","0,2","0,2","209,6","210,5","0,5","223,5",0,"5.170,9"
2022-10-04 06:00,"0,169","0,169","0,3","0,3","212,6",215,"0,7","224,6",0,"5.170,9"
2022-10-04 06:15,"0,255","0,255","0,5","0,5","218,1",214,"1,1","222,8",0,"5.170,9"
2022-10-04 06:30,"0,218","0,218","0,5","0,4","215,6",216,"0,9","220,8","0,1",5.171
2022-10-04 06:45,"0,824","0,798","1,8","1,8","222,5","224,5","3,6","224,8","0,2","5.171,1"
2022-10-04 07:00,"0,345","0,345","0,8","0,7","215,6","218,5","1,5","224,4","0,4","5.171,3"
2022-10-04 07:15,"0,16","0,16","0,3","0,3","212,1",208,"0,7","221,3","0,4","5.171,3"
2022-10-04 07:30,"0,168","0,168","0,3","0,3","213,1",211,"0,7","220,9","0,4","5.171,3"
2022-10-04 07:45,"0,135","0,135","0,3","0,3","207,1",211,"0,6","219,8","0,5","5.171,4"
2022-10-04 08:00,"0,209","0,209","0,4","0,4","214,6","213,5","0,9","220,7","0,5","5.171,4"
2022-10-04 08:15,"0,227","0,227","0,5","0,5","212,6",214,1,"220,7","0,5","5.171,4"
2022-10-04 08:30,"0,355","0,355","0,8","0,8","215,6","219,5","1,6",220,"0,6","5.171,5"
2022-10-04 08:45,"0,676","0,662","1,5","1,4","227,6","226,5",3,"222,4","0,7","5.171,6"
2022-10-04 09:00,"0,566","0,56","1,2","1,2","220,5",223,"2,5","222,8","0,9","5.171,8"
2022-10-04 09:15,"0,406","0,406","0,9","0,8","220,1","222,5","1,8","221,7",1,"5.171,9"
2022-10-04 09:30,"0,522","0,512","1,1","1,1","220,6","219,5","2,3","222,6","1,1",5.172
2022-10-04 09:45,"0,895","0,879",2,"1,9",225,"224,6","3,9","222,4","1,2","5.172,1"
2022-10-04 10:00,"1,061","1,035","2,3","2,3","224,9",224,"4,6","223,8","1,5","5.172,4"
2022-10-04 10:15,"3,445","2,926","7,7","7,6",225,"222,8","14,7","226,8","1,9","5.172,8"
2022-10-04 10:30,"4,117","3,709","9,7","9,5",217,"209,3","18,6","228,7","2,9","5.173,8"
2022-10-04 10:45,"5,221","3,799",12,"12,3","216,8","212,8","21,6",229,"3,7","5.174,6"
2022-10-04 11:00,"5,057","4,858","12,1","11,8","211,8","210,6",21,"230,1","4,5","5.175,4"
2022-10-04 11:15,"4,215","4,023","10,4","10,1","204,3","204,9","17,6",228,"5,6","5.176,5"
2022-10-04 11:30,"4,16","3,848",10,"9,9","209,3","206,9","17,5",228,"6,5","5.177,4"
2022-10-04 11:45,"4,182","4,007","10,1",10,"207,8","206,4","17,5","229,1","7,5","5.178,4"
2022-10-04 12:00,"4,157","3,972","10,3","10,3","203,8","198,5","17,4","228,8","8,5","5.179,4"
2022-10-04 12:15,"4,27","4,074","10,6","10,5","202,3","200,9",18,"226,9","9,5","5.180,4"
2022-10-04 12:30,"1,347","1,277","3,2","3,1","212,9","207,5","5,8","223,2","10,2","5.181,1"
2022-10-04 12:45,"4,116","3,928","10,3","10,1","201,7","201,1","17,3","226,9","11,2","5.182,1"
2022-10-04 13:00,"3,948","3,395","9,9","9,7","200,6","198,3","16,9","222,2","11,9","5.182,8"
2022-10-04 13:15,"4,207","4,035","10,3","10,4","205,6","199,2","17,9","223,7","12,8","5.183,7"
2022-10-04 13:30,"3,851","3,688","9,6","9,4","202,6","200,7","16,8","219,9","13,7","5.184,6"
2022-10-04 13:45,"3,436","3,298","8,4","8,2","206,6","205,7","15,2","217,6","14,5","5.185,4"
2022-10-04 14:00,"3,08","2,957","7,3","7,6","203,4","205,7","13,4","219,1","15,3","5.186,2"
2022-10-04 14:15,"3,133","3,002","7,7","7,5","205,2","205,7","13,6","220,7","16,1",5.187
2022-10-04 14:30,"3,111","2,986","7,6","7,4","206,5","205,2","13,5","220,5","16,8","5.187,7"
2022-10-04 14:45,"2,668","2,567","6,4","6,2",210,"209,7","11,7","217,9","17,5","5.188,4"
2022-10-04 15:00,"2,915","2,786","7,1","6,9","208,1","205,8","12,8","219,1","18,2","5.189,1"
2022-10-04 15:15,"0,82","0,79","1,9","1,9",209,"206,7","3,6","217,8","18,6","5.189,5"
2022-10-04 15:30,"0,498","0,493","1,1","1,1","213,1","212,7","2,2","215,4","18,8","5.189,7"
2022-10-04 15:45,"0,489","0,473","1,1","1,1","213,6","211,2","2,2",217,"18,9","5.189,8"
2022-10-04 16:00,"0,531","0,519","1,2","1,2","215,5","215,7","2,4","214,8","19,1",5.190
2022-10-04 16:15,"0,285","0,285","0,6","0,6","211,6","212,7","1,3","216,2","19,1",5.190
2022-10-04 16:30,"0,29","0,29","0,6","0,6","213,6","211,1","1,3","217,7","19,2","5.190,1"
2022-10-04 16:45,"0,192","0,192","0,4","0,4","209,6","207,7","0,9","216,2","19,3","5.190,2"
2022-10-04 17:00,"0,117","0,117","0,2","0,2","203,6","206,7","0,5","218,7","19,3","5.190,2"
2022-10-04 17:15,"0,084","0,084","0,2","0,2","193,6","194,7","0,3","216,8","19,3","5.190,2"
2022-10-04 17:30,"0,069","0,069","0,1","0,1","193,6","195,7","0,2","218,7","19,3","5.190,2"
2022-10-04 17:45,0,0,0,0,"198,5","198,6",0,219,"19,3","5.190,2"
2022-10-04 18:00,0,0,0,0,"198,5","198,6",0,219,"19,3","5.190,2"
2022-10-04 18:15,--,--,--,--,--,--,--,--,"19,3","5.190,2"
2022-10-04 18:30,--,--,--,--,--,--,--,--,"19,3","5.190,2"
2022-10-04 18:45,--,--,--,--,--,--,--,--,"19,3","5.190,2"
2022-10-04 19:00,--,--,--,--,--,--,--,--,"19,3","5.190,2"
2022-10-04 19:15,--,--,--,--,--,--,--,--,"19,3","5.190,2"
2022-10-04 19:30,--,--,--,--,--,--,--,--,"19,3","5.190,2"
2022-10-04 19:45,--,--,--,--,--,--,--,--,"19,3","5.190,2"
2022-10-04 20:00,--,--,--,--,--,--,--,--,"19,3","5.190,2"
2022-10-04 20:15,--,--,--,--,--,--,--,--,"19,3","5.190,2"
2022-10-04 20:30,--,--,--,--,--,--,--,--,"19,3","5.190,2"
2022-10-04 20:45,--,--,--,--,--,--,--,--,"19,3","5.190,2"
2022-10-04 21:00,--,--,--,--,--,--,--,--,"19,3","5.190,2"
2022-10-04 21:15,--,--,--,--,--,--,--,--,"19,3","5.190,2"
2022-10-04 21:30,--,--,--,--,--,--,--,--,"19,3","5.190,2"
2022-10-04 21:45,--,--,--,--,--,--,--,--,"19,3","5.190,2"
2022-10-04 22:00,--,--,--,--,--,--,--,--,"19,3","5.190,2"
2022-10-04 22:15,--,--,--,--,--,--,--,--,"19,3","5.190,2"
2022-10-04 22:30,--,--,--,--,--,--,--,--,"19,3","5.190,2"
2022-10-04 22:45,--,--,--,--,--,--,--,--,"19,3","5.190,2"
2022-10-04 23:00,--,--,--,--,--,--,--,--,"19,3","5.190,2"
2022-10-04 23:15,--,--,--,--,--,--,--,--,"19,3","5.190,2"
2022-10-04 23:30,--,--,--,--,--,--,--,--,"19,3","5.190,2"
2022-10-04 23:45,--,--,--,--,--,--,--,--,"19,3","5.190,2"
2022-10-05 00:00,--,--,--,--,--,--,--,--,0,"5.190,2"
2022-10-05 00:15,--,--,--,--,--,--,--,--,0,"5.190,2"
2022-10-05 00:30,--,--,--,--,--,--,--,--,0,"5.190,2"
2022-10-05 00:45,--,--,--,--,--,--,--,--,0,"5.190,2"
2022-10-05 01:00,--,--,--,--,--,--,--,--,0,"5.190,2"
2022-10-05 01:15,--,--,--,--,--,--,--,--,0,"5.190,2"
2022-10-05 01:30,--,--,--,--,--,--,--,--,0,"5.190,2"
2022-10-05 01:45,--,--,--,--,--,--,--,--,0,"5.190,2"
2022-10-05 02:00,--,--,--,--,--,--,--,--,0,"5.190,2"
2022-10-05 02:15,--,--,--,--,--,--,--,--,0,"5.190,2"
2022-10-05 02:30,--,--,--,--,--,--,--,--,0,"5.190,2"
2022-10-05 02:45,--,--,--,--,--,--,--,--,0,"5.190,2"
2022-10-05 03:00,--,--,--,--,--,--,--,--,0,"5.190,2"
2022-10-05 03:15,--,--,--,--,--,--,--,--,0,"5.190,2"
2022-10-05 03:30,--,--,--,--,--,--,--,--,0,"5.190,2"
2022-10-05 03:45,--,--,--,--,--,--,--,--,0,"5.190,2"
2022-10-05 04:00,--,--,--,--,--,--,--,--,0,"5.190,2"
2022-10-05 04:15,--,--,--,--,--,--,--,--,0,"5.190,2"
2022-10-05 04:30,--,--,--,--,--,--,--,--,0,"5.190,2"
2022-10-05 04:45,--,--,--,--,--,--,--,--,0,"5.190,2"
2022-10-05 05:00,--,--,--,--,--,--,--,--,0,"5.190,2"
2022-10-05 05:15,--,--,--,--,--,--,--,--,0,"5.190,2"
2022-10-05 05:30,0,0,0,0,"205,3","205,5",0,"222,1",0,"5.190,2"
2022-10-05 05:45,0,0,0,0,"232,6","232,5",0,"221,6",0,"5.190,2"
2022-10-05 06:00,"0,129","0,129","0,2","0,2","215,6","216,1","0,5","222,5",0,"5.190,2"
2022-10-05 06:15,"0,383","0,382","0,8","0,8","225,6","225,1","1,7","223,4",0,"5.190,2"
2022-10-05 06:30,"0,427","0,424","0,9","0,9","228,1","229,1","1,9","223,2","0,1","5.190,3"
2022-10-05 06:45,"0,503","0,496","1,1",1,"226,6","226,1","2,2",224,"0,2","5.190,4"
2022-10-05 07:00,"0,388","0,388","0,8","0,8","223,6","223,2","1,7","222,5","0,3","5.190,5"
2022-10-05 07:15,"0,217","0,217","0,5","0,4","219,7","217,1","0,9","219,6","0,4","5.190,6"
2022-10-05 07:30,"0,431","0,422","0,9","0,9","226,1","225,6","1,9","220,1","0,4","5.190,6"
2022-10-05 07:45,"0,44","0,432","0,9","0,9",225,"222,6","1,9","221,3","0,5","5.190,7"
2022-10-05 08:00,"0,493","0,485","1,1",1,"225,1","224,6","2,2","220,1","0,6","5.190,8"
2022-10-05 08:15,"0,58","0,565","1,2","1,2","226,6","222,1","2,5","220,1","0,7","5.190,9"
2022-10-05 08:30,"0,97","0,946","2,1",2,"230,7","227,6","4,2","222,6","0,9","5.191,1"
2022-10-05 08:45,"1,419","1,419","3,1",3,"230,6","226,8",6,"223,1","1,2","5.191,4"
2022-10-05 09:00,"0,891","0,869","1,9","1,9",227,"226,5","3,9","222,4","1,5","5.191,7"
2022-10-05 09:15,"1,069","1,046","2,3","2,3","230,1","227,5","4,6","223,1","1,7","5.191,9"
2022-10-05 09:30,"2,075","1,98","4,5","4,6","226,8","224,1",9,"223,5","2,1","5.192,3"
2022-10-05 09:45,"2,439","2,13","5,6","5,4","220,3","220,8","10,6",224,"2,6","5.192,8"
2022-10-05 10:00,"2,183","2,046","5,1","4,9","217,2","217,3","9,4","222,9","3,3","5.193,5"
2022-10-05 10:15,"1,596","1,519","3,7","3,5","217,8","217,9","6,9","222,5","3,7","5.193,9"
2022-10-05 10:30,"1,258","1,215","2,9","2,7",221,"223,7","5,5","220,8","4,1","5.194,3"
2022-10-05 10:45,"1,218","1,178","2,7","2,7","223,4","220,9","5,3",222,"4,3","5.194,5"
2022-10-05 11:00,"1,48","1,44","3,4","3,2",222,"219,1","6,4",222,"4,6","5.194,8"
2022-10-05 11:15,"1,428","1,384","3,3","3,1","220,7","218,9","6,1",224,5,"5.195,2"
2022-10-05 11:30,"2,059","1,986","4,7","4,6","219,5","216,8","8,8",225,"5,4","5.195,6"
2022-10-05 11:45,"1,251","1,202","2,8","2,8","219,6","214,8","5,4","223,9","5,8",5.196
2022-10-05 12:00,"1,409","1,369","3,2","3,1","221,2","217,9",6,224,"6,1","5.196,3"
2022-10-05 12:15,"1,24","1,214","2,8","2,7","219,6","216,8","5,4",219,"6,4","5.196,6"
2022-10-05 12:30,"0,868","0,842",2,"1,9","217,5",215,"3,8","219,6","6,6","5.196,8"
2022-10-05 12:45,"1,835","1,76","4,2","4,1","219,9","218,7","7,9","224,4","6,9","5.197,1"
2022-10-05 13:00,"1,582","1,541","3,7","3,6","215,4","211,9","6,9","217,9","7,5","5.197,7"
2022-10-05 13:15,"1,248","1,229","2,9","2,8",216,"215,8","5,4","220,5","7,8",5.198
2022-10-05 13:30,"1,092","1,051","2,5","2,5","216,8","213,9","4,8","217,8","8,1","5.198,3"
2022-10-05 13:45,"1,967","1,897","4,5","4,5","217,5","214,1","8,8","216,2","8,5","5.198,7"
2022-10-05 14:00,"1,364","1,314","3,1","3,1",220,"216,6",6,"219,5","8,9","5.199,1"
2022-10-05 14:15,"1,678","1,604","3,8","3,7","217,8","219,9","7,3","221,9","9,3","5.199,5"
2022-10-05 14:30,"1,627","1,478","3,7","3,7","221,4","216,9","7,2","219,1","9,7","5.199,9"
2022-10-05 14:45,"2,727","2,727","6,3","6,3",215,"213,9","8,6","222,2","10,2","5.200,4"
2022-10-05 15:00,"1,22","1,192","2,8","2,8","213,8","211,4","5,4","219,2","10,7","5.200,9"
2022-10-05 15:15,"1,924","1,924","4,4","4,4","217,1","216,4","6,7","218,6",11,"5.201,2"
2022-10-05 15:30,"1,321","1,321",3,"2,9","220,3","218,9","5,8","218,1","11,3","5.201,5"
2022-10-05 15:45,"1,476","1,476","3,4","3,4","214,4","213,3","5,7","217,2","11,9","5.202,1"
2022-10-05 16:00,"1,119","1,119","2,5","2,6","217,5","215,9","3,8","217,4","12,2","5.202,4"
2022-10-05 16:15,"0,299","0,299","0,7","0,7","210,7","209,4","1,4",215,"12,3","5.202,5"
2022-10-05 16:30,"0,23","0,23","0,5","0,5","209,5","207,3",1,"217,2","12,4","5.202,6"
2022-10-05 16:45,"0,115","0,115","0,2","0,2",203,"204,4","0,5","218,4","12,4","5.202,6"
2022-10-05 17:00,"0,111","0,111","0,2","0,2",200,"201,4","0,4","221,6","12,4","5.202,6"
2022-10-05 17:15,"0,093","0,093","0,2","0,2",202,"206,4","0,4","216,3","12,4","5.202,6"
2022-10-05 17:30,"0,083","0,083","0,2","0,2","197,5","197,4","0,3","222,2","12,4","5.202,6"
2022-10-05 17:45,"0,05","0,05","0,1","0,1",198,"194,4","0,2","222,3","12,4","5.202,6"
2022-10-05 18:00,"0,051","0,051","0,2","0,2","108,4","105,7","0,2","221,1","12,4","5.202,6"
2022-10-05 18:15,"0,051","0,051","0,2","0,2","108,4","105,7","0,2","221,1","12,4","5.202,6"
2022-10-05 18:30,--,--,--,--,--,--,--,--,"12,4","5.202,6"
2022-10-05 18:45,--,--,--,--,--,--,--,--,"12,4","5.202,6"
2022-10-05 19:00,--,--,--,--,--,--,--,--,"12,4","5.202,6"
2022-10-05 19:15,--,--,--,--,--,--,--,--,"12,4","5.202,6"
2022-10-05 19:30,--,--,--,--,--,--,--,--,"12,4","5.202,6"
2022-10-05 19:45,--,--,--,--,--,--,--,--,"12,4","5.202,6"
2022-10-05 20:00,--,--,--,--,--,--,--,--,"12,4","5.202,6"
2022-10-05 20:15,--,--,--,--,--,--,--,--,"12,4","5.202,6"
2022-10-05 20:30,--,--,--,--,--,--,--,--,"12,4","5.202,6"
2022-10-05 20:45,--,--,--,--,--,--,--,--,"12,4","5.202,6"
2022-10-05 21:00,--,--,--,--,--,--,--,--,"12,4","5.202,6"
2022-10-05 21:15,--,--,--,--,--,--,--,--,"12,4","5.202,6"
2022-10-05 21:30,--,--,--,--,--,--,--,--,"12,4","5.202,6"
2022-10-05 21:45,--,--,--,--,--,--,--,--,"12,4","5.202,6"
2022-10-05 22:00,--,--,--,--,--,--,--,--,"12,4","5.202,6"
2022-10-05 22:15,--,--,--,--,--,--,--,--,"12,4","5.202,6"
2022-10-05 22:30,--,--,--,--,--,--,--,--,"12,4","5.202,6"
2022-10-05 22:45,--,--,--,--,--,--,--,--,"12,4","5.202,6"
2022-10-05 23:00,--,--,--,--,--,--,--,--,"12,4","5.202,6"
2022-10-05 23:15,--,--,--,--,--,--,--,--,"12,4","5.202,6"
2022-10-05 23:30,--,--,--,--,--,--,--,--,"12,4","5.202,6"
2022-10-05 23:45,--,--,--,--,--,--,--,--,"12,4","5.202,6"
2022-10-06 00:00,--,--,--,--,--,--,--,--,0,"5.202,6"
2022-10-06 00:15,--,--,--,--,--,--,--,--,0,"5.202,6"
2022-10-06 00:30,--,--,--,--,--,--,--,--,0,"5.202,6"
2022-10-06 00:45,--,--,--,--,--,--,--,--,0,"5.202,6"
2022-10-06 01:00,--,--,--,--,--,--,--,--,0,"5.202,6"
2022-10-06 01:15,--,--,--,--,--,--,--,--,0,"5.202,6"
2022-10-06 01:30,--,--,--,--,--,--,--,--,0,"5.202,6"
2022-10-06 01:45,--,--,--,--,--,--,--,--,0,"5.202,6"
2022-10-06 02:00,--,--,--,--,--,--,--,--,0,"5.202,6"
2022-10-06 02:15,--,--,--,--,--,--,--,--,0,"5.202,6"
2022-10-06 02:30,--,--,--,--,--,--,--,--,0,"5.202,6"
2022-10-06 02:45,--,--,--,--,--,--,--,--,0,"5.202,6"
2022-10-06 03:00,--,--,--,--,--,--,--,--,0,"5.202,6"
2022-10-06 03:15,--,--,--,--,--,--,--,--,0,"5.202,6"
2022-10-06 03:30,--,--,--,--,--,--,--,--,0,"5.202,6"
2022-10-06 03:45,--,--,--,--,--,--,--,--,0,"5.202,6"
2022-10-06 04:00,--,--,--,--,--,--,--,--,0,"5.202,6"
2022-10-06 04:15,--,--,--,--,--,--,--,--,0,"5.202,6"
2022-10-06 04:30,--,--,--,--,--,--,--,--,0,"5.202,6"
2022-10-06 04:45,--,--,--,--,--,--,--,--,0,"5.202,6"
2022-10-06 05:00,--,--,--,--,--,--,--,--,0,"5.202,6"
2022-10-06 05:15,--,--,--,--,--,--,--,--,0,"5.202,6"
2022-10-06 05:30,0,0,0,0,"210,9",211,0,"222,2",0,"5.202,6"
2022-10-06 05:45,0,0,0,0,"226,9",227,0,"221,6",0,"5.202,6"
2022-10-06 06:00,"0,123","0,123","0,2","0,2","205,7","211,8","0,5","223,4",0,"5.202,6"
2022-10-06 06:15,"0,163","0,163","0,3","0,3","212,2","216,3","0,7","223,2",0,"5.202,6"
2022-10-06 06:30,"0,216","0,216","0,5","0,4","212,2","219,3","0,9","223,2",0,"5.202,6"
2022-10-06 06:45,"0,259","0,259","0,6","0,5","212,7","223,3","1,1","223,4","0,1","5.202,7"
2022-10-06 07:00,"0,385","0,384","0,9","0,8","216,2","216,3","1,7","221,2","0,1","5.202,7"
2022-10-06 07:15,"0,448","0,44",1,"0,9","218,7","218,3",2,"221,7","0,2","5.202,8"
2022-10-06 07:30,"0,541","0,532","1,2","1,2","219,7","218,3","2,4","221,2","0,4",5.203
2022-10-06 07:45,"0,529","0,517","1,2","1,1","219,2","218,8","2,3","219,8","0,5","5.203,1"
2022-10-06 08:00,"0,596","0,579","1,3","1,3","221,2","217,9","2,6","220,2","0,6","5.203,2"
2022-10-06 08:15,"0,744","0,725","1,7","1,6","220,7","218,2","3,3","219,6","0,7","5.203,3"
2022-10-06 08:30,1,"0,956","2,3","2,2","219,7","219,8","4,4",221,"0,9","5.203,5"
2022-10-06 08:45,"1,213","1,175","2,7","2,6","222,7","220,2","5,3","222,8","1,2","5.203,8"
2022-10-06 09:00,"1,036","1,015","2,4","2,3","217,4","216,3","4,5","222,1","1,5","5.204,1"
2022-10-06 09:15,"3,397","3,397","8,1","7,9","209,6","213,8","11,3","224,4",2,"5.204,6"
2022-10-06 09:30,"1,497","1,461","3,5","3,3","218,1","216,3","6,5","222,5","2,5","5.205,1"
2022-10-06 09:45,"1,377","1,324","3,2","3,1","218,2","213,5",6,"221,6","2,9","5.205,5"
2022-10-06 10:00,"0,648","0,637","1,5","1,4","217,1","214,3","2,8","220,2","3,1","5.205,7"
2022-10-06 10:15,"0,249","0,249","0,5","0,5","211,7","210,8","1,1","223,7","3,2","5.205,8"
2022-10-06 10:30,"0,71","0,691","1,6","1,5","221,3","225,3","3,1","222,8","3,3","5.205,9"
2022-10-06 10:45,"0,787","0,772","1,8","1,6",225,"224,8","3,4",222,"3,5","5.206,1"
2022-10-06 11:00,"1,011","0,987","2,3","2,1","223,2","226,2","4,4","222,8","3,7","5.206,3"
2022-10-06 11:15,"1,372","1,336","3,1","2,9","224,6","225,8","5,9","223,9",4,"5.206,6"
2022-10-06 11:30,"0,675","0,67","1,5","1,5","215,7","213,9","2,9","222,2","4,3","5.206,9"
2022-10-06 11:45,"1,287","1,271","2,8","2,7","225,6","226,7","5,5","224,2","4,5","5.207,1"
2022-10-06 12:00,"0,986","0,969","2,2","2,1","223,7","222,8","4,3","224,6","4,8","5.207,4"
2022-10-06 12:15,"1,635","1,566","3,7","3,5","221,8","226,7",7,"224,2",5,"5.207,6"
2022-10-06 12:30,"2,046","1,96","4,8","4,6","216,2",216,"8,7","225,8","5,5","5.208,1"
2022-10-06 12:45,"1,898","1,856","4,5","4,4","214,6","210,3","8,2","223,4","6,1","5.208,7"
2022-10-06 13:00,"1,608","1,557","3,7","3,6","216,2","215,2","7,1","219,7","6,5","5.209,1"
2022-10-06 13:15,"1,216","1,169","2,8","2,7","218,1","214,8","5,4","218,7","6,8","5.209,4"
2022-10-06 13:30,"0,642","0,623","1,5","1,4","216,1","211,8","2,8","218,4",7,"5.209,6"
2022-10-06 13:45,"0,349","0,349","0,8","0,8","212,2","212,4","1,6","215,7","7,1","5.209,7"
2022-10-06 14:00,"1,021","0,959","2,3","2,3","218,7","219,8","4,5","218,8","7,2","5.209,8"
2022-10-06 14:15,"1,157","1,138","2,6","2,6",220,"217,8","5,1","218,6","7,6","5.210,2"
2022-10-06 14:30,"1,21","1,188","2,7","2,7","219,7","218,7","5,3","219,4","7,9","5.210,5"
2022-10-06 14:45,"1,03","0,961","2,3","2,3","221,2","221,3","4,5","220,8","8,1","5.210,7"
2022-10-06 15:00,"2,671","2,671","6,1","5,9","222,1","219,9",11,222,"8,4",5.211
2022-10-06 15:15,"2,673","2,61",6,6,"223,1","221,3","11,7","220,4","8,9","5.211,5"
2022-10-06 15:30,"2,252","2,146","5,1",5,"221,2","222,2","9,8",222,"9,2","5.211,8"
2022-10-06 15:45,"1,705","1,654","3,9","3,8","220,1","216,8","7,4","222,3","9,7","5.212,3"
2022-10-06 16:00,"1,266","1,236","2,9","2,6","219,3","228,3","5,6",219,10,"5.212,6"
2022-10-06 16:15,"0,887","0,87","2,3","1,5","220,1","240,2",4,"218,6","10,2","5.212,8"
2022-10-06 16:30,"0,546","0,531","1,2",1,"233,1","235,8","2,4","219,1","10,4",5.213
2022-10-06 16:45,"0,32","0,32","0,7","0,6","219,7","225,3","1,4",221,"10,5","5.213,1"
2022-10-06 17:00,"0,213","0,213","0,5","0,4","214,7","212,8","0,9","219,6","10,6","5.213,2"
2022-10-06 17:15,"0,128","0,128","0,3","0,3","206,2","205,8","0,5","221,4","10,6","5.213,2"
2022-10-06 17:30,"0,082","0,082","0,1","0,2","199,2","203,3","0,3","221,8","10,6","5.213,2"
2022-10-06 17:45,"0,051","0,051","0,1","0,1","190,7","195,8","0,2","221,6","10,6","5.213,2"
2022-10-06 18:00,"0,046","0,046","0,3","0,3","73,2","67,9","0,2","218,8","10,6","5.213,2"
2022-10-06 18:15,"0,046","0,046","0,3","0,3","73,2","67,9","0,2","218,8","10,6","5.213,2"
2022-10-06 18:30,--,--,--,--,--,--,--,--,"10,6","5.213,2"
2022-10-06 18:45,--,--,--,--,--,--,--,--,"10,6","5.213,2"
2022-10-06 19:00,--,--,--,--,--,--,--,--,"10,6","5.213,2"
2022-10-06 19:15,--,--,--,--,--,--,--,--,"10,6","5.213,2"
2022-10-06 19:30,--,--,--,--,--,--,--,--,"10,6","5.213,2"
2022-10-06 19:45,--,--,--,--,--,--,--,--,"10,6","5.213,2"
2022-10-06 20:00,--,--,--,--,--,--,--,--,"10,6","5.213,2"
2022-10-06 20:15,--,--,--,--,--,--,--,--,"10,6","5.213,2"
2022-10-06 20:30,--,--,--,--,--,--,--,--,"10,6","5.213,2"
2022-10-06 20:45,--,--,--,--,--,--,--,--,"10,6","5.213,2"
2022-10-06 21:00,--,--,--,--,--,--,--,--,"10,6","5.213,2"
2022-10-06 21:15,--,--,--,--,--,--,--,--,"10,6","5.213,2"
2022-10-06 21:30,--,--,--,--,--,--,--,--,"10,6","5.213,2"
2022-10-06 21:45,--,--,--,--,--,--,--,--,"10,6","5.213,2"
2022-10-06 22:00,--,--,--,--,--,--,--,--,"10,6","5.213,2"
2022-10-06 22:15,--,--,--,--,--,--,--,--,"10,6","5.213,2"
2022-10-06 22:30,--,--,--,--,--,--,--,--,"10,6","5.213,2"
2022-10-06 22:45,--,--,--,--,--,--,--,--,"10,6","5.213,2"
2022-10-06 23:00,--,--,--,--,--,--,--,--,"10,6","5.213,2"
2022-10-06 23:15,--,--,--,--,--,--,--,--,"10,6","5.213,2"
2022-10-06 23:30,--,--,--,--,--,--,--,--,"10,6","5.213,2"
2022-10-06 23:45,--,--,--,--,--,--,--,--,"10,6","5.213,2"
2022-10-07 00:00,--,--,--,--,--,--,--,--,0,"5.213,2"
2022-10-07 00:15,--,--,--,--,--,--,--,--,0,"5.213,2"
2022-10-07 00:30,--,--,--,--,--,--,--,--,0,"5.213,2"
2022-10-07 00:45,--,--,--,--,--,--,--,--,0,"5.213,2"
2022-10-07 01:00,--,--,--,--,--,--,--,--,0,"5.213,2"
2022-10-07 01:15,--,--,--,--,--,--,--,--,0,"5.213,2"
2022-10-07 01:30,--,--,--,--,--,--,--,--,0,"5.213,2"
2022-10-07 01:45,--,--,--,--,--,--,--,--,0,"5.213,2"
2022-10-07 02:00,--,--,--,--,--,--,--,--,0,"5.213,2"
2022-10-07 02:15,--,--,--,--,--,--,--,--,0,"5.213,2"
2022-10-07 02:30,--,--,--,--,--,--,--,--,0,"5.213,2"
2022-10-07 02:45,--,--,--,--,--,--,--,--,0,"5.213,2"
2022-10-07 03:00,--,--,--,--,--,--,--,--,0,"5.213,2"
2022-10-07 03:15,--,--,--,--,--,--,--,--,0,"5.213,2"
2022-10-07 03:30,--,--,--,--,--,--,--,--,0,"5.213,2"
2022-10-07 03:45,--,--,--,--,--,--,--,--,0,"5.213,2"
2022-10-07 04:00,--,--,--,--,--,--,--,--,0,"5.213,2"
2022-10-07 04:15,--,--,--,--,--,--,--,--,0,"5.213,2"
2022-10-07 04:30,--,--,--,--,--,--,--,--,0,"5.213,2"
2022-10-07 04:45,--,--,--,--,--,--,--,--,0,"5.213,2"
2022-10-07 05:00,--,--,--,--,--,--,--,--,0,"5.213,2"
2022-10-07 05:15,0,0,0,0,201,"201,2",0,"222,6",0,"5.213,2"
2022-10-07 05:30,0,0,0,0,"230,7","236,1",0,"222,5",0,"5.213,2"
2022-10-07 05:45,"0,202","0,202","0,4","0,4","209,6","215,1","0,9","221,2",0,"5.213,2"
2022-10-07 06:00,"0,286","0,286","0,6","0,6","214,1","218,1","1,2","221,6",0,"5.213,2"
2022-10-07 06:15,"0,403","0,399","0,9","0,9","217,6","222,6","1,8","221,4","0,1","5.213,3"
2022-10-07 06:30,"0,595","0,579","1,2","1,2",221,"241,1","2,6","222,2","0,2","5.213,4"
2022-10-07 06:45,"0,734","0,719","1,5","1,7","226,1","221,5","3,2","221,8","0,4","5.213,6"
2022-10-07 07:00,"0,915","0,894","1,9","2,1",230,"223,1",4,"222,4","0,6","5.213,8"
2022-10-07 07:15,"1,174","1,119","2,6","2,5",222,225,"5,1","224,2","0,8",5.214
2022-10-07 07:30,"1,102","1,076","2,4","2,4","223,5","222,7","4,8","222,8","1,1","5.214,3"
2022-10-07 07:45,"1,16","1,087","2,6","2,5","221,5","222,9",5,"224,6","1,3","5.214,5"
2022-10-07 08:00,"1,234","1,185","2,7","2,7","224,7","220,5","5,3","223,7","1,6","5.214,8"
2022-10-07 08:15,"1,185","1,168","2,7","2,6","221,1","223,2","5,1","222,7","1,9","5.215,1"
2022-10-07 08:30,"1,184","1,152","2,7","2,5","222,5","225,5","5,2","221,2","2,2","5.215,4"
2022-10-07 08:45,"1,587","1,542","3,5","3,5","225,4","223,7","6,9","222,6","2,4","5.215,6"
2022-10-07 09:00,"2,467","1,753","5,6","5,5","222,2","217,7","10,8","224,7","2,8",5.216
2022-10-07 09:15,"4,087","3,933","9,7","9,6","212,6","210,6","17,3","226,1","3,6","5.216,8"
2022-10-07 09:30,"1,027","0,954","2,4","2,4","210,6",209,"4,5",221,"4,3","5.217,5"
2022-10-07 09:45,"0,966","0,934","2,2","2,2","213,6","213,6","4,2","221,7","4,8",5.218
2022-10-07 10:00,"1,233","1,229","2,8","2,7","218,9","216,6","5,4","221,2","5,2","5.218,4"
2022-10-07 10:15,"4,666","4,434","11,3","11,1","207,6","207,6","19,5","228,4",6,"5.219,2"
2022-10-07 10:30,"4,215","3,014","10,5","9,6","207,9","207,9",18,"224,2","6,6","5.219,8"
2022-10-07 10:45,"1,775","1,775","4,3","4,2","205,4","205,1","6,9","219,2","7,5","5.220,7"
2022-10-07 11:00,"1,968","1,93","4,7","4,6","208,6","207,1","8,6","220,4","8,3","5.221,5"
2022-10-07 11:15,"4,367","4,042","10,4","10,1","211,7","212,1","18,7","224,2","8,9","5.222,1"
2022-10-07 11:30,"1,428","1,369","3,3","3,3","213,2","209,6","6,2","220,7","9,6","5.222,8"
2022-10-07 11:45,"4,466","3,815","10,7",10,"215,7","214,8","18,8","227,2","10,4","5.223,6"
2022-10-07 12:00,"3,966","3,966","9,6","9,4","208,5","206,7","15,9","227,6","11,2","5.224,4"
2022-10-07 12:15,"2,63","2,035","6,1","6,4","209,8","208,8","11,3","225,7",12,"5.225,2"
2022-10-07 12:30,"2,863","2,402","7,2","6,6","208,1","202,5","12,3","222,8","12,7","5.225,9"
2022-10-07 12:45,"3,212","3,212","7,5","7,5","216,8","210,7","10,7","222,8","13,2","5.226,4"
2022-10-07 13:00,"1,35","1,28","3,1","3,1","216,7","214,5","5,9","218,5","13,6","5.226,8"
2022-10-07 13:15,"1,463","1,451","3,4","3,4","212,6",211,"6,4","219,1","14,2","5.227,4"
2022-10-07 13:30,"1,189","1,158","2,7","2,6",218,"217,6","5,2","220,8","14,5","5.227,7"
2022-10-07 13:45,"1,141","1,094","2,6","2,6","214,7","212,9","5,1",217,15,"5.228,2"
2022-10-07 14:00,"1,542","1,542","3,5","3,5","219,6","214,3","6,3","220,1","15,4","5.228,6"
2022-10-07 14:15,"0,835","0,814","1,9","1,9","218,9","213,6","3,7",217,"15,6","5.228,8"
2022-10-07 14:30,"0,949","0,921","2,2","2,1","219,1","217,5","4,2","216,2","15,8",5.229
2022-10-07 14:45,"0,775","0,757","1,8","1,7","217,6","215,6","3,4",219,16,"5.229,2"
2022-10-07 15:00,"0,485","0,476","1,1","1,1","215,1","215,1","2,2","216,8","16,2","5.229,4"
2022-10-07 15:15,"0,398","0,398","0,9","0,9","213,5","215,1","1,7",220,"16,3","5.229,5"
2022-10-07 15:30,"0,396","0,393","0,9","0,9","215,6","215,6","1,8",218,"16,4","5.229,6"
2022-10-07 15:45,"0,485","0,475","1,1","1,1","214,6","217,1","2,1","217,3","16,5","5.229,7"
2022-10-07 16:00,"0,568","0,556","1,3","1,2","218,2","218,6","2,5","220,9","16,6","5.229,8"
2022-10-07 16:15,"0,508","0,5","1,1","1,1","220,6","215,6","2,2","220,3","16,7","5.229,9"
2022-10-07 16:30,"0,467","0,459",1,1,"217,1","215,1","2,1","219,9","16,8",5.230
2022-10-07 16:45,"0,337","0,337","0,7","0,7","215,7","215,6","1,5","219,4","16,9","5.230,1"
2022-10-07 17:00,"0,236","0,236","0,5","0,5","210,1","212,1",1,"221,7",17,"5.230,2"
2022-10-07 17:15,"0,126","0,126","0,3","0,3","203,6","204,1","0,5",224,17,"5.230,2"
2022-10-07 17:30,"0,065","0,065","0,1","0,1","195,6","198,6","0,2","220,1",17,"5.230,2"
2022-10-07 17:45,"0,047","0,047","0,1","0,1","165,8","166,3","0,2","220,4",17,"5.230,2"
2022-10-07 18:00,"0,046","0,046","0,2","0,2","91,8","87,8","0,2","219,2",17,"5.230,2"
2022-10-07 18:15,"0,046","0,046","0,2","0,2","91,8","87,8","0,2","219,2",17,"5.230,2"
2022-10-07 18:30,--,--,--,--,--,--,--,--,17,"5.230,2"
2022-10-07 18:45,--,--,--,--,--,--,--,--,17,"5.230,2"
2022-10-07 19:00,--,--,--,--,--,--,--,--,17,"5.230,2"
2022-10-07 19:15,--,--,--,--,--,--,--,--,17,"5.230,2"
2022-10-07 19:30,--,--,--,--,--,--,--,--,17,"5.230,2"
2022-10-07 19:45,--,--,--,--,--,--,--,--,17,"5.230,2"
2022-10-07 20:00,--,--,--,--,--,--,--,--,17,"5.230,2"
2022-10-07 20:15,--,--,--,--,--,--,--,--,17,"5.230,2"
2022-10-07 20:30,--,--,--,--,--,--,--,--,17,"5.230,2"
2022-10-07 20:45,--,--,--,--,--,--,--,--,17,"5.230,2"
2022-10-07 21:00,--,--,--,--,--,--,--,--,17,"5.230,2"
2022-10-07 21:15,--,--,--,--,--,--,--,--,17,"5.230,2"
2022-10-07 21:30,--,--,--,--,--,--,--,--,17,"5.230,2"
2022-10-07 21:45,--,--,--,--,--,--,--,--,17,"5.230,2"
2022-10-07 22:00,--,--,--,--,--,--,--,--,17,"5.230,2"
2022-10-07 22:15,--,--,--,--,--,--,--,--,17,"5.230,2"
2022-10-07 22:30,--,--,--,--,--,--,--,--,17,"5.230,2"
2022-10-07 22:45,--,--,--,--,--,--,--,--,17,"5.230,2"
2022-10-07 23:00,--,--,--,--,--,--,--,--,17,"5.230,2"
2022-10-07 23:15,--,--,--,--,--,--,--,--,17,"5.230,2"
2022-10-07 23:30,--,--,--,--,--,--,--,--,17,"5.230,2"
2022-10-07 23:45,--,--,--,--,--,--,--,--,17,"5.230,2"
2022-10-08 00:00,--,--,--,--,--,--,--,--,0,"5.230,2"
2022-10-08 00:15,--,--,--,--,--,--,--,--,0,"5.230,2"
2022-10-08 00:30,--,--,--,--,--,--,--,--,0,"5.230,2"
2022-10-08 00:45,--,--,--,--,--,--,--,--,0,"5.230,2"
2022-10-08 01:00,--,--,--,--,--,--,--,--,0,"5.230,2"
2022-10-08 01:15,--,--,--,--,--,--,--,--,0,"5.230,2"
2022-10-08 01:30,--,--,--,--,--,--,--,--,0,"5.230,2"
2022-10-08 01:45,--,--,--,--,--,--,--,--,0,"5.230,2"
2022-10-08 02:00,--,--,--,--,--,--,--,--,0,"5.230,2"
2022-10-08 02:15,--,--,--,--,--,--,--,--,0,"5.230,2"
2022-10-08 02:30,--,--,--,--,--,--,--,--,0,"5.230,2"
2022-10-08 02:45,--,--,--,--,--,--,--,--,0,"5.230,2"
2022-10-08 03:00,--,--,--,--,--,--,--,--,0,"5.230,2"
2022-10-08 03:15,--,--,--,--,--,--,--,--,0,"5.230,2"
2022-10-08 03:30,--,--,--,--,--,--,--,--,0,"5.230,2"
2022-10-08 03:45,--,--,--,--,--,--,--,--,0,"5.230,2"
2022-10-08 04:00,--,--,--,--,--,--,--,--,0,"5.230,2"
2022-10-08 04:15,--,--,--,--,--,--,--,--,0,"5.230,2"
2022-10-08 04:30,--,--,--,--,--,--,--,--,0,"5.230,2"
2022-10-08 04:45,--,--,--,--,--,--,--,--,0,"5.230,2"
2022-10-08 05:00,--,--,--,--,--,--,--,--,0,"5.230,2"
2022-10-08 05:15,--,--,--,--,--,--,--,--,0,"5.230,2"
2022-10-08 05:30,0,0,0,0,"210,6","210,9",0,"223,3",0,"5.230,2"
2022-10-08 05:45,0,0,0,0,"225,6","225,8",0,"221,4",0,"5.230,2"
2022-10-08 06:00,"0,089","0,037","0,2","0,2","211,5","196,5","0,5","222,4",0,"5.230,2"
2022-10-08 06:15,"0,171","0,171","0,4","0,4",209,"212,5","0,7","222,4",0,"5.230,2"
2022-10-08 06:30,"0,357","0,357","0,8","0,7",218,218,"1,6","223,5",0,"5.230,2"
2022-10-08 06:45,"0,554","0,542","1,2","1,2","218,5",220,"2,4","223,3","0,1","5.230,3"
2022-10-08 07:00,"0,788","0,771","1,7","1,7","223,1",221,"3,4","223,9","0,3","5.230,5"
2022-10-08 07:15,"0,891","0,867",2,"1,9","221,6","220,5","3,9","223,5","0,5","5.230,7"
2022-10-08 07:30,"1,305","1,255","2,9","2,8","221,4",222,"5,6","224,2","0,7","5.230,9"
2022-10-08 07:45,"1,13","1,1","2,6","2,5","217,8","219,5","4,9","222,6","1,1","5.231,3"
2022-10-08 08:00,0,0,0,0,"264,2","263,7",0,0,"1,3","5.231,5"
2022-10-08 08:15,0,0,0,0,"257,4","256,2",0,0,"1,3","5.231,5"
2022-10-08 08:30,0,0,0,0,"258,7","256,5",0,0,"1,3","5.231,5"
2022-10-08 08:45,0,0,0,0,"256,8","255,1",0,0,"1,3","5.231,5"
2022-10-08 09:00,0,0,0,0,"257,8","255,7",0,0,"1,3","5.231,5"
2022-10-08 09:15,0,0,0,0,"255,5","253,2",0,0,"1,3","5.231,5"
2022-10-08 09:30,0,0,0,0,"254,1","250,6",0,0,"1,3","5.231,5"
2022-10-08 09:45,0,0,0,0,"252,8","249,5",0,0,"1,3","5.231,5"
2022-10-08 10:00,0,0,0,0,255,"250,4",0,0,"1,3","5.231,5"
2022-10-08 10:15,0,0,0,0,"255,4","251,9",0,0,"1,3","5.231,5"
2022-10-08 10:30,0,0,0,0,"252,9","249,4",0,0,"1,3","5.231,5"
2022-10-08 10:45,0,0,0,0,"249,2","245,7",0,0,"1,3","5.231,5"
2022-10-08 11:00,0,0,0,0,250,"245,9",0,0,"1,3","5.231,5"
2022-10-08 11:15,0,0,0,0,"246,5",242,0,0,"1,3","5.231,5"
2022-10-08 11:30,0,0,0,0,"250,4","247,5",0,0,"1,3","5.231,5"
2022-10-08 11:45,0,0,0,0,"252,1","249,2",0,0,"1,3","5.231,5"
2022-10-08 12:00,0,0,0,0,242,"238,7",0,0,"1,3","5.231,5"
2022-10-08 12:15,0,0,0,0,"248,2","245,7",0,0,"1,3","5.231,5"
2022-10-08 12:30,0,0,0,0,246,"244,3",0,0,"1,3","5.231,5"
2022-10-08 12:45,0,0,0,0,"256,5","253,8",0,0,"1,3","5.231,5"
2022-10-08 13:00,0,0,0,0,"252,7","248,3",0,0,"1,3","5.231,5"
2022-10-08 13:15,0,0,0,0,"242,6","239,4",0,0,"1,3","5.231,5"
2022-10-08 13:30,0,0,0,0,"245,4",243,0,0,"1,3","5.231,5"
2022-10-08 13:45,0,0,0,0,"241,1","240,1",0,0,"1,3","5.231,5"
2022-10-08 14:00,0,0,0,0,"232,7","232,6",0,0,"1,3","5.231,5"
2022-10-08 14:15,0,0,0,0,"231,9",232,0,0,"1,3","5.231,5"
2022-10-08 14:30,0,0,0,0,"238,9","238,9",0,0,"1,3","5.231,5"
2022-10-08 14:45,0,0,0,0,"250,2","250,3",0,0,"1,3","5.231,5"
2022-10-08 15:00,0,0,0,0,"253,9","253,9",0,0,"1,3","5.231,5"
2022-10-08 15:15,0,0,0,0,"248,9","247,9",0,0,"1,3","5.231,5"
2022-10-08 15:30,0,0,0,0,"244,7","243,9",0,0,"1,3","5.231,5"
2022-10-08 15:45,0,0,0,0,"246,4","246,2",0,0,"1,3","5.231,5"
2022-10-08 16:00,0,0,0,0,"238,3","238,3",0,0,"1,3","5.231,5"
2022-10-08 16:15,0,0,0,0,228,228,0,0,"1,3","5.231,5"
2022-10-08 16:30,0,0,0,0,"234,3","234,4",0,0,"1,3","5.231,5"
2022-10-08 16:45,0,0,0,0,"229,2","229,3",0,0,"1,3","5.231,5"
2022-10-08 17:00,0,0,0,0,224,224,0,0,"1,3","5.231,5"
2022-10-08 17:15,0,0,0,0,"206,8","207,1",0,"222,1","1,3","5.231,5"
2022-10-08 17:30,--,--,--,--,--,--,--,--,"1,3","5.231,5"
2022-10-08 17:45,--,--,--,--,--,--,--,--,"1,3","5.231,5"
2022-10-08 18:00,--,--,--,--,--,--,--,--,"1,3","5.231,5"
2022-10-08 18:15,--,--,--,--,--,--,--,--,"1,3","5.231,5"
2022-10-08 18:30,--,--,--,--,--,--,--,--,"1,3","5.231,5"
2022-10-08 18:45,--,--,--,--,--,--,--,--,"1,3","5.231,5"
2022-10-08 19:00,--,--,--,--,--,--,--,--,"1,3","5.231,5"
2022-10-08 19:15,--,--,--,--,--,--,--,--,"1,3","5.231,5"
2022-10-08 19:30,--,--,--,--,--,--,--,--,"1,3","5.231,5"
2022-10-08 19:45,--,--,--,--,--,--,--,--,"1,3","5.231,5"
2022-10-08 20:00,--,--,--,--,--,--,--,--,"1,3","5.231,5"
2022-10-08 20:15,--,--,--,--,--,--,--,--,"1,3","5.231,5"
2022-10-08 20:30,--,--,--,--,--,--,--,--,"1,3","5.231,5"
2022-10-08 20:45,--,--,--,--,--,--,--,--,"1,3","5.231,5"
2022-10-08 21:00,--,--,--,--,--,--,--,--,"1,3","5.231,5"
2022-10-08 21:15,--,--,--,--,--,--,--,--,"1,3","5.231,5"
2022-10-08 21:30,--,--,--,--,--,--,--,--,"1,3","5.231,5"
2022-10-08 21:45,--,--,--,--,--,--,--,--,"1,3","5.231,5"
2022-10-08 22:00,--,--,--,--,--,--,--,--,"1,3","5.231,5"
2022-10-08 22:15,--,--,--,--,--,--,--,--,"1,3","5.231,5"
2022-10-08 22:30,--,--,--,--,--,--,--,--,"1,3","5.231,5"
2022-10-08 22:45,--,--,--,--,--,--,--,--,"1,3","5.231,5"
2022-10-08 23:00,--,--,--,--,--,--,--,--,"1,3","5.231,5"
2022-10-08 23:15,--,--,--,--,--,--,--,--,"1,3","5.231,5"
2022-10-08 23:30,--,--,--,--,--,--,--,--,"1,3","5.231,5"
2022-10-08 23:45,--,--,--,--,--,--,--,--,"1,3","5.231,5"
2022-10-09 00:00,--,--,--,--,--,--,--,--,--,"5.231,5"
2022-10-09 00:15,--,--,--,--,--,--,--,--,--,"5.231,5"
2022-10-09 00:30,--,--,--,--,--,--,--,--,0,"5.231,5"
2022-10-09 00:45,--,--,--,--,--,--,--,--,0,"5.231,5"
2022-10-09 01:00,--,--,--,--,--,--,--,--,0,"5.231,5"
2022-10-09 01:15,--,--,--,--,--,--,--,--,0,"5.231,5"
2022-10-09 01:30,--,--,--,--,--,--,--,--,0,"5.231,5"
2022-10-09 01:45,--,--,--,--,--,--,--,--,0,"5.231,5"
2022-10-09 02:00,--,--,--,--,--,--,--,--,0,"5.231,5"
2022-10-09 02:15,--,--,--,--,--,--,--,--,0,"5.231,5"
2022-10-09 02:30,--,--,--,--,--,--,--,--,0,"5.231,5"
2022-10-09 02:45,--,--,--,--,--,--,--,--,0,"5.231,5"
2022-10-09 03:00,--,--,--,--,--,--,--,--,0,"5.231,5"
2022-10-09 03:15,--,--,--,--,--,--,--,--,0,"5.231,5"
2022-10-09 03:30,--,--,--,--,--,--,--,--,0,"5.231,5"
2022-10-09 03:45,--,--,--,--,--,--,--,--,0,"5.231,5"
2022-10-09 04:00,--,--,--,--,--,--,--,--,0,"5.231,5"
2022-10-09 04:15,--,--,--,--,--,--,--,--,0,"5.231,5"
2022-10-09 04:30,--,--,--,--,--,--,--,--,0,"5.231,5"
2022-10-09 04:45,--,--,--,--,--,--,--,--,0,"5.231,5"
2022-10-09 05:00,--,--,--,--,--,--,--,--,0,"5.231,5"
2022-10-09 05:15,--,--,--,--,--,--,--,--,0,"5.231,5"
2022-10-09 05:30,0,0,0,0,"222,4","222,6",0,"222,7",0,"5.231,5"
2022-10-09 05:45,"0,121","0,121","0,2","0,2","206,7","205,9","0,5","222,8",0,"5.231,5"
2022-10-09 06:00,"0,175","0,175","0,4","0,4","209,7","212,4","0,8","224,6",0,"5.231,5"
2022-10-09 06:15,"0,283","0,283","0,6","0,6","216,7","216,9","1,3","222,4",0,"5.231,5"
2022-10-09 06:30,"0,5","0,49","1,1","1,1","220,7","220,4","2,2","222,9","0,1","5.231,6"
2022-10-09 06:45,"0,942","0,911","1,8","2,2","228,9","229,9","4,1","223,8","0,3","5.231,8"
2022-10-09 07:00,"0,884","0,869","1,8","2,1","230,2","220,4","3,8","222,8","0,5",5.232
2022-10-09 07:15,"0,835","0,816","1,8","1,8","223,6","223,9","3,6","224,4","0,7","5.232,2"
2022-10-09 07:30,"1,118","1,102","2,4","2,5","226,7","222,8","4,8",225,1,"5.232,5"
2022-10-09 07:45,"2,608","2,466","5,8","5,8","223,2","221,9","11,1",227,"1,4","5.232,9"
2022-10-09 08:00,"1,944","1,944","4,5","4,5","215,5","211,4","5,9","224,6","1,9","5.233,4"
2022-10-09 08:15,"2,356","2,295","5,4","5,2","217,3","219,9",10,"226,2","2,3","5.233,8"
2022-10-09 08:30,"1,174","1,042","2,7","2,7","215,4","215,5","5,1","223,4","2,6","5.234,1"
2022-10-09 08:45,"0,914","0,885","2,1",2,"215,2","215,8","3,9","223,2",3,"5.234,5"
2022-10-09 09:00,"1,02","0,988","2,4","2,3","214,7","214,8","4,4",223,"3,4","5.234,9"
2022-10-09 09:15,"1,252","1,163","2,9","2,7","217,2","218,7","5,4",224,"3,7","5.235,2"
2022-10-09 09:30,"4,26","4,109","10,1","9,8","211,8","214,9","17,8","228,6","4,2","5.235,7"
2022-10-09 09:45,"1,458","1,414","3,4","3,3","212,5","211,9","6,2","225,1","4,8","5.236,3"
2022-10-09 10:00,"3,806","3,806","8,8","8,9","216,8","211,3","11,6","227,2","5,5",5.237
2022-10-09 10:15,"1,618","1,54","3,8","3,7","213,7","213,3","6,9","224,2",6,"5.237,5"
2022-10-09 10:30,"4,028","2,235","9,9","9,9","204,8","200,4","16,9",229,"6,9","5.238,4"
2022-10-09 10:45,"5,159","3,453",12,"10,9","222,9","227,2","21,5","230,6","7,4","5.238,9"
2022-10-09 11:00,"4,346","4,127","10,5","10,2","210,4","206,7","18,3","228,6","8,2","5.239,7"
2022-10-09 11:15,"5,011","3,413","12,1","11,8","209,4",208,"20,8","230,6","9,1","5.240,6"
2022-10-09 11:30,"4,541","4,111","10,8","10,6","212,8","210,5","18,9","230,5",10,"5.241,5"
2022-10-09 11:45,"4,387","4,133","10,7","10,6","206,3","203,5","18,2","230,6","10,9","5.242,4"
2022-10-09 12:00,"3,998","3,84","9,6","9,5","209,2",206,"16,6","229,7","11,9","5.243,4"
2022-10-09 12:15,"3,959","3,849","9,7","9,4","206,7","206,4","16,5",230,"12,8","5.244,3"
2022-10-09 12:30,"4,023","3,855","9,8","9,7","206,3","203,5","16,7","229,8","13,8","5.245,3"
2022-10-09 12:45,"3,977","3,804","9,7","9,5","207,7","205,5","16,6","229,2","14,7","5.246,2"
2022-10-09 13:00,"3,914","3,751","9,5","9,3","207,7",207,"16,3","229,5","15,6","5.247,1"
2022-10-09 13:15,"2,457","2,457","5,9","5,9","207,6","206,9","10,2","226,2","16,5",5.248
2022-10-09 13:30,"3,685","3,467","8,7","8,6","213,2","210,5","15,6","227,9","17,2","5.248,7"
2022-10-09 13:45,"1,109","1,025","2,5","2,5","218,5",216,"4,8","223,2","17,6","5.249,1"
2022-10-09 14:00,"0,867","0,848","1,9","1,9","219,7","217,5","3,7","222,8",18,"5.249,5"
2022-10-09 14:15,"1,199","1,199","2,7","2,6",222,222,5,"223,5","18,3","5.249,8"
2022-10-09 14:30,"3,276","3,16","7,5","7,5","218,7",215,"13,8","226,8","18,8","5.250,3"
2022-10-09 14:45,"2,637","2,54","6,1","6,1","215,7","213,4","11,2","225,9","19,5",5.251
2022-10-09 15:00,"2,392","2,303","5,5","5,4","217,7","216,9","10,2",226,"20,1","5.251,6"
2022-10-09 15:15,"2,113","2,034","4,8","4,7","218,7","217,9",9,"225,6","20,6","5.252,1"
2022-10-09 15:30,"1,853","1,789","4,2","4,1","219,2","218,9","7,9","225,1","21,1","5.252,6"
2022-10-09 15:45,"1,571","1,518","3,6","3,5","219,8","218,7","6,7","224,3","21,5",5.253
2022-10-09 16:00,"1,279","1,241","2,9","2,8","220,7","223,9","5,5","222,8","21,8","5.253,3"
2022-10-09 16:15,"0,749","0,731","2,3","0,9","220,2",241,"3,3","222,4","22,1","5.253,6"
2022-10-09 16:30,"0,588","0,579","1,2","1,2","233,7","230,4","2,5","221,9","22,2","5.253,7"
2022-10-09 16:45,"0,407","0,406","0,9","0,8","225,8","229,7","1,8","222,6","22,3","5.253,8"
2022-10-09 17:00,"0,233","0,233","0,5","0,5","224,2","219,5",1,"222,4","22,4","5.253,9"
2022-10-09 17:15,"0,139","0,139","0,3","0,3","208,2","207,5","0,6","220,6","22,4","5.253,9"
2022-10-09 17:30,"0,102","0,102","0,2","0,2","199,7","201,5","0,4","220,8","22,4","5.253,9"
2022-10-09 17:45,"0,053","0,053","0,1","0,1","193,7","194,5","0,2","219,8","22,4","5.253,9"
2022-10-09 18:00,--,--,--,--,--,--,--,--,"22,4","5.253,9"
2022-10-09 18:15,--,--,--,--,--,--,--,--,"22,4","5.253,9"
2022-10-09 18:30,--,--,--,--,--,--,--,--,"22,4","5.253,9"
2022-10-09 18:45,--,--,--,--,--,--,--,--,"22,4","5.253,9"
2022-10-09 19:00,--,--,--,--,--,--,--,--,"22,4","5.253,9"
2022-10-09 19:15,--,--,--,--,--,--,--,--,"22,4","5.253,9"
2022-10-09 19:30,--,--,--,--,--,--,--,--,"22,4","5.253,9"
2022-10-09 19:45,--,--,--,--,--,--,--,--,"22,4","5.253,9"
2022-10-09 20:00,--,--,--,--,--,--,--,--,"22,4","5.253,9"
2022-10-09 20:15,--,--,--,--,--,--,--,--,"22,4","5.253,9"
2022-10-09 20:30,--,--,--,--,--,--,--,--,"22,4","5.253,9"
2022-10-09 20:45,--,--,--,--,--,--,--,--,"22,4","5.253,9"
2022-10-09 21:00,--,--,--,--,--,--,--,--,"22,4","5.253,9"
2022-10-09 21:15,--,--,--,--,--,--,--,--,"22,4","5.253,9"
2022-10-09 21:30,--,--,--,--,--,--,--,--,"22,4","5.253,9"
2022-10-09 21:45,--,--,--,--,--,--,--,--,"22,4","5.253,9"
2022-10-09 22:00,--,--,--,--,--,--,--,--,"22,4","5.253,9"
2022-10-09 22:15,--,--,--,--,--,--,--,--,"22,4","5.253,9"
2022-10-09 22:30,--,--,--,--,--,--,--,--,"22,4","5.253,9"
2022-10-09 22:45,--,--,--,--,--,--,--,--,"22,4","5.253,9"
2022-10-09 23:00,--,--,--,--,--,--,--,--,"22,4","5.253,9"
2022-10-09 23:15,--,--,--,--,--,--,--,--,"22,4","5.253,9"
2022-10-09 23:30,--,--,--,--,--,--,--,--,"22,4","5.253,9"
2022-10-09 23:45,--,--,--,--,--,--,--,--,"22,4","5.253,9"
2022-10-10 00:00,--,--,--,--,--,--,--,--,--,"5.253,9"
2022-10-10 00:15,--,--,--,--,--,--,--,--,--,"5.253,9"
2022-10-10 00:30,--,--,--,--,--,--,--,--,0,"5.253,9"
2022-10-10 00:45,--,--,--,--,--,--,--,--,0,"5.253,9"
2022-10-10 01:00,--,--,--,--,--,--,--,--,0,"5.253,9"
2022-10-10 01:15,--,--,--,--,--,--,--,--,0,"5.253,9"
2022-10-10 01:30,--,--,--,--,--,--,--,--,0,"5.253,9"
2022-10-10 01:45,--,--,--,--,--,--,--,--,0,"5.253,9"
2022-10-10 02:00,--,--,--,--,--,--,--,--,0,"5.253,9"
2022-10-10 02:15,--,--,--,--,--,--,--,--,0,"5.253,9"
2022-10-10 02:30,--,--,--,--,--,--,--,--,0,"5.253,9"
2022-10-10 02:45,--,--,--,--,--,--,--,--,0,"5.253,9"
2022-10-10 03:00,--,--,--,--,--,--,--,--,0,"5.253,9"
2022-10-10 03:15,--,--,--,--,--,--,--,--,0,"5.253,9"
2022-10-10 03:30,--,--,--,--,--,--,--,--,0,"5.253,9"
2022-10-10 03:45,--,--,--,--,--,--,--,--,0,"5.253,9"
2022-10-10 04:00,--,--,--,--,--,--,--,--,0,"5.253,9"
2022-10-10 04:15,--,--,--,--,--,--,--,--,0,"5.253,9"
2022-10-10 04:30,--,--,--,--,--,--,--,--,0,"5.253,9"
2022-10-10 04:45,--,--,--,--,--,--,--,--,0,"5.253,9"
2022-10-10 05:00,--,--,--,--,--,--,--,--,0,"5.253,9"
2022-10-10 05:15,--,--,--,--,--,--,--,--,0,"5.253,9"
2022-10-10 05:30,0,0,0,0,"226,4","226,4",0,223,0,"5.253,9"
2022-10-10 05:45,0,0,0,0,"227,5","227,7",0,222,0,"5.253,9"
2022-10-10 06:00,0,0,0,0,230,"230,1",0,"222,2",0,"5.253,9"
2022-10-10 06:15,"0,133","0,133","0,3","0,3","205,6","207,1","0,6","223,6",0,"5.253,9"
2022-10-10 06:30,"0,213","0,213","0,5","0,4","214,6","215,6","0,9","223,8",0,"5.253,9"
2022-10-10 06:45,"0,245","0,245","0,5","0,5","214,6","212,6","1,1",224,"0,1",5.254
2022-10-10 07:00,"0,485","0,484","1,1",1,"220,1","219,1","2,1","222,4","0,2","5.254,1"
2022-10-10 07:15,"0,557","0,557","1,2","1,2","219,1","218,1","2,3","219,2","0,3","5.254,2"
2022-10-10 07:30,"0,75","0,725","1,7","1,6","221,2","219,6","3,3","219,2","0,5","5.254,4"
2022-10-10 07:45,"0,997","0,983","2,2","2,2","221,1","220,5","4,4","219,8","0,7","5.254,6"
2022-10-10 08:00,"0,96","0,946","2,1","2,1","222,6","219,6","4,2","220,6","0,9","5.254,8"
2022-10-10 08:15,"0,826","0,823","1,9","1,8","217,9","219,1","3,6",219,"1,2","5.255,1"
2022-10-10 08:30,"1,144","1,123","2,6","2,5","221,4","219,9",5,"220,3","1,4","5.255,3"
2022-10-10 08:45,"0,992","0,981","2,3","2,2","219,6","218,1","4,3","221,8","1,7","5.255,6"
2022-10-10 09:00,"0,929","0,903","2,1","2,1","216,1","214,7","4,1","219,2","1,9","5.255,8"
2022-10-10 09:15,"3,017","3,017","7,2","6,8","211,6",218,"9,5","221,2","2,5","5.256,4"
2022-10-10 09:30,"1,433","1,411","3,3","3,3",217,"210,1","6,3","219,4",3,"5.256,9"
2022-10-10 09:45,"1,253","1,224","3,1",3,"204,2","204,5","5,5","216,6","3,7","5.257,6"
2022-10-10 10:00,"1,238","1,238",3,"2,9","208,5","208,4","5,2","218,1","4,2","5.258,1"
2022-10-10 10:15,"3,943","3,789","9,7","9,4","206,1","205,1","16,9","223,4",5,"5.258,9"
2022-10-10 10:30,"2,369","2,337","5,8","5,4","210,2","208,6","10,4","221,8","5,7","5.259,6"
2022-10-10 10:45,"1,324","1,302","3,1",3,"214,6","211,6","5,8",218,"6,2","5.260,1"
2022-10-10 11:00,"1,222","1,184","2,8","2,7","218,4","216,6","5,4","218,8","6,5","5.260,4"
2022-10-10 11:15,"1,547","1,49","3,5","3,5","218,6",217,"6,7",223,"6,9","5.260,8"
2022-10-10 11:30,"1,7","1,656","3,9","3,8","221,6","218,6","7,4","220,4","7,3","5.261,2"
2022-10-10 11:45,"1,003","0,971","2,3","2,2","215,1",214,"4,3","223,4","7,6","5.261,5"
2022-10-10 12:00,"4,524","4,324",11,"10,8","207,6","206,6","19,1",227,"8,3","5.262,2"
2022-10-10 12:15,"4,363","4,12","10,6","10,4","209,1","205,1","18,5","225,5","9,3","5.263,2"
2022-10-10 12:30,"1,297","1,224",3,"2,9","218,1","212,8","5,6","222,5","9,8","5.263,7"
2022-10-10 12:45,"2,198","2,198",5,"5,1","215,8","211,6",9,"219,7","10,5","5.264,4"
2022-10-10 13:00,"1,585","1,442","3,7","3,7","213,1","209,6",7,"217,4","11,3","5.265,2"
2022-10-10 13:15,"1,28","1,228","2,9","2,9","218,4","213,1","5,6","219,2","11,7","5.265,6"
2022-10-10 13:30,"3,669","3,669","8,6","8,1","218,3","217,7",15,"222,6","12,2","5.266,1"
2022-10-10 13:45,"1,732","1,572","3,9","3,9","222,6",217,"7,7",217,"12,8","5.266,7"
2022-10-10 14:00,"1,074","1,052","2,4","2,4","221,3","218,6","4,8","214,8","13,2","5.267,1"
2022-10-10 14:15,"3,101","2,983","7,3",7,"214,7","217,1","13,6","219,1","13,9","5.267,8"
2022-10-10 14:30,"2,668","2,573","6,1","6,2","218,1","212,6","11,6",221,"14,5","5.268,4"
2022-10-10 14:45,"1,618","1,304","3,7","3,7","217,1","213,1","7,2","217,6",15,"5.268,9"
2022-10-10 15:00,"2,241","2,171","5,1",5,"221,7","219,3","9,9","218,3","15,4","5.269,3"
2022-10-10 15:15,"1,863","1,791","4,2","4,1","220,6","221,4","8,1","219,6","15,8","5.269,7"
2022-10-10 15:30,"1,586","1,545","3,5","3,5","222,8","220,6",7,"216,6","16,3","5.270,2"
2022-10-10 15:45,"0,886","0,886","1,9",2,"226,5","217,8","3,8","215,2","16,6","5.270,5"
2022-10-10 16:00,"1,057","1,041","2,6","1,9","221,8","237,6","4,7",218,"16,8","5.270,7"
2022-10-10 16:15,"0,668","0,651","1,5","1,4","219,6","222,1",3,"217,6",17,"5.270,9"
2022-10-10 16:30,"0,534","0,53","1,2","1,1","228,1","226,6","2,4","218,8","17,2","5.271,1"
2022-10-10 16:45,"0,344","0,344","0,8","0,7",226,226,"1,5",220,"17,3","5.271,2"
2022-10-10 17:00,"0,229","0,229","0,5","0,5","213,1","212,5",1,"219,4","17,3","5.271,2"
2022-10-10 17:15,"0,139","0,139","0,3","0,3","204,6","204,6","0,6","220,3","17,3","5.271,2"
2022-10-10 17:30,"0,084","0,084","0,2","0,2","198,1","200,1","0,3",221,"17,4","5.271,3"
2022-10-10 17:45,"0,05","0,05","0,1","0,1","190,6","198,1","0,2","220,2","17,4","5.271,3"
2022-10-10 18:00,"0,047","0,047","0,3","0,3","73,5","69,2","0,2",220,"17,4","5.271,3"
2022-10-10 18:15,"0,047","0,047","0,3","0,3","73,5","69,2","0,2",220,"17,4","5.271,3"
2022-10-10 18:30,"0,047","0,047","0,3","0,3","73,5","69,2","0,2",220,"17,4","5.271,3"
2022-10-10 18:45,--,--,--,--,--,--,--,--,"17,4","5.271,3"
2022-10-10 19:00,--,--,--,--,--,--,--,--,"17,4","5.271,3"
2022-10-10 19:15,--,--,--,--,--,--,--,--,"17,4","5.271,3"
2022-10-10 19:30,--,--,--,--,--,--,--,--,"17,4","5.271,3"
2022-10-10 19:45,--,--,--,--,--,--,--,--,"17,4","5.271,3"
2022-10-10 20:00,--,--,--,--,--,--,--,--,"17,4","5.271,3"
2022-10-10 20:15,--,--,--,--,--,--,--,--,"17,4","5.271,3"
2022-10-10 20:30,--,--,--,--,--,--,--,--,"17,4","5.271,3"
2022-10-10 20:45,--,--,--,--,--,--,--,--,"17,4","5.271,3"
2022-10-10 21:00,--,--,--,--,--,--,--,--,"17,4","5.271,3"
2022-10-10 21:15,--,--,--,--,--,--,--,--,"17,4","5.271,3"
2022-10-10 21:30,--,--,--,--,--,--,--,--,"17,4","5.271,3"
2022-10-10 21:45,--,--,--,--,--,--,--,--,"17,4","5.271,3"
2022-10-10 22:00,--,--,--,--,--,--,--,--,"17,4","5.271,3"
2022-10-10 22:15,--,--,--,--,--,--,--,--,"17,4","5.271,3"
2022-10-10 22:30,--,--,--,--,--,--,--,--,"17,4","5.271,3"
2022-10-10 22:45,--,--,--,--,--,--,--,--,"17,4","5.271,3"
2022-10-10 23:00,--,--,--,--,--,--,--,--,"17,4","5.271,3"
2022-10-10 23:15,--,--,--,--,--,--,--,--,"17,4","5.271,3"
2022-10-10 23:30,--,--,--,--,--,--,--,--,"17,4","5.271,3"
2022-10-10 23:45,--,--,--,--,--,--,--,--,"17,4","5.271,3"
2022-10-11 00:00,--,--,--,--,--,--,--,--,0,"5.271,3"
2022-10-11 00:15,--,--,--,--,--,--,--,--,0,"5.271,3"
2022-10-11 00:30,--,--,--,--,--,--,--,--,0,"5.271,3"
2022-10-11 00:45,--,--,--,--,--,--,--,--,0,"5.271,3"
2022-10-11 01:00,--,--,--,--,--,--,--,--,0,"5.271,3"
2022-10-11 01:15,--,--,--,--,--,--,--,--,0,"5.271,3"
2022-10-11 01:30,--,--,--,--,--,--,--,--,0,"5.271,3"
2022-10-11 01:45,--,--,--,--,--,--,--,--,0,"5.271,3"
2022-10-11 02:00,--,--,--,--,--,--,--,--,0,"5.271,3"
2022-10-11 02:15,--,--,--,--,--,--,--,--,0,"5.271,3"
2022-10-11 02:30,--,--,--,--,--,--,--,--,0,"5.271,3"
2022-10-11 02:45,--,--,--,--,--,--,--,--,0,"5.271,3"
2022-10-11 03:00,--,--,--,--,--,--,--,--,0,"5.271,3"
2022-10-11 03:15,--,--,--,--,--,--,--,--,0,"5.271,3"
2022-10-11 03:30,--,--,--,--,--,--,--,--,0,"5.271,3"
2022-10-11 03:45,--,--,--,--,--,--,--,--,0,"5.271,3"
2022-10-11 04:00,--,--,--,--,--,--,--,--,0,"5.271,3"
2022-10-11 04:15,--,--,--,--,--,--,--,--,0,"5.271,3"
2022-10-11 04:30,--,--,--,--,--,--,--,--,0,"5.271,3"
2022-10-11 04:45,--,--,--,--,--,--,--,--,0,"5.271,3"
2022-10-11 05:00,--,--,--,--,--,--,--,--,0,"5.271,3"
2022-10-11 05:15,--,--,--,--,--,--,--,--,0,"5.271,3"
2022-10-11 05:30,0,0,0,0,"226,5","226,7",0,"223,8",0,"5.271,3"
2022-10-11 05:45,"0,17","0,17","0,4","0,4","209,5","212,4","0,7","224,9",0,"5.271,3"
2022-10-11 06:00,"0,248","0,248","0,5","0,5",212,"214,4","1,1","225,7",0,"5.271,3"
2022-10-11 06:15,"0,313","0,313","0,7","0,7",215,"216,9","1,4","223,2","0,1","5.271,4"
2022-10-11 06:30,"0,323","0,323","0,7","0,7",218,"215,4","1,4",223,"0,1","5.271,4"
2022-10-11 06:45,"0,361","0,361","0,8","0,8","215,5","214,9","1,6","223,5","0,2","5.271,5"
2022-10-11 07:00,"0,772","0,722","1,7","1,7","218,2","220,4","3,4","222,7","0,3","5.271,6"
2022-10-11 07:15,"0,543","0,529","1,2","1,2","216,9","216,4","2,4","222,5","0,5","5.271,8"
2022-10-11 07:30,"1,518","1,242","3,4","3,4","220,4","220,3","6,6",222,"0,7",5.272
2022-10-11 07:45,"2,497","2,396","5,7","5,6","217,1","218,4","10,8","223,6","1,2","5.272,5"
2022-10-11 08:00,"1,073","1,031","2,5","2,4","219,1","217,9","4,7","220,4","1,5","5.272,8"
2022-10-11 08:15,"1,078","1,04","2,5","2,4","217,8","215,4","4,7","220,8","1,8","5.273,1"
2022-10-11 08:30,"1,428","1,396","3,2","3,1","220,9","219,4","6,2","222,3","2,1","5.273,4"
2022-10-11 08:45,"2,233","2,233","5,1",5,"218,5","217,6",8,"224,2","2,5","5.273,8"
2022-10-11 09:00,"1,52","1,417","3,4","3,4","221,4","218,5","6,6","222,5","2,9","5.274,2"
2022-10-11 09:15,"1,489","1,466","3,4","3,3","221,5","217,1","6,4","223,8","3,3","5.274,6"
2022-10-11 09:30,"1,265","1,223","2,9","2,8","219,8","218,9","5,5","220,8","3,6","5.274,9"
2022-10-11 09:45,"2,142","1,597","4,9","4,7","222,2","221,2","9,4","223,2","3,9","5.275,2"
2022-10-11 10:00,"3,844","3,844","8,3","9,2","217,2","220,3","14,8","225,1","4,4","5.275,7"
2022-10-11 10:15,"4,432","4,216","10,9","10,7","204,5","202,9","18,6","226,8","5,4","5.276,7"
2022-10-11 10:30,"0,983","0,943","2,4","2,3","207,9",207,"4,3",221,"6,2","5.277,5"
2022-10-11 10:45,"4,263","4,107","10,2",10,"210,9","209,2",18,"226,8","6,7",5.278
2022-10-11 11:00,"2,364","1,713","5,8","5,6","205,9","204,9","9,9","224,1","7,5","5.278,8"
2022-10-11 11:15,"1,185","1,148","2,9","2,9","205,8","201,2","5,2","219,4","8,2","5.279,5"
2022-10-11 11:30,"3,046","3,046","7,5","7,3","203,4","203,6","7,9","221,2","8,8","5.280,1"
2022-10-11 11:45,"4,843","4,583","11,8","11,6","206,7","206,2","20,5","225,8","9,4","5.280,7"
2022-10-11 12:00,"4,336","3,759","10,3","10,4","211,6","205,2","18,1","230,1","10,3","5.281,6"
2022-10-11 12:15,"1,214","1,026",3,3,"201,6","199,3","5,3",219,11,"5.282,3"
2022-10-11 12:30,"3,965","3,782","9,9","9,7","203,3","199,3",17,"222,5",12,"5.283,3"
2022-10-11 12:45,"3,848","3,686","9,5","9,5","204,3","199,8","16,5","223,1","12,9","5.284,2"
2022-10-11 13:00,"3,744","3,58","9,3","9,3","202,8","198,3","15,9","224,5","13,8","5.285,1"
2022-10-11 13:15,"3,696","3,535","9,2",9,"203,8","201,8",16,"221,8","14,7",5.286
2022-10-11 13:30,"3,652","3,503","8,9","8,7","206,8","204,3",16,219,"15,5","5.286,8"
2022-10-11 13:45,"3,347","3,212","8,2","7,9","205,8","206,3","14,7","218,2","16,3","5.287,6"
2022-10-11 14:00,"3,193","3,064","7,8","7,6","207,4","205,3",14,"218,5","17,1","5.288,4"
2022-10-11 14:15,"3,011","2,888","7,2","7,1","210,3","208,8","13,3","217,2","17,8","5.289,1"
2022-10-11 14:30,"2,783","2,69","6,6","6,5","211,4","210,3","12,2","219,8","18,5","5.289,8"
2022-10-11 14:45,"2,596","2,5","6,1","5,9","213,8","215,2","11,5","217,8","19,1","5.290,4"
2022-10-11 15:00,"2,362","2,276","5,5","5,4","215,6","215,8","10,3","219,6","19,7",5.291
2022-10-11 15:15,"2,115","2,044","4,9","4,8","217,5",215,"9,2","220,6","20,3","5.291,6"
2022-10-11 15:30,"1,843","1,78","4,2","4,1","218,2","217,8","8,3","215,8","20,7",5.292
2022-10-11 15:45,"1,474","1,439","3,1","3,5","223,8","218,2","6,6","217,2","21,1","5.292,4"
2022-10-11 16:00,"1,254","1,224","2,9","2,6","221,7","228,8","5,6","215,4","21,5","5.292,8"
2022-10-11 16:15,"0,869","0,848","2,3","1,5","220,9","235,3","3,9","214,2","21,7",5.293
2022-10-11 16:30,"0,533","0,524",1,"1,2","240,3","228,3","2,4","216,3","21,9","5.293,2"
2022-10-11 16:45,"0,386","0,381","0,8","0,8","222,7","232,3","1,8","215,3",22,"5.293,3"
2022-10-11 17:00,"0,219","0,219","0,5","0,4","224,3","222,3",1,220,22,"5.293,3"
2022-10-11 17:15,"0,134","0,134","0,3","0,3","209,8","211,3","0,6","218,8","22,1","5.293,4"
2022-10-11 17:30,"0,099","0,099","0,2","0,2","201,3","204,8","0,4",221,"22,1","5.293,4"
2022-10-11 17:45,"0,057","0,057","0,1","0,1","194,8","197,3","0,2","222,1","22,1","5.293,4"
2022-10-11 18:00,"0,051","0,051","0,1","0,1","158,4","159,4","0,2","222,1","22,1","5.293,4"
2022-10-11 18:15,"0,051","0,051","0,1","0,1","158,4","159,4","0,2","222,1","22,1","5.293,4"
2022-10-11 18:30,--,--,--,--,--,--,--,--,"22,1","5.293,4"
2022-10-11 18:45,--,--,--,--,--,--,--,--,"22,1","5.293,4"
2022-10-11 19:00,--,--,--,--,--,--,--,--,"22,1","5.293,4"
2022-10-11 19:15,--,--,--,--,--,--,--,--,"22,1","5.293,4"
2022-10-11 19:30,--,--,--,--,--,--,--,--,"22,1","5.293,4"
2022-10-11 19:45,--,--,--,--,--,--,--,--,"22,1","5.293,4"
2022-10-11 20:00,--,--,--,--,--,--,--,--,"22,1","5.293,4"
2022-10-11 20:15,--,--,--,--,--,--,--,--,"22,1","5.293,4"
2022-10-11 20:30,--,--,--,--,--,--,--,--,"22,1","5.293,4"
2022-10-11 20:45,--,--,--,--,--,--,--,--,"22,1","5.293,4"
2022-10-11 21:00,--,--,--,--,--,--,--,--,"22,1","5.293,4"
2022-10-11 21:15,--,--,--,--,--,--,--,--,"22,1","5.293,4"
2022-10-11 21:30,--,--,--,--,--,--,--,--,"22,1","5.293,4"
2022-10-11 21:45,--,--,--,--,--,--,--,--,"22,1","5.293,4"
2022-10-11 22:00,--,--,--,--,--,--,--,--,"22,1","5.293,4"
2022-10-11 22:15,--,--,--,--,--,--,--,--,"22,1","5.293,4"
2022-10-11 22:30,--,--,--,--,--,--,--,--,"22,1","5.293,4"
2022-10-11 22:45,--,--,--,--,--,--,--,--,"22,1","5.293,4"
2022-10-11 23:00,--,--,--,--,--,--,--,--,"22,1","5.293,4"
2022-10-11 23:15,--,--,--,--,--,--,--,--,"22,1","5.293,4"
2022-10-11 23:30,--,--,--,--,--,--,--,--,"22,1","5.293,4"
2022-10-11 23:45,--,--,--,--,--,--,--,--,"22,1","5.293,4"
2022-10-12 00:00,--,--,--,--,--,--,--,--,0,"5.293,4"
2022-10-12 00:15,--,--,--,--,--,--,--,--,0,"5.293,4"
2022-10-12 00:30,--,--,--,--,--,--,--,--,0,"5.293,4"
2022-10-12 00:45,--,--,--,--,--,--,--,--,0,"5.293,4"
2022-10-12 01:00,--,--,--,--,--,--,--,--,0,"5.293,4"
2022-10-12 01:15,--,--,--,--,--,--,--,--,0,"5.293,4"
2022-10-12 01:30,--,--,--,--,--,--,--,--,0,"5.293,4"
2022-10-12 01:45,--,--,--,--,--,--,--,--,0,"5.293,4"
2022-10-12 02:00,--,--,--,--,--,--,--,--,0,"5.293,4"
2022-10-12 02:15,--,--,--,--,--,--,--,--,0,"5.293,4"
2022-10-12 02:30,--,--,--,--,--,--,--,--,0,"5.293,4"
2022-10-12 02:45,--,--,--,--,--,--,--,--,0,"5.293,4"
2022-10-12 03:00,--,--,--,--,--,--,--,--,0,"5.293,4"
2022-10-12 03:15,--,--,--,--,--,--,--,--,0,"5.293,4"
2022-10-12 03:30,--,--,--,--,--,--,--,--,0,"5.293,4"
2022-10-12 03:45,--,--,--,--,--,--,--,--,0,"5.293,4"
2022-10-12 04:00,--,--,--,--,--,--,--,--,0,"5.293,4"
2022-10-12 04:15,--,--,--,--,--,--,--,--,0,"5.293,4"
2022-10-12 04:30,--,--,--,--,--,--,--,--,0,"5.293,4"
2022-10-12 04:45,--,--,--,--,--,--,--,--,0,"5.293,4"
2022-10-12 05:00,--,--,--,--,--,--,--,--,0,"5.293,4"
2022-10-12 05:15,0,0,0,0,"214,3","214,4",0,"223,7",0,"5.293,4"
2022-10-12 05:30,0,0,0,0,"234,4","234,7",0,224,0,"5.293,4"
2022-10-12 05:45,"0,142","0,142","0,3","0,3","207,7","211,9","0,6","223,8",0,"5.293,4"
2022-10-12 06:00,"0,22","0,22","0,5","0,5","212,7","216,4",1,"225,6",0,"5.293,4"
2022-10-12 06:15,"0,266","0,266","0,6","0,6","216,2","217,9","1,1","224,8","0,1","5.293,5"
2022-10-12 06:30,"0,419","0,406","0,8","0,9","222,7","229,9","1,8","224,4","0,1","5.293,5"
2022-10-12 06:45,"0,757","0,7","0,7","2,4","239,7","230,4","3,3","225,2","0,2","5.293,6"
2022-10-12 07:00,"0,959","0,928","0,9",3,"253,7","228,2","4,1","224,9","0,4","5.293,8"
2022-10-12 07:15,"1,675","1,603","3,6","3,8","227,6","222,4","7,2","224,8","0,7","5.294,1"
2022-10-12 07:30,"0,884","0,86","2,1",2,"207,1","213,3","3,8","223,2","1,1","5.294,5"
2022-10-12 07:45,"0,725","0,708","1,6","1,6","218,3",215,"3,1","223,8","1,3","5.294,7"
2022-10-12 08:00,"2,169","1,26","5,2","4,6","218,1",220,"9,4",227,"1,5","5.294,9"
2022-10-12 08:15,"3,056","2,633","7,1","6,7","219,7","219,5",13,"227,6","1,9","5.295,3"
2022-10-12 08:30,"0,893","0,882","2,1",2,"214,6","213,9","3,8","223,4","2,5","5.295,9"
2022-10-12 08:45,"1,111","1,087","2,5","2,4","220,2","216,4","4,8","224,2","2,7","5.296,1"
2022-10-12 09:00,"1,459","1,405","3,3","3,2",221,"218,9","6,3","224,3",3,"5.296,4"
2022-10-12 09:15,"0,89","0,858",2,2,"218,7","212,5","3,8","223,4","3,4","5.296,8"
2022-10-12 09:30,"4,771","4,134","10,8","10,8","220,2","219,3","19,7","231,6","3,8","5.297,2"
2022-10-12 09:45,"1,413","1,409","3,3","3,2","214,5","214,4",6,225,"4,3","5.297,7"
2022-10-12 10:00,"3,147","3,147","7,6","7,3","212,4","207,2","10,4","227,2","4,9","5.298,3"
2022-10-12 10:15,"1,56","1,429","3,6","3,5","215,8","212,6","6,6","225,4","5,3","5.298,7"
2022-10-12 10:30,"1,416","1,352","3,3","3,2","215,8","213,5",6,226,"5,7","5.299,1"
2022-10-12 10:45,"2,325","2,325","5,4","5,4","214,2","213,3","9,3","226,4","6,1","5.299,5"
2022-10-12 11:00,"4,268","4,073","10,6","10,5","201,3","200,4","17,7","229,5","7,1","5.300,5"
2022-10-12 11:15,"4,356","4,166",11,"10,6","200,8","201,9","18,1","228,9","8,1","5.301,5"
2022-10-12 11:30,"4,623","4,416","11,5","11,2","203,6","201,9","19,2","229,8","8,9","5.302,3"
2022-10-12 11:45,"4,347","4,139","10,8","10,7","203,1","199,9","18,1","229,9","9,9","5.303,3"
2022-10-12 12:00,"4,185","4,185",10,"10,9","202,2","197,4","16,9","230,5","10,9","5.304,3"
2022-10-12 12:15,"1,206","1,206","2,9","2,8","207,5","208,3","4,9","225,1","11,4","5.304,8"
2022-10-12 12:30,"1,258","1,222",3,3,206,"204,6","5,3","225,2",12,"5.305,4"
2022-10-12 12:45,"1,213","1,158","2,8","2,8","216,9","213,8","5,2","224,2","12,4","5.305,8"
2022-10-12 13:00,"1,39","1,109","3,1","3,4","211,9","214,9","5,8","224,4","12,8","5.306,2"
2022-10-12 13:15,"3,255","3,255",8,"7,3","214,3","207,6","11,3","226,6","13,5","5.306,9"
2022-10-12 13:30,"3,646","3,487","8,6","8,5","213,6","209,3","15,1","231,1","14,2","5.307,6"
2022-10-12 13:45,"3,524","3,385","8,3","8,2","212,7","210,3","14,7","230,4","15,1","5.308,5"
2022-10-12 14:00,"3,269","3,137","7,7","7,6","214,6","210,3","13,7",230,"15,9","5.309,3"
2022-10-12 14:15,"3,078","2,979","7,2","7,1","214,6","213,2","12,9","229,4","16,6",5.310
2022-10-12 14:30,"2,867","2,762","6,6","6,5","218,1","215,3",12,"229,2","17,2","5.310,6"
2022-10-12 14:45,"2,56","2,47","5,9","5,8","218,6","215,7","10,8","228,8","17,8","5.311,2"
2022-10-12 15:00,"2,323","2,24","5,3","5,3","218,4","216,3","9,8","227,8","18,4","5.311,8"
2022-10-12 15:15,"2,054","1,987","4,7","4,6",219,217,"8,7","227,4","18,9","5.312,3"
2022-10-12 15:30,"1,798","1,738","4,1",4,"220,8","217,8","7,6","226,4","19,4","5.312,8"
2022-10-12 15:45,"1,522","1,455","3,3","3,4","226,1","219,7","6,5","225,6","19,8","5.313,2"
2022-10-12 16:00,"0,94","0,929","2,8","1,2","222,4","244,8","4,1",224,"20,1","5.313,5"
2022-10-12 16:15,"0,862","0,845","2,1","1,6","223,6","232,8","3,7","223,5","20,3","5.313,7"
2022-10-12 16:30,"0,526","0,513",1,"1,1","238,1","229,3","2,3",223,"20,5","5.313,9"
2022-10-12 16:45,"0,358","0,358","0,8","0,7","228,6","228,6","1,5","223,1","20,6",5.314
2022-10-12 17:00,"0,201","0,201","0,4","0,4","221,1","215,3","0,9","222,7","20,6",5.314
2022-10-12 17:15,"0,125","0,125","0,2","0,3","206,1","205,3","0,5","222,8","20,6",5.314
2022-10-12 17:30,"0,089","0,089","0,2","0,2","197,6","199,3","0,3","222,7","20,7","5.314,1"
2022-10-12 17:45,"0,052","0,052","0,1","0,1","196,6","199,8","0,2","221,8","20,7","5.314,1"
2022-10-12 18:00,"0,048","0,048","0,1","0,2","121,2","119,1","0,2","221,8","20,7","5.314,1"
2022-10-12 18:15,"0,048","0,048","0,1","0,2","121,2","119,1","0,2","221,8","20,7","5.314,1"
2022-10-12 18:30,"0,048","0,048","0,1","0,2","121,2","119,1","0,2","221,8","20,7","5.314,1"
2022-10-12 18:45,--,--,--,--,--,--,--,--,"20,7","5.314,1"
2022-10-12 19:00,--,--,--,--,--,--,--,--,"20,7","5.314,1"
2022-10-12 19:15,--,--,--,--,--,--,--,--,"20,7","5.314,1"
2022-10-12 19:30,--,--,--,--,--,--,--,--,"20,7","5.314,1"
2022-10-12 19:45,--,--,--,--,--,--,--,--,"20,7","5.314,1"
2022-10-12 20:00,--,--,--,--,--,--,--,--,"20,7","5.314,1"
2022-10-12 20:15,--,--,--,--,--,--,--,--,"20,7","5.314,1"
2022-10-12 20:30,--,--,--,--,--,--,--,--,"20,7","5.314,1"
2022-10-12 20:45,--,--,--,--,--,--,--,--,"20,7","5.314,1"
2022-10-12 21:00,--,--,--,--,--,--,--,--,"20,7","5.314,1"
2022-10-12 21:15,--,--,--,--,--,--,--,--,"20,7","5.314,1"
2022-10-12 21:30,--,--,--,--,--,--,--,--,"20,7","5.314,1"
2022-10-12 21:45,--,--,--,--,--,--,--,--,"20,7","5.314,1"
2022-10-12 22:00,--,--,--,--,--,--,--,--,"20,7","5.314,1"
2022-10-12 22:15,--,--,--,--,--,--,--,--,"20,7","5.314,1"
2022-10-12 22:30,--,--,--,--,--,--,--,--,"20,7","5.314,1"
2022-10-12 22:45,--,--,--,--,--,--,--,--,"20,7","5.314,1"
2022-10-12 23:00,--,--,--,--,--,--,--,--,"20,7","5.314,1"
2022-10-12 23:15,--,--,--,--,--,--,--,--,"20,7","5.314,1"
2022-10-12 23:30,--,--,--,--,--,--,--,--,"20,7","5.314,1"
2022-10-12 23:45,--,--,--,--,--,--,--,--,"20,7","5.314,1"
2022-10-13 00:00,--,--,--,--,--,--,--,--,0,"5.314,1"
2022-10-13 00:15,--,--,--,--,--,--,--,--,0,"5.314,1"
2022-10-13 00:30,--,--,--,--,--,--,--,--,0,"5.314,1"
2022-10-13 00:45,--,--,--,--,--,--,--,--,0,"5.314,1"
2022-10-13 01:00,--,--,--,--,--,--,--,--,0,"5.314,1"
2022-10-13 01:15,--,--,--,--,--,--,--,--,0,"5.314,1"
2022-10-13 01:30,--,--,--,--,--,--,--,--,0,"5.314,1"
2022-10-13 01:45,--,--,--,--,--,--,--,--,0,"5.314,1"
2022-10-13 02:00,--,--,--,--,--,--,--,--,0,"5.314,1"
2022-10-13 02:15,--,--,--,--,--,--,--,--,0,"5.314,1"
2022-10-13 02:30,--,--,--,--,--,--,--,--,0,"5.314,1"
2022-10-13 02:45,--,--,--,--,--,--,--,--,0,"5.314,1"
2022-10-13 03:00,--,--,--,--,--,--,--,--,0,"5.314,1"
2022-10-13 03:15,--,--,--,--,--,--,--,--,0,"5.314,1"
2022-10-13 03:30,--,--,--,--,--,--,--,--,0,"5.314,1"
2022-10-13 03:45,--,--,--,--,--,--,--,--,0,"5.314,1"
2022-10-13 04:00,--,--,--,--,--,--,--,--,0,"5.314,1"
2022-10-13 04:15,--,--,--,--,--,--,--,--,0,"5.314,1"
2022-10-13 04:30,--,--,--,--,--,--,--,--,0,"5.314,1"
2022-10-13 04:45,--,--,--,--,--,--,--,--,0,"5.314,1"
2022-10-13 05:00,--,--,--,--,--,--,--,--,0,"5.314,1"
2022-10-13 05:15,0,0,0,0,"198,9","198,9",0,"223,8",0,"5.314,1"
2022-10-13 05:30,0,0,0,0,"232,7","232,7",0,224,0,"5.314,1"
2022-10-13 05:45,"0,139","0,139","0,3","0,3","210,2","212,4","0,6","224,2",0,"5.314,1"
2022-10-13 06:00,"0,208","0,208","0,4","0,4","216,7","218,4","0,9",225,0,"5.314,1"
2022-10-13 06:15,"0,264","0,264","0,6","0,5","221,2","218,9","1,1","223,6",0,"5.314,1"
2022-10-13 06:30,"0,335","0,335","0,6","0,7","221,2","237,9","1,5","221,8","0,1","5.314,2"
2022-10-13 06:45,"0,715","0,696","0,7","2,3","237,2","225,4","3,1","223,7","0,2","5.314,3"
2022-10-13 07:00,"0,909","0,883","0,9","2,9","249,2","225,8",4,"223,2","0,4","5.314,5"
2022-10-13 07:15,"1,49","1,425","2,9","3,5","236,1","221,8","6,4","224,4","0,7","5.314,8"
2022-10-13 07:30,"2,108","2,032","4,7","4,8","223,1","218,9","9,1","222,8",1,"5.315,1"
2022-10-13 07:45,"2,716","2,48","6,2","6,1","219,2","219,3","11,7","223,6","1,5","5.315,6"
2022-10-13 08:00,"1,09","1,069","2,6","2,5","213,3","212,1","4,7","220,9",2,"5.316,1"
2022-10-13 08:15,"0,927","0,89","2,1","2,1","216,5","214,9","4,1","220,5","2,2","5.316,3"
2022-10-13 08:30,"3,501","3,366","8,2",8,"215,2","214,4","14,9","225,5","2,7","5.316,8"
2022-10-13 08:45,"1,055","1,045","2,5","2,4","210,5","205,9","4,5","222,9","3,5","5.317,6"
2022-10-13 09:00,"3,907","3,826","8,9","9,2","215,2","213,3","16,5","227,9","3,9",5.318
2022-10-13 09:15,"3,143","2,968","7,4",7,"216,7","216,6","13,5","225,7","4,2","5.318,3"
2022-10-13 09:30,"4,308","4,162","10,4","10,1","208,7",209,"18,1",228,"4,8","5.318,9"
2022-10-13 09:45,"4,478","3,764","11,1","10,9","203,2","201,9","18,7","228,8","5,6","5.319,7"
2022-10-13 10:00,"4,376","4,303","10,7","10,1","211,6","206,4","18,4","228,1","6,3","5.320,4"
2022-10-13 10:15,"1,374","1,356","3,4","3,2","204,1","203,1","5,8","224,2","7,1","5.321,2"
2022-10-13 10:30,"3,223","3,223","7,8","7,6","209,3","204,8",13,"226,1","7,9",5.322
2022-10-13 10:45,"4,767","4,539","11,6","11,3",208,"206,2","19,8","229,5","8,6","5.322,7"
2022-10-13 11:00,"1,355","1,348","3,1","3,1","216,8",212,"5,8",223,"8,9",5.323
2022-10-13 11:15,"1,5","1,42","3,4","3,3","218,8","217,7","6,5","222,5","9,2","5.323,3"
2022-10-13 11:30,"1,21","1,159","2,8","2,7","217,1","213,7","5,2","222,1","9,7","5.323,8"
2022-10-13 11:45,"1,182","1,117","2,7","2,6","220,8","218,6","5,1","224,3","9,9",5.324
2022-10-13 12:00,"1,762","1,67","4,1","4,1","212,1","209,1","7,6","224,8","10,6","5.324,7"
2022-10-13 12:15,"1,046","1,02","2,4","2,3","218,7","214,3","4,5",221,11,"5.325,1"
2022-10-13 12:30,"1,652","1,363","3,8","3,7","218,3","218,2","7,3","221,2","11,4","5.325,5"
2022-10-13 12:45,"1,221","1,177","2,7","2,7","221,7","221,8","5,4","220,1","11,8","5.325,9"
2022-10-13 13:00,"1,287","1,274",3,"2,9","214,8","213,6","5,6","220,8","12,3","5.326,4"
2022-10-13 13:15,"3,786","2,824","8,7","8,6","215,1","219,6","16,3","223,2","12,8","5.326,9"
2022-10-13 13:30,"1,923","1,799","4,3","4,5","216,7","212,7","8,5","218,4","13,3","5.327,4"
2022-10-13 13:45,"3,717","3,576","8,8","8,7","211,9","210,3","16,2","221,3","14,1","5.328,2"
2022-10-13 14:00,"3,467","3,319","8,1",8,"216,3","212,3","15,1","219,6","14,9",5.329
2022-10-13 14:15,"3,171","3,048","7,4","7,2","215,2","214,8","13,8","220,3","15,6","5.329,7"
2022-10-13 14:30,"3,032","2,918",7,"6,9","217,3","214,3","13,2","221,5","16,3","5.330,4"
2022-10-13 14:45,"2,62","2,525",6,6,"217,8","215,2","11,4","219,8","16,9",5.331
2022-10-13 15:00,"2,375","2,29","5,4","5,4",219,"215,8","10,3","221,6","17,5","5.331,6"
2022-10-13 15:15,"2,099","2,031","4,7","4,7","221,7","216,8","9,1",223,"18,1","5.332,2"
2022-10-13 15:30,"1,834","1,771","4,1","4,1","222,3","219,8","8,1","218,2","18,5","5.332,6"
2022-10-13 15:45,"1,482","1,436","2,9","3,5","234,4","219,6","6,5","219,7","18,9",5.333
2022-10-13 16:00,"1,32","1,279",3,"2,9","221,7","222,2","5,8","218,7","19,2","5.333,3"
2022-10-13 16:15,"0,9","0,878","2,3","1,6","224,2","232,3",4,"220,6","19,5","5.333,6"
2022-10-13 16:30,"0,415","0,401","0,7","0,9","245,4","236,8","1,8","217,8","19,6","5.333,7"
2022-10-13 16:45,"0,4","0,397","0,8","0,8","229,3","227,3","1,8","218,6","19,7","5.333,8"
2022-10-13 17:00,"0,232","0,232","0,5","0,4","226,8","220,3",1,"222,2","19,8","5.333,9"
2022-10-13 17:15,"0,137","0,137","0,3","0,3","209,3","209,3","0,6","216,8","19,8","5.333,9"
2022-10-13 17:30,"0,106","0,106","0,2","0,2","200,8","200,3","0,4","219,6","19,8","5.333,9"
2022-10-13 17:45,"0,056","0,056","0,1","0,1","197,3","200,3","0,2","220,9","19,8","5.333,9"
2022-10-13 18:00,"0,051","0,051","0,2","0,2","96,2","92,3","0,2","220,4","19,8","5.333,9"
2022-10-13 18:15,"0,051","0,051","0,2","0,2","96,2","92,3","0,2","220,4","19,8","5.333,9"
2022-10-13 18:30,"0,051","0,051","0,2","0,2","96,2","92,3","0,2","220,4","19,8","5.333,9"
2022-10-13 18:45,--,--,--,--,--,--,--,--,"19,8","5.333,9"
2022-10-13 19:00,--,--,--,--,--,--,--,--,"19,8","5.333,9"
2022-10-13 19:15,--,--,--,--,--,--,--,--,"19,8","5.333,9"
2022-10-13 19:30,--,--,--,--,--,--,--,--,"19,8","5.333,9"
2022-10-13 19:45,--,--,--,--,--,--,--,--,"19,8","5.333,9"
2022-10-13 20:00,--,--,--,--,--,--,--,--,"19,8","5.333,9"
2022-10-13 20:15,--,--,--,--,--,--,--,--,"19,8","5.333,9"
2022-10-13 20:30,--,--,--,--,--,--,--,--,"19,8","5.333,9"
2022-10-13 20:45,--,--,--,--,--,--,--,--,"19,8","5.333,9"
2022-10-13 21:00,--,--,--,--,--,--,--,--,"19,8","5.333,9"
2022-10-13 21:15,--,--,--,--,--,--,--,--,"19,8","5.333,9"
2022-10-13 21:30,--,--,--,--,--,--,--,--,"19,8","5.333,9"
2022-10-13 21:45,--,--,--,--,--,--,--,--,"19,8","5.333,9"
2022-10-13 22:00,--,--,--,--,--,--,--,--,"19,8","5.333,9"
2022-10-13 22:15,--,--,--,--,--,--,--,--,"19,8","5.333,9"
2022-10-13 22:30,--,--,--,--,--,--,--,--,"19,8","5.333,9"
2022-10-13 22:45,--,--,--,--,--,--,--,--,"19,8","5.333,9"
2022-10-13 23:00,--,--,--,--,--,--,--,--,"19,8","5.333,9"
2022-10-13 23:15,--,--,--,--,--,--,--,--,"19,8","5.333,9"
2022-10-13 23:30,--,--,--,--,--,--,--,--,"19,8","5.333,9"
2022-10-13 23:45,--,--,--,--,--,--,--,--,"19,8","5.333,9"
2022-10-14 00:00,--,--,--,--,--,--,--,--,0,"5.333,9"
2022-10-14 00:15,--,--,--,--,--,--,--,--,0,"5.333,9"
2022-10-14 00:30,--,--,--,--,--,--,--,--,0,"5.333,9"
2022-10-14 00:45,--,--,--,--,--,--,--,--,0,"5.333,9"
2022-10-14 01:00,--,--,--,--,--,--,--,--,0,"5.333,9"
2022-10-14 01:15,--,--,--,--,--,--,--,--,0,"5.333,9"
2022-10-14 01:30,--,--,--,--,--,--,--,--,0,"5.333,9"
2022-10-14 01:45,--,--,--,--,--,--,--,--,0,"5.333,9"
2022-10-14 02:00,--,--,--,--,--,--,--,--,0,"5.333,9"
2022-10-14 02:15,--,--,--,--,--,--,--,--,0,"5.333,9"
2022-10-14 02:30,--,--,--,--,--,--,--,--,0,"5.333,9"
2022-10-14 02:45,--,--,--,--,--,--,--,--,0,"5.333,9"
2022-10-14 03:00,--,--,--,--,--,--,--,--,0,"5.333,9"
2022-10-14 03:15,--,--,--,--,--,--,--,--,0,"5.333,9"
2022-10-14 03:30,--,--,--,--,--,--,--,--,0,"5.333,9"
2022-10-14 03:45,--,--,--,--,--,--,--,--,0,"5.333,9"
2022-10-14 04:00,--,--,--,--,--,--,--,--,0,"5.333,9"
2022-10-14 04:15,--,--,--,--,--,--,--,--,0,"5.333,9"
2022-10-14 04:30,--,--,--,--,--,--,--,--,0,"5.333,9"
2022-10-14 04:45,--,--,--,--,--,--,--,--,0,"5.333,9"
2022-10-14 05:00,--,--,--,--,--,--,--,--,0,"5.333,9"
2022-10-14 05:15,0,0,0,0,"214,4","214,5",0,"224,3",0,"5.333,9"
2022-10-14 05:30,0,0,0,0,"226,8",227,0,221,0,"5.333,9"
2022-10-14 05:45,0,0,0,0,"232,2","232,2",0,"221,7",0,"5.333,9"
2022-10-14 06:00,"0,228","0,228","0,5","0,5",216,"216,5",1,"221,3",0,"5.333,9"
2022-10-14 06:15,"0,412","0,406","0,9","0,9",220,"220,5","1,8","223,3",0,"5.333,9"
2022-10-14 06:30,"0,421","0,421","0,8","0,9",222,"238,9","1,8",222,"0,1",5.334
2022-10-14 06:45,"0,96","0,951","1,2","2,8","236,5","227,8","4,2","222,8","0,3","5.334,2"
2022-10-14 07:00,"0,341","0,341","0,8","0,7","217,6",220,"1,5",222,"0,4","5.334,3"
2022-10-14 07:15,"2,476","2,395","5,5","5,6","216,1","224,5","10,6","224,7","0,7","5.334,6"
2022-10-14 07:30,"2,004","1,938","4,4","4,5",222,220,"8,6",224,"1,2","5.335,1"
2022-10-14 07:45,"2,427","2,326","5,6","5,5","218,1","216,5","10,5",223,"1,8","5.335,7"
2022-10-14 08:00,"3,29","2,913","7,6","7,5","216,5",214,14,"226,4","2,4","5.336,3"
2022-10-14 08:15,"3,506","3,332","8,3","8,2","213,5",210,"14,8",227,"3,1",5.337
2022-10-14 08:30,"1,13","1,067","2,7","2,6","211,8","212,1","4,9","222,2","3,7","5.337,6"
2022-10-14 08:45,"1,087","0,902","2,5","2,4","216,2",216,"4,7","222,4","4,1",5.338
2022-10-14 09:00,"1,315","1,282","3,1",3,"211,8","211,5","5,7","222,5","4,7","5.338,6"
2022-10-14 09:15,"4,324","4,171","10,3","10,2","211,5","209,1","18,2","227,8","5,3","5.339,2"
2022-10-14 09:30,"4,12","4,12",10,"9,7","208,1","206,6","17,4","226,3","5,6","5.339,5"
2022-10-14 09:45,"1,703","1,584","3,9","3,8","219,7","216,4","7,3",222,"6,2","5.340,1"
2022-10-14 10:00,"1,218","1,165","2,8","2,8","213,9","209,7","5,3","220,7","6,7","5.340,6"
2022-10-14 10:15,"1,093","1,063","2,5","2,5","217,7","214,4","4,8",221,7,"5.340,9"
2022-10-14 10:30,"4,054","4,054","9,4","9,6","211,5",212,"13,5","225,4","7,6","5.341,5"
2022-10-14 10:45,"1,395","1,362","3,2","3,1","220,4","213,8",6,"222,8","8,1",5.342
2022-10-14 11:00,"2,349","2,167","5,2","5,3","222,4","218,6",10,"225,9","8,5","5.342,4"
2022-10-14 11:15,"3,654","3,654","8,7","8,5","211,9","209,1","13,5","225,8","9,3","5.343,2"
2022-10-14 11:30,"2,172","2,107","5,2","5,1","209,6","205,7","9,3","224,4","10,1",5.344
2022-10-14 11:45,"2,19","2,078",5,5,"217,9","215,1","9,3","225,6","10,6","5.344,5"
2022-10-14 12:00,"2,197","2,163","5,3","5,2",209,"207,5","9,3","225,1","11,3","5.345,2"
2022-10-14 12:15,"2,131","2,053","4,9","4,8","219,3","218,5","9,1","223,9","11,9","5.345,8"
2022-10-14 12:30,"2,654","2,601","6,3","6,3","209,4","207,1","11,4","223,2","12,7","5.346,6"
2022-10-14 12:45,"1,814","1,754","4,1","4,1",220,"215,4","7,9","220,2","13,3","5.347,2"
2022-10-14 13:00,"1,553","1,489","3,5","3,4","221,6","219,9","6,9","216,1","13,7","5.347,6"
2022-10-14 13:15,"2,392","2,306","5,4","5,3","223,1","222,4","10,5","220,1","14,2","5.348,1"
2022-10-14 13:30,"1,765","1,696","3,9","3,9","224,3","221,4","7,8","218,4","14,6","5.348,5"
2022-10-14 13:45,"1,938","1,863","4,4","4,3","222,1","218,8","8,5","218,9","15,1",5.349
2022-10-14 14:00,"1,907","1,843","4,3","4,3","221,3","216,4","8,4","219,7","15,6","5.349,5"
2022-10-14 14:15,"1,68","1,629","3,8","3,8","221,1","217,9","7,4","217,9",16,"5.349,9"
2022-10-14 14:30,"2,831","2,831","6,4","6,3","224,4","217,8","9,5","221,3","16,5","5.350,4"
2022-10-14 14:45,"3,132","2,718","7,1",7,"220,7","220,4","13,5","222,6",17,"5.350,9"
2022-10-14 15:00,"2,525","2,43","5,9","5,8","215,8","212,9",11,"220,7","17,6","5.351,5"
2022-10-14 15:15,"2,229","2,151","5,1","5,1","218,6","215,6","9,7",222,"18,2","5.352,1"
2022-10-14 15:30,"2,017","1,949","4,5","4,5","223,1","219,3","8,7","222,8","18,7","5.352,6"
2022-10-14 15:45,"1,718","1,627",4,"3,9","210,3","219,4","7,4","221,6","19,1",5.353
2022-10-14 16:00,"1,301","1,301","2,9","2,8","225,2","221,3",5,"218,7","19,4","5.353,3"
2022-10-14 16:15,"0,939","0,921","2,3","1,7","225,5",233,"4,1","219,5","19,7","5.353,6"
2022-10-14 16:30,"0,564","0,543","1,1","1,2","237,1","235,9","2,5","221,8","19,8","5.353,7"
2022-10-14 16:45,"0,39","0,387","0,8","0,8","229,9","228,4","1,7","218,1","19,9","5.353,8"
2022-10-14 17:00,"0,215","0,215","0,5","0,4","221,1","220,3","0,9","221,8",20,"5.353,9"
2022-10-14 17:15,"0,133","0,133","0,3","0,3","209,6","206,9","0,6","220,4",20,"5.353,9"
2022-10-14 17:30,"0,097","0,097","0,2","0,2","201,1","202,9","0,4",218,20,"5.353,9"
2022-10-14 17:45,"0,059","0,059","0,1","0,1","194,6","199,4","0,2","220,9",20,"5.353,9"
2022-10-14 18:00,"0,049","0,049","0,1","0,1","132,5","130,6","0,2","219,3",20,"5.353,9"
2022-10-14 18:15,"0,049","0,049","0,1","0,1","132,5","130,6","0,2","219,3",20,"5.353,9"
2022-10-14 18:30,"0,049","0,049","0,1","0,1","132,5","130,6","0,2","219,3",20,"5.353,9"
2022-10-14 18:45,--,--,--,--,--,--,--,--,20,"5.353,9"
2022-10-14 19:00,--,--,--,--,--,--,--,--,20,"5.353,9"
2022-10-14 19:15,--,--,--,--,--,--,--,--,20,"5.353,9"
2022-10-14 19:30,--,--,--,--,--,--,--,--,20,"5.353,9"
2022-10-14 19:45,--,--,--,--,--,--,--,--,20,"5.353,9"
2022-10-14 20:00,--,--,--,--,--,--,--,--,20,"5.353,9"
2022-10-14 20:15,--,--,--,--,--,--,--,--,20,"5.353,9"
2022-10-14 20:30,--,--,--,--,--,--,--,--,20,"5.353,9"
2022-10-14 20:45,--,--,--,--,--,--,--,--,20,"5.353,9"
2022-10-14 21:00,--,--,--,--,--,--,--,--,20,"5.353,9"
2022-10-14 21:15,--,--,--,--,--,--,--,--,20,"5.353,9"
2022-10-14 21:30,--,--,--,--,--,--,--,--,20,"5.353,9"
2022-10-14 21:45,--,--,--,--,--,--,--,--,20,"5.353,9"
2022-10-14 22:00,--,--,--,--,--,--,--,--,20,"5.353,9"
2022-10-14 22:15,--,--,--,--,--,--,--,--,20,"5.353,9"
2022-10-14 22:30,--,--,--,--,--,--,--,--,20,"5.353,9"
2022-10-14 22:45,--,--,--,--,--,--,--,--,20,"5.353,9"
2022-10-14 23:00,--,--,--,--,--,--,--,--,20,"5.353,9"
2022-10-14 23:15,--,--,--,--,--,--,--,--,20,"5.353,9"
2022-10-14 23:30,--,--,--,--,--,--,--,--,20,"5.353,9"
2022-10-14 23:45,--,--,--,--,--,--,--,--,20,"5.353,9"
2022-10-15 00:00,--,--,--,--,--,--,--,--,0,"5.353,9"
2022-10-15 00:15,--,--,--,--,--,--,--,--,0,"5.353,9"
2022-10-15 00:30,--,--,--,--,--,--,--,--,0,"5.353,9"
2022-10-15 00:45,--,--,--,--,--,--,--,--,0,"5.353,9"
2022-10-15 01:00,--,--,--,--,--,--,--,--,0,"5.353,9"
2022-10-15 01:15,--,--,--,--,--,--,--,--,0,"5.353,9"
2022-10-15 01:30,--,--,--,--,--,--,--,--,0,"5.353,9"
2022-10-15 01:45,--,--,--,--,--,--,--,--,0,"5.353,9"
2022-10-15 02:00,--,--,--,--,--,--,--,--,0,"5.353,9"
2022-10-15 02:15,--,--,--,--,--,--,--,--,0,"5.353,9"
2022-10-15 02:30,--,--,--,--,--,--,--,--,0,"5.353,9"
2022-10-15 02:45,--,--,--,--,--,--,--,--,0,"5.353,9"
2022-10-15 03:00,--,--,--,--,--,--,--,--,0,"5.353,9"
2022-10-15 03:15,--,--,--,--,--,--,--,--,0,"5.353,9"
2022-10-15 03:30,--,--,--,--,--,--,--,--,0,"5.353,9"
2022-10-15 03:45,--,--,--,--,--,--,--,--,0,"5.353,9"
2022-10-15 04:00,--,--,--,--,--,--,--,--,0,"5.353,9"
2022-10-15 04:15,--,--,--,--,--,--,--,--,0,"5.353,9"
2022-10-15 04:30,--,--,--,--,--,--,--,--,0,"5.353,9"
2022-10-15 04:45,--,--,--,--,--,--,--,--,0,"5.353,9"
2022-10-15 05:00,--,--,--,--,--,--,--,--,0,"5.353,9"
2022-10-15 05:15,0,0,0,0,"198,4","198,6",0,"224,6",0,"5.353,9"
2022-10-15 05:30,0,0,0,0,"225,1","225,2",0,223,0,"5.353,9"
2022-10-15 05:45,"0,117","0,117","0,2","0,2","207,3","206,8","0,5","222,4",0,"5.353,9"
2022-10-15 06:00,"0,193","0,193","0,4","0,4","212,3","216,8","0,8","223,6",0,"5.353,9"
2022-10-15 06:15,"0,202","0,202","0,4","0,4","209,3","203,8","0,9","222,8",0,"5.353,9"
2022-10-15 06:30,"0,992","0,966",2,"2,1","228,3","243,8","4,3","224,6","0,1",5.354
2022-10-15 06:45,"0,537","0,506","1,2","1,1","221,3","220,3","2,3","223,9","0,3","5.354,2"
2022-10-15 07:00,"0,8","0,782","1,8","1,7","225,8","225,2","3,4","225,7","0,4","5.354,3"
2022-10-15 07:15,"0,609","0,582","1,4","1,3","220,1","220,8","2,6","223,6","0,5","5.354,4"
2022-10-15 07:30,"1,424","1,38","3,2","3,1","223,2","225,8","6,1","224,9","0,8","5.354,7"
2022-10-15 07:45,"1,726","1,668","3,9","3,8","218,6","220,8","7,4","226,1","1,2","5.355,1"
2022-10-15 08:00,"1,613","1,558","3,7","3,6","218,3",217,"6,9","226,6","1,6","5.355,5"
2022-10-15 08:15,"1,84","1,75","4,2","4,1","218,7","219,8","7,8",227,"1,9","5.355,8"
2022-10-15 08:30,"1,43","1,43","3,4","3,3","211,3","209,3","5,9","226,2","2,5","5.356,4"
2022-10-15 08:45,"4,071","3,923","9,6","9,4","213,8","213,8",17,"228,7",3,"5.356,9"
2022-10-15 09:00,"0,42","0,42",1,"0,9","210,2","208,3","1,8","221,8","3,5","5.357,4"
2022-10-15 09:15,"5,158","4,957","11,2","10,8","233,5","233,6","21,5","230,3",4,"5.357,9"
2022-10-15 09:30,"0,551","0,535","1,2","1,1","224,9","224,3","2,4","222,6","4,3","5.358,2"
2022-10-15 09:45,"1,01","0,994","2,2","2,1","231,9","230,2","4,4","223,6","4,5","5.358,4"
2022-10-15 10:00,"0,9","0,854",2,"1,8","225,4","231,3","3,9","223,3","4,8","5.358,7"
2022-10-15 10:15,"1,296","1,243","2,8","2,7","227,8","229,1","5,6",225,5,"5.358,9"
2022-10-15 10:30,"1,566","1,493","3,5","3,4","224,1","224,2","6,7",226,"5,3","5.359,2"
2022-10-15 10:45,"1,172","1,121","2,6","2,5","225,8","225,2",5,"226,6","5,7","5.359,6"
2022-10-15 11:00,"1,862","1,709","4,2","4,2",219,216,"7,9","227,1","6,3","5.360,2"
2022-10-15 11:15,"1,567","1,508","3,7","3,5","213,3","214,6","6,7","225,9","7,1",5.361
2022-10-15 11:30,"4,835","4,473","12,3","10,7","206,4",213,20,"230,5",8,"5.361,9"
2022-10-15 11:45,"3,26","3,26","7,9","8,2","203,7","200,8","8,2","227,2","9,1",5.363
2022-10-15 12:00,"2,185","2,131","5,2","5,3","209,8","202,2","9,2","227,8","9,9","5.363,8"
2022-10-15 12:15,"5,116","4,789","12,1","11,6","217,2","213,5","21,2",232,"10,4","5.364,3"
2022-10-15 12:30,"3,207","3,207","7,4","7,4","217,7","213,9","13,4","228,8","11,1",5.365
2022-10-15 12:45,"1,398","1,34",3,"3,2","226,5","216,5",6,"226,4","11,5","5.365,4"
2022-10-15 13:00,"4,58","4,361","10,5","10,5","218,2",216,19,231,"12,1",5.366
2022-10-15 13:15,"1,523","1,471","3,7","3,6","208,3","206,6","6,5","225,3","12,9","5.366,8"
2022-10-15 13:30,"2,606","2,566",6,6,"217,1","214,7",11,227,"13,3","5.367,2"
2022-10-15 13:45,"1,384","1,339","3,2","3,1","217,3","212,6","5,9",226,"13,8","5.367,7"
2022-10-15 14:00,"1,359","1,309","3,1",3,"220,2","218,4","5,8","224,8","14,2","5.368,1"
2022-10-15 14:15,"1,487","1,362","3,4","3,4","218,6","218,1","6,4","225,1","14,4","5.368,3"
2022-10-15 14:30,"3,465","3,326","8,2",8,"212,8","213,6","14,6","228,6",15,"5.368,9"
2022-10-15 14:45,"1,144","1,114","2,7","2,6","211,3","208,9","4,9","225,2","15,7","5.369,6"
2022-10-15 15:00,"1,281","1,235","2,9","2,9","219,7","218,1","5,5","225,2",16,"5.369,9"
2022-10-15 15:15,"2,825","2,722","6,5","6,3","217,6","219,6",12,227,"16,4","5.370,3"
2022-10-15 15:30,"0,846","0,846","1,9","1,9","216,1","214,6","3,4","223,5","16,7","5.370,6"
2022-10-15 15:45,"2,053","1,785","4,6","4,5","222,8","221,8","8,8","225,2",17,"5.370,9"
2022-10-15 16:00,"0,479","0,479","1,1",1,"214,8","221,6","2,1","222,7","17,3","5.371,2"
2022-10-15 16:15,"0,968","0,968","2,4","1,8","218,2","229,6","3,9","223,6","17,5","5.371,4"
2022-10-15 16:30,"0,669","0,644","1,5","1,5","219,3","221,1","2,9","223,8","17,7","5.371,6"
2022-10-15 16:45,"0,318","0,318","0,7","0,7","212,3","212,1","1,4","223,1","17,8","5.371,7"
2022-10-15 17:00,"0,151","0,151","0,3","0,3","206,3","206,6","0,6","222,2","17,8","5.371,7"
2022-10-15 17:15,"0,115","0,115","0,2","0,2","204,3","203,1","0,5","221,8","17,8","5.371,7"
2022-10-15 17:30,"0,088","0,088","0,2","0,2","201,3","202,1","0,4","221,4","17,8","5.371,7"
2022-10-15 17:45,"0,049","0,049","0,1","0,1","197,3","197,1","0,2","220,3","17,8","5.371,7"
2022-10-15 18:00,"0,047","0,047","0,2","0,2","105,3","104,2","0,1","220,7","17,8","5.371,7"
2022-10-15 18:15,"0,047","0,047","0,2","0,2","105,3","104,2","0,1","220,7","17,8","5.371,7"
2022-10-15 18:30,"0,047","0,047","0,2","0,2","105,3","104,2","0,1","220,7","17,8","5.371,7"
2022-10-15 18:45,--,--,--,--,--,--,--,--,"17,8","5.371,7"
2022-10-15 19:00,--,--,--,--,--,--,--,--,"17,8","5.371,7"
2022-10-15 19:15,--,--,--,--,--,--,--,--,"17,8","5.371,7"
2022-10-15 19:30,--,--,--,--,--,--,--,--,"17,8","5.371,7"
2022-10-15 19:45,--,--,--,--,--,--,--,--,"17,8","5.371,7"
2022-10-15 20:00,--,--,--,--,--,--,--,--,"17,8","5.371,7"
2022-10-15 20:15,--,--,--,--,--,--,--,--,"17,8","5.371,7"
2022-10-15 20:30,--,--,--,--,--,--,--,--,"17,8","5.371,7"
2022-10-15 20:45,--,--,--,--,--,--,--,--,"17,8","5.371,7"
2022-10-15 21:00,--,--,--,--,--,--,--,--,"17,8","5.371,7"
2022-10-15 21:15,--,--,--,--,--,--,--,--,"17,8","5.371,7"
2022-10-15 21:30,--,--,--,--,--,--,--,--,"17,8","5.371,7"
2022-10-15 21:45,--,--,--,--,--,--,--,--,"17,8","5.371,7"
2022-10-15 22:00,--,--,--,--,--,--,--,--,"17,8","5.371,7"
2022-10-15 22:15,--,--,--,--,--,--,--,--,"17,8","5.371,7"
2022-10-15 22:30,--,--,--,--,--,--,--,--,"17,8","5.371,7"
2022-10-15 22:45,--,--,--,--,--,--,--,--,"17,8","5.371,7"
2022-10-15 23:00,--,--,--,--,--,--,--,--,"17,8","5.371,7"
2022-10-15 23:15,--,--,--,--,--,--,--,--,"17,8","5.371,7"
2022-10-15 23:30,--,--,--,--,--,--,--,--,"17,8","5.371,7"
2022-10-15 23:45,--,--,--,--,--,--,--,--,"17,8","5.371,7"
2022-10-16 00:00,--,--,--,--,--,--,--,--,0,"5.371,7"
2022-10-16 00:15,--,--,--,--,--,--,--,--,0,"5.371,7"
2022-10-16 00:30,--,--,--,--,--,--,--,--,0,"5.371,7"
2022-10-16 00:45,--,--,--,--,--,--,--,--,0,"5.371,7"
2022-10-16 01:00,--,--,--,--,--,--,--,--,0,"5.371,7"
2022-10-16 01:15,--,--,--,--,--,--,--,--,0,"5.371,7"
2022-10-16 01:30,--,--,--,--,--,--,--,--,0,"5.371,7"
2022-10-16 01:45,--,--,--,--,--,--,--,--,0,"5.371,7"
2022-10-16 02:00,--,--,--,--,--,--,--,--,0,"5.371,7"
2022-10-16 02:15,--,--,--,--,--,--,--,--,0,"5.371,7"
2022-10-16 02:30,--,--,--,--,--,--,--,--,0,"5.371,7"
2022-10-16 02:45,--,--,--,--,--,--,--,--,0,"5.371,7"
2022-10-16 03:00,--,--,--,--,--,--,--,--,0,"5.371,7"
2022-10-16 03:15,--,--,--,--,--,--,--,--,0,"5.371,7"
2022-10-16 03:30,--,--,--,--,--,--,--,--,0,"5.371,7"
2022-10-16 03:45,--,--,--,--,--,--,--,--,0,"5.371,7"
2022-10-16 04:00,--,--,--,--,--,--,--,--,0,"5.371,7"
2022-10-16 04:15,--,--,--,--,--,--,--,--,0,"5.371,7"
2022-10-16 04:30,--,--,--,--,--,--,--,--,0,"5.371,7"
2022-10-16 04:45,--,--,--,--,--,--,--,--,0,"5.371,7"
2022-10-16 05:00,--,--,--,--,--,--,--,--,0,"5.371,7"
2022-10-16 05:15,0,0,0,0,"218,3","218,4",0,"223,7",0,"5.371,7"
2022-10-16 05:30,0,0,0,0,"233,7","233,8",0,"222,5",0,"5.371,7"
2022-10-16 05:45,"0,131","0,131","0,2","0,3","212,9","209,7","0,5","223,8",0,"5.371,7"
2022-10-16 06:00,"0,235","0,235","0,5","0,5","214,4","218,2",1,"221,6",0,"5.371,7"
2022-10-16 06:15,"0,455","0,451",1,1,"222,4","223,7",2,"222,5","0,1","5.371,8"
2022-10-16 06:30,"0,663","0,662","1,4","1,4","223,8","234,7","2,9","223,9","0,2","5.371,9"
2022-10-16 06:45,"1,178","1,152","1,5","3,6","234,9","227,9","5,1","224,6","0,4","5.372,1"
2022-10-16 07:00,"0,982","0,953","0,8","3,4","251,2","223,7","4,2","224,7","0,6","5.372,3"
2022-10-16 07:15,"1,823","1,702","4,1","4,2","211,9","222,2","7,7","227,1","0,9","5.372,6"
2022-10-16 07:30,"2,134","2,057","4,8","4,8","218,2","220,2",9,228,"1,4","5.373,1"
2022-10-16 07:45,"2,394","2,303","5,5","5,5","217,4","216,1","10,2","225,8","1,9","5.373,6"
2022-10-16 08:00,"2,635","2,532","6,1","6,1","214,9","212,1","11,2","226,1","2,5","5.374,2"
2022-10-16 08:15,"3,431","3,281","8,1","7,9","212,4","213,2","14,5",227,"3,1","5.374,8"
2022-10-16 08:30,"1,086","1,086","2,6","2,5","209,7","210,7","4,6","222,8","3,7","5.375,4"
2022-10-16 08:45,"0,663","0,615","1,6","1,5","202,9","205,3","2,8","221,8","4,3",5.376
2022-10-16 09:00,"1,267","1,133","2,8","2,8","224,9","217,2","5,5","223,9","4,6","5.376,3"
2022-10-16 09:15,"1,417","1,281","3,3","3,2","216,9","215,1","6,1","224,3","5,1","5.376,8"
2022-10-16 09:30,"1,228","1,194","2,9","2,8","211,1","209,7","5,3",224,"5,7","5.377,4"
2022-10-16 09:45,"2,15","2,15","5,2","4,8","211,3","215,8","8,3","224,4","6,2","5.377,9"
2022-10-16 10:00,"1,43","1,372","3,4","3,3",212,"209,5","6,1",223,"6,8","5.378,5"
2022-10-16 10:15,"3,315","3,315","7,8","8,1",209,"207,5","13,3","226,4","7,6","5.379,3"
2022-10-16 10:30,"1,331","1,287","3,1","3,1","212,3",208,"5,7","223,5","8,2","5.379,9"
2022-10-16 10:45,"1,553","1,492","3,6","3,6","215,4","212,5","6,6","225,8","8,6","5.380,3"
2022-10-16 11:00,"1,857","1,777","4,3","4,2","217,8",214,"7,9","225,8",9,"5.380,7"
2022-10-16 11:15,"2,257","2,214","5,7","5,4","204,4","198,6","9,5","228,2","10,1","5.381,8"
2022-10-16 11:30,"5,18","4,887","12,5","12,4","209,5","206,1","21,3","232,5","10,8","5.382,5"
2022-10-16 11:45,"1,4","1,328","3,2","3,2",216,213,"5,9","226,6","11,2","5.382,9"
2022-10-16 12:00,"2,052","1,869","5,1","4,7","207,9","207,2","8,6","227,8","12,1","5.383,8"
2022-10-16 12:15,"2,355","2,184","5,8","5,5","207,7","205,2","9,9","227,5","12,9","5.384,6"
2022-10-16 12:30,"4,65","4,424","11,6","11,6","203,5","195,7","19,1","231,5","13,9","5.385,6"
2022-10-16 12:45,"4,614","4,614","11,1","11,6",205,"200,3",16,"230,1","14,8","5.386,5"
2022-10-16 13:00,"1,614","1,542","3,9","3,8","210,1",207,"6,8","226,4","15,4","5.387,1"
2022-10-16 13:15,"1,465","1,391","3,4","3,4","215,5","213,5","6,2",227,"15,7","5.387,4"
2022-10-16 13:30,"1,941","1,503","4,6","4,5","214,8","211,2","8,2",227,"16,2","5.387,9"
2022-10-16 13:45,"2,278","1,905","5,5","5,2","212,1","211,2","9,5","227,2","16,9","5.388,6"
2022-10-16 14:00,"1,749","1,672","4,1",4,"213,1",211,"7,4","226,8","17,6","5.389,3"
2022-10-16 14:15,"3,16","3,065","7,3",7,"222,6","217,5","13,3","229,1","18,1","5.389,8"
2022-10-16 14:30,"1,448","1,405","3,3","3,3","218,8","213,7","6,2","225,7","18,7","5.390,4"
2022-10-16 14:45,"1,172","1,136","2,7","2,6","219,8","217,6",5,"224,8","19,1","5.390,8"
2022-10-16 15:00,"1,151","1,125","2,6","2,6","219,1","219,3",5,"224,6","19,3",5.391
2022-10-16 15:15,"2,748","2,611","6,4","6,3","213,3","215,5","11,6","227,6","19,9","5.391,6"
2022-10-16 15:30,"2,507","2,43","5,4",6,"224,3","212,1","10,6","227,3","20,5","5.392,2"
2022-10-16 15:45,"0,836","0,797","1,9","1,9","216,2","213,5","3,6","224,6","20,8","5.392,5"
2022-10-16 16:00,"0,465","0,465","1,1",1,"214,3","214,5",2,"223,5",21,"5.392,7"
2022-10-16 16:15,"0,238","0,238","0,5","0,5","212,2","210,5",1,"223,3","21,1","5.392,8"
2022-10-16 16:30,"0,69","0,676","1,4","1,4","235,8","236,3",3,"223,3","21,2","5.392,9"
2022-10-16 16:45,"0,327","0,327","0,6","0,7","236,7","234,1","1,4",222,"21,3",5.393
2022-10-16 17:00,"0,149","0,149","0,3","0,3","211,3",209,"0,6","222,8","21,3",5.393
2022-10-16 17:15,"0,118","0,118","0,2","0,2","205,8",205,"0,5","222,8","21,4","5.393,1"
2022-10-16 17:30,"0,098","0,098","0,2","0,2","200,3","203,5","0,4","222,4","21,4","5.393,1"
2022-10-16 17:45,"0,052","0,052","0,1","0,1","194,8",200,"0,2",221,"21,4","5.393,1"
2022-10-16 18:00,0,0,0,0,"152,2","150,1",0,"220,9","21,4","5.393,1"
2022-10-16 18:15,0,0,0,0,"152,2","150,1",0,"220,9","21,4","5.393,1"
2022-10-16 18:30,0,0,0,0,"152,2","150,1",0,"220,9","21,4","5.393,1"
2022-10-16 18:45,--,--,--,--,--,--,--,--,"21,4","5.393,1"
2022-10-16 19:00,--,--,--,--,--,--,--,--,"21,4","5.393,1"
2022-10-16 19:15,--,--,--,--,--,--,--,--,"21,4","5.393,1"
2022-10-16 19:30,--,--,--,--,--,--,--,--,"21,4","5.393,1"
2022-10-16 19:45,--,--,--,--,--,--,--,--,"21,4","5.393,1"
2022-10-16 20:00,--,--,--,--,--,--,--,--,"21,4","5.393,1"
2022-10-16 20:15,--,--,--,--,--,--,--,--,"21,4","5.393,1"
2022-10-16 20:30,--,--,--,--,--,--,--,--,"21,4","5.393,1"
2022-10-16 20:45,--,--,--,--,--,--,--,--,"21,4","5.393,1"
2022-10-16 21:00,--,--,--,--,--,--,--,--,"21,4","5.393,1"
2022-10-16 21:15,--,--,--,--,--,--,--,--,"21,4","5.393,1"
2022-10-16 21:30,--,--,--,--,--,--,--,--,"21,4","5.393,1"
2022-10-16 21:45,--,--,--,--,--,--,--,--,"21,4","5.393,1"
2022-10-16 22:00,--,--,--,--,--,--,--,--,"21,4","5.393,1"
2022-10-16 22:15,--,--,--,--,--,--,--,--,"21,4","5.393,1"
2022-10-16 22:30,--,--,--,--,--,--,--,--,"21,4","5.393,1"
2022-10-16 22:45,--,--,--,--,--,--,--,--,"21,4","5.393,1"
2022-10-16 23:00,--,--,--,--,--,--,--,--,"21,4","5.393,1"
2022-10-16 23:15,--,--,--,--,--,--,--,--,"21,4","5.393,1"
2022-10-16 23:30,--,--,--,--,--,--,--,--,"21,4","5.393,1"
2022-10-16 23:45,--,--,--,--,--,--,--,--,"21,4","5.393,1"
2022-10-17 00:00,--,--,--,--,--,--,--,--,0,"5.393,1"
2022-10-17 00:15,--,--,--,--,--,--,--,--,0,"5.393,1"
2022-10-17 00:30,--,--,--,--,--,--,--,--,0,"5.393,1"
2022-10-17 00:45,--,--,--,--,--,--,--,--,0,"5.393,1"
2022-10-17 01:00,--,--,--,--,--,--,--,--,0,"5.393,1"
2022-10-17 01:15,--,--,--,--,--,--,--,--,0,"5.393,1"
2022-10-17 01:30,--,--,--,--,--,--,--,--,0,"5.393,1"
2022-10-17 01:45,--,--,--,--,--,--,--,--,0,"5.393,1"
2022-10-17 02:00,--,--,--,--,--,--,--,--,0,"5.393,1"
2022-10-17 02:15,--,--,--,--,--,--,--,--,0,"5.393,1"
2022-10-17 02:30,--,--,--,--,--,--,--,--,0,"5.393,1"
2022-10-17 02:45,--,--,--,--,--,--,--,--,0,"5.393,1"
2022-10-17 03:00,--,--,--,--,--,--,--,--,0,"5.393,1"
2022-10-17 03:15,--,--,--,--,--,--,--,--,0,"5.393,1"
2022-10-17 03:30,--,--,--,--,--,--,--,--,0,"5.393,1"
2022-10-17 03:45,--,--,--,--,--,--,--,--,0,"5.393,1"
2022-10-17 04:00,--,--,--,--,--,--,--,--,0,"5.393,1"
2022-10-17 04:15,--,--,--,--,--,--,--,--,0,"5.393,1"
2022-10-17 04:30,--,--,--,--,--,--,--,--,0,"5.393,1"
2022-10-17 04:45,--,--,--,--,--,--,--,--,0,"5.393,1"
2022-10-17 05:00,--,--,--,--,--,--,--,--,0,"5.393,1"
2022-10-17 05:15,0,0,0,0,"223,3","223,5",0,224,0,"5.393,1"
2022-10-17 05:30,0,0,0,0,"232,7","232,6",0,"224,2",0,"5.393,1"
2022-10-17 05:45,"0,123","0,123","0,2","0,2","209,4",214,"0,5","221,8",0,"5.393,1"
2022-10-17 06:00,"0,24","0,24","0,5","0,5","213,4","214,5","1,1","222,2",0,"5.393,1"
2022-10-17 06:15,"0,192","0,192","0,4","0,4","214,9","215,5","0,8","222,4","0,1","5.393,2"
2022-10-17 06:30,"0,794","0,778","1,6","1,6","223,9",249,"3,5","222,7","0,1","5.393,2"
2022-10-17 06:45,"0,82","0,802","0,6","2,9","236,9","227,9","3,6","223,6","0,3","5.393,4"
2022-10-17 07:00,"1,03","1,004","0,8","3,6","258,7","225,5","4,5","222,6","0,5","5.393,6"
2022-10-17 07:15,"2,073","1,918","4,6","4,6",222,"221,7",9,"223,2","0,9",5.394
2022-10-17 07:30,"2,279","2,193","5,1","5,2","219,9","217,5","9,8","224,5","1,4","5.394,5"
2022-10-17 07:45,"0,7","0,686","1,6","1,6","211,3","213,5",3,"219,8","1,8","5.394,9"
2022-10-17 08:00,"2,389","1,573","5,7","5,4","211,9","214,3","10,3","225,6","2,1","5.395,2"
2022-10-17 08:15,"2,412","2,412","5,4","5,3","222,9","222,9","6,4","222,5","2,4","5.395,5"
2022-10-17 08:30,"3,523","3,523","8,6","7,5","215,2","221,9","9,7","223,2","2,9",5.396
2022-10-17 08:45,"3,002","3,002",7,"6,9","213,9","215,4","4,2",222,"3,4","5.396,5"
2022-10-17 09:00,"1,299","1,21",3,"2,9","215,7",214,"5,6",223,"3,8","5.396,9"
2022-10-17 09:15,"1,232","1,182","2,8","2,8","217,8","214,9","5,4","222,2","4,3","5.397,4"
2022-10-17 09:30,"4,943","4,697","11,7","11,5","212,4",212,"20,9",226,"4,8","5.397,9"
2022-10-17 09:45,"4,802","4,579","11,8","11,7","205,5",201,"20,2","226,9","5,9",5.399
2022-10-17 10:00,"4,778","4,552","11,8","11,8","204,9","198,8","20,2","226,2","6,6","5.399,7"
2022-10-17 10:15,"1,672","1,618","4,3","4,2","198,8","192,1","7,2","220,8","7,7","5.400,8"
2022-10-17 10:30,"0,895","0,857","2,1","2,1","209,9","205,6","3,9","218,8","8,1","5.401,2"
2022-10-17 10:45,"5,049","4,855",11,"10,8","232,5","229,8","21,7","225,1","8,7","5.401,8"
2022-10-17 11:00,"1,358","1,313","3,2","3,1","214,8","209,5","5,9","220,2","9,3","5.402,4"
2022-10-17 11:15,"0,835","0,813","1,9","1,8","216,8","215,5","3,6","222,6","9,6","5.402,7"
2022-10-17 11:30,"0,602","0,58","1,4","1,3","213,3",217,"2,6","218,1","9,7","5.402,8"
2022-10-17 11:45,"0,603","0,595","1,4","1,3","218,3",222,"2,6","218,8","9,9",5.403
2022-10-17 12:00,"0,695","0,679","1,6","1,5","215,8","218,5",3,"221,8",10,"5.403,1"
2022-10-17 12:15,"1,363","1,322",3,3,"224,2",225,"5,9","221,4","10,3","5.403,4"
2022-10-17 12:30,"4,011","3,402","9,3","8,8","222,2","217,5","16,9","228,2","10,8","5.403,9"
2022-10-17 12:45,"1,04","1,021","2,3","2,3","220,8","219,7","4,5","221,2","11,3","5.404,4"
2022-10-17 13:00,"5,066","4,855","11,6","11,9","219,4",209,"21,6","224,8",12,"5.405,1"
2022-10-17 13:15,"4,432","3,873","10,6","10,5","211,2","206,6","19,1","222,4",13,"5.406,1"
2022-10-17 13:30,"4,046","3,841","9,8","9,5","209,7","207,6","17,5","221,7",14,"5.407,1"
2022-10-17 13:45,"3,758","3,604","8,9","8,9","211,7","207,1","16,3","221,4","14,9",5.408
2022-10-17 14:00,"4,164","3,984","9,9",10,"211,7","204,6","17,9","223,4","15,8","5.408,9"
2022-10-17 14:15,"3,664","3,53","8,6","8,5","215,2","211,6","15,8","221,6","16,5","5.409,6"
2022-10-17 14:30,"2,671","2,671","6,2","6,1","216,6","215,3","9,6","218,3","17,2","5.410,3"
2022-10-17 14:45,"2,883","2,774","6,7","6,6","216,1","214,1","12,6","218,8","17,9",5.411
2022-10-17 15:00,"2,666","2,556","6,2","6,1","216,7","213,5","11,5","223,2","18,5","5.411,6"
2022-10-17 15:15,"2,607","2,484","6,1","5,9","216,2","217,1","11,5","218,8","19,1","5.412,2"
2022-10-17 15:30,"1,944","1,944","4,1","4,6","225,8",220,"8,6","217,4","19,6","5.412,7"
2022-10-17 15:45,"0,979","0,979","2,2","2,2","215,3","214,6","4,2","217,2",20,"5.413,1"
2022-10-17 16:00,"1,152","1,123","2,6","2,5","219,4","221,9","5,1","219,7","20,3","5.413,4"
2022-10-17 16:15,"0,553","0,543","1,2","1,2","217,2","214,1","2,4","215,7","20,5","5.413,6"
2022-10-17 16:30,"0,663","0,646","1,4","1,4","233,2","234,1",3,"216,2","20,6","5.413,7"
2022-10-17 16:45,"0,289","0,28","0,6","0,6","230,7","225,6","1,3","218,6","20,7","5.413,8"
2022-10-17 17:00,"0,205","0,205","0,4","0,4","223,7","221,6","0,9","217,4","20,8","5.413,9"
2022-10-17 17:15,"0,118","0,118","0,2","0,2","204,7","205,1","0,5","219,2","20,8","5.413,9"
2022-10-17 17:30,"0,083","0,083","0,1","0,2","199,2","200,6","0,3","216,2","20,8","5.413,9"
2022-10-17 17:45,"0,051","0,051","0,1","0,1","195,7","201,6","0,2","218,3","20,8","5.413,9"
2022-10-17 18:00,"0,046","0,046","0,3","0,3","69,9","65,5","0,2","217,4","20,8","5.413,9"
2022-10-17 18:15,"0,046","0,046","0,3","0,3","69,9","65,5","0,2","217,4","20,8","5.413,9"
2022-10-17 18:30,"0,046","0,046","0,3","0,3","69,9","65,5","0,2","217,4","20,8","5.413,9"
2022-10-17 18:45,--,--,--,--,--,--,--,--,"20,8","5.413,9"
2022-10-17 19:00,--,--,--,--,--,--,--,--,"20,8","5.413,9"
2022-10-17 19:15,--,--,--,--,--,--,--,--,"20,8","5.413,9"
2022-10-17 19:30,--,--,--,--,--,--,--,--,"20,8","5.413,9"
2022-10-17 19:45,--,--,--,--,--,--,--,--,"20,8","5.413,9"
2022-10-17 20:00,--,--,--,--,--,--,--,--,"20,8","5.413,9"
2022-10-17 20:15,--,--,--,--,--,--,--,--,"20,8","5.413,9"
2022-10-17 20:30,--,--,--,--,--,--,--,--,"20,8","5.413,9"
2022-10-17 20:45,--,--,--,--,--,--,--,--,"20,8","5.413,9"
2022-10-17 21:00,--,--,--,--,--,--,--,--,"20,8","5.413,9"
2022-10-17 21:15,--,--,--,--,--,--,--,--,"20,8","5.413,9"
2022-10-17 21:30,--,--,--,--,--,--,--,--,"20,8","5.413,9"
2022-10-17 21:45,--,--,--,--,--,--,--,--,"20,8","5.413,9"
2022-10-17 22:00,--,--,--,--,--,--,--,--,"20,8","5.413,9"
2022-10-17 22:15,--,--,--,--,--,--,--,--,"20,8","5.413,9"
2022-10-17 22:30,--,--,--,--,--,--,--,--,"20,8","5.413,9"
2022-10-17 22:45,--,--,--,--,--,--,--,--,"20,8","5.413,9"
2022-10-17 23:00,--,--,--,--,--,--,--,--,"20,8","5.413,9"
2022-10-17 23:15,--,--,--,--,--,--,--,--,"20,8","5.413,9"
2022-10-17 23:30,--,--,--,--,--,--,--,--,"20,8","5.413,9"
2022-10-17 23:45,--,--,--,--,--,--,--,--,"20,8","5.413,9"
2022-10-18 00:00,--,--,--,--,--,--,--,--,0,"5.413,9"
2022-10-18 00:15,--,--,--,--,--,--,--,--,0,"5.413,9"
2022-10-18 00:30,--,--,--,--,--,--,--,--,0,"5.413,9"
2022-10-18 00:45,--,--,--,--,--,--,--,--,0,"5.413,9"
2022-10-18 01:00,--,--,--,--,--,--,--,--,0,"5.413,9"
2022-10-18 01:15,--,--,--,--,--,--,--,--,0,"5.413,9"
2022-10-18 01:30,--,--,--,--,--,--,--,--,0,"5.413,9"
2022-10-18 01:45,--,--,--,--,--,--,--,--,0,"5.413,9"
2022-10-18 02:00,--,--,--,--,--,--,--,--,0,"5.413,9"
2022-10-18 02:15,--,--,--,--,--,--,--,--,0,"5.413,9"
2022-10-18 02:30,--,--,--,--,--,--,--,--,0,"5.413,9"
2022-10-18 02:45,--,--,--,--,--,--,--,--,0,"5.413,9"
2022-10-18 03:00,--,--,--,--,--,--,--,--,0,"5.413,9"
2022-10-18 03:15,--,--,--,--,--,--,--,--,0,"5.413,9"
2022-10-18 03:30,--,--,--,--,--,--,--,--,0,"5.413,9"
2022-10-18 03:45,--,--,--,--,--,--,--,--,0,"5.413,9"
2022-10-18 04:00,--,--,--,--,--,--,--,--,0,"5.413,9"
2022-10-18 04:15,--,--,--,--,--,--,--,--,0,"5.413,9"
2022-10-18 04:30,--,--,--,--,--,--,--,--,0,"5.413,9"
2022-10-18 04:45,--,--,--,--,--,--,--,--,0,"5.413,9"
2022-10-18 05:00,--,--,--,--,--,--,--,--,0,"5.413,9"
2022-10-18 05:15,0,0,0,0,"216,4","216,5",0,223,0,"5.413,9"
2022-10-18 05:30,"0,113","0,113","0,2","0,2","189,4","201,4","0,5","223,1",0,"5.413,9"
2022-10-18 05:45,"0,153","0,153","0,3","0,3","211,9","209,9","0,7","221,8",0,"5.413,9"
2022-10-18 06:00,"0,293","0,293","0,6","0,6","212,9","213,9","1,3","222,8",0,"5.413,9"
2022-10-18 06:15,"0,409","0,409","0,9","0,9","220,9","221,4","1,8","223,2","0,1",5.414
2022-10-18 06:30,"0,806","0,795","1,8","1,7","221,9","224,5","3,5",224,"0,3","5.414,2"
2022-10-18 06:45,"0,656","0,643","1,5","1,4","219,3","220,4","2,8","223,2","0,4","5.414,3"
2022-10-18 07:00,"0,701","0,682","1,1","1,9","239,4","220,9",3,"222,9","0,6","5.414,5"
2022-10-18 07:15,"2,105","2,105","4,9","4,5","216,3","222,9","8,6",222,"0,9","5.414,8"
2022-10-18 07:30,"0,989","0,972","2,3","2,2","210,8","213,8","4,3","223,2","1,4","5.415,3"
2022-10-18 07:45,"1,313","1,313","3,1","2,9","214,8","215,3","5,5","224,3","1,8","5.415,7"
2022-10-18 08:00,"1,176","1,117","2,7","2,6","217,2","216,4","5,1","222,6","2,1",5.416
2022-10-18 08:15,"0,747","0,734","1,7","1,6","219,4","215,5","3,2","221,6","2,3","5.416,2"
2022-10-18 08:30,"0,511","0,506","1,1","1,1","216,4","214,9","2,2","219,8","2,4","5.416,3"
2022-10-18 08:45,"1,53","1,453","3,4","3,3","226,4","227,3","6,6","223,2","2,6","5.416,5"
2022-10-18 09:00,"2,984","2,984","6,4","6,7","227,1","226,2","12,6","223,6","3,1",5.417
2022-10-18 09:15,"4,126","4,106","9,9","9,6","211,5",210,"17,6","225,1","3,9","5.417,8"
2022-10-18 09:30,"1,941","1,847","4,6","4,5","213,4",212,"8,4",223,"4,5","5.418,4"
2022-10-18 09:45,"2,676","2,53","6,4","6,3","211,5","208,2","11,4","224,8","5,2","5.419,1"
2022-10-18 10:00,"1,376","1,321","3,3","3,1","212,2","210,1","5,9","222,6","5,8","5.419,7"
2022-10-18 10:15,"5,117","4,919","11,1","11,9","226,3","217,7","21,5","228,4","6,4","5.420,3"
2022-10-18 10:30,"3,68","3,427","9,2",9,203,"198,4","15,5","226,9","7,5","5.421,4"
2022-10-18 10:45,"5,172","4,781","12,5","12,2","210,3",207,"21,4","230,1","8,3","5.422,2"
2022-10-18 11:00,"2,687","2,687","6,5","6,3","209,5","207,4","11,1",226,"9,1",5.423
2022-10-18 11:15,"3,063","3,063",8,"7,5","195,6","195,3","11,9",226,"10,1",5.424
2022-10-18 11:30,"0,748","0,748","1,8","1,6","213,5","212,7","3,2","222,6","10,4","5.424,3"
2022-10-18 11:45,"0,715","0,684","1,6","1,5",220,"220,7","3,1","224,3","10,5","5.424,4"
2022-10-18 12:00,"1,166","1,137","2,6","2,5","228,5","225,9",5,225,"10,8","5.424,7"
2022-10-18 12:15,"0,908","0,899",2,"1,9","225,2","226,2","3,9","223,9","11,1",5.425
2022-10-18 12:30,"0,527","0,521","1,2","1,1","224,5","222,2","2,3","223,2","11,2","5.425,1"
2022-10-18 12:45,"0,945","0,923","2,1",2,"223,1","222,7","4,1","222,8","11,4","5.425,3"
2022-10-18 13:00,"1,501","1,426","3,3","3,2",229,"225,9","6,5","222,4","11,7","5.425,6"
2022-10-18 13:15,"1,165","1,148","2,5","2,5","227,8","225,7","5,1","219,9","12,1",5.426
2022-10-18 13:30,"0,944","0,922","2,1",2,"226,1","223,4","4,2","220,7","12,3","5.426,2"
2022-10-18 13:45,"0,996","0,978","2,2","2,2","223,9","223,7","4,4",222,"12,5","5.426,4"
2022-10-18 14:00,"1,023","0,996","2,2","2,2","226,2","223,7","4,5","221,4","12,8","5.426,7"
2022-10-18 14:15,"0,965","0,946","2,1","2,1",225,"223,6","4,2","220,2",13,"5.426,9"
2022-10-18 14:30,"0,537","0,532","1,2","1,2",220,"220,2","2,4","221,2","13,2","5.427,1"
2022-10-18 14:45,"0,642","0,626","1,4","1,4","218,9","221,7","2,8","220,8","13,3","5.427,2"
2022-10-18 15:00,"0,812","0,792","1,8","1,8","222,5","222,7","3,6","220,3","13,5","5.427,4"
2022-10-18 15:15,"0,738","0,725","1,6","1,6","219,5","223,7","3,2","221,7","13,7","5.427,6"
2022-10-18 15:30,"0,68","0,664","1,5","1,5","219,1","220,2",3,"220,8","13,8","5.427,7"
2022-10-18 15:45,"0,617","0,604","1,4","1,3",221,"220,2","2,7","220,6",14,"5.427,9"
2022-10-18 16:00,"0,543","0,534","1,2","1,2","218,1","218,2","2,4","220,6","14,1",5.428
2022-10-18 16:15,"0,218","0,218","0,5","0,5",210,"210,7",1,"220,2","14,2","5.428,1"
2022-10-18 16:30,"0,235","0,235","0,5","0,5","214,5","214,2",1,"219,8","14,3","5.428,2"
2022-10-18 16:45,"0,135","0,135","0,3","0,3","203,5","208,2","0,6","220,7","14,3","5.428,2"
2022-10-18 17:00,"0,15","0,15","0,3","0,3",208,"208,7","0,6","222,7","14,3","5.428,2"
2022-10-18 17:15,"0,136","0,136","0,3","0,3",212,"206,7","0,6","222,6","14,3","5.428,2"
2022-10-18 17:30,"0,107","0,107","0,2","0,2",203,"204,2","0,4","221,6","14,4","5.428,3"
2022-10-18 17:45,"0,049","0,049","0,1","0,1",198,"198,2","0,2","221,8","14,4","5.428,3"
2022-10-18 18:00,"0,048","0,048","0,1","0,2","117,2","113,1","0,2",221,"14,4","5.428,3"
2022-10-18 18:15,"0,048","0,048","0,1","0,2","117,2","113,1","0,2",221,"14,4","5.428,3"
2022-10-18 18:30,"0,048","0,048","0,1","0,2","117,2","113,1","0,2",221,"14,4","5.428,3"
2022-10-18 18:45,--,--,--,--,--,--,--,--,"14,4","5.428,3"
2022-10-18 19:00,--,--,--,--,--,--,--,--,"14,4","5.428,3"
2022-10-18 19:15,--,--,--,--,--,--,--,--,"14,4","5.428,3"
2022-10-18 19:30,--,--,--,--,--,--,--,--,"14,4","5.428,3"
2022-10-18 19:45,--,--,--,--,--,--,--,--,"14,4","5.428,3"
2022-10-18 20:00,--,--,--,--,--,--,--,--,"14,4","5.428,3"
2022-10-18 20:15,--,--,--,--,--,--,--,--,"14,4","5.428,3"
2022-10-18 20:30,--,--,--,--,--,--,--,--,"14,4","5.428,3"
2022-10-18 20:45,--,--,--,--,--,--,--,--,"14,4","5.428,3"
2022-10-18 21:00,--,--,--,--,--,--,--,--,"14,4","5.428,3"
2022-10-18 21:15,--,--,--,--,--,--,--,--,"14,4","5.428,3"
2022-10-18 21:30,--,--,--,--,--,--,--,--,"14,4","5.428,3"
2022-10-18 21:45,--,--,--,--,--,--,--,--,"14,4","5.428,3"
2022-10-18 22:00,--,--,--,--,--,--,--,--,"14,4","5.428,3"
2022-10-18 22:15,--,--,--,--,--,--,--,--,"14,4","5.428,3"
2022-10-18 22:30,--,--,--,--,--,--,--,--,"14,4","5.428,3"
2022-10-18 22:45,--,--,--,--,--,--,--,--,"14,4","5.428,3"
2022-10-18 23:00,--,--,--,--,--,--,--,--,"14,4","5.428,3"
2022-10-18 23:15,--,--,--,--,--,--,--,--,"14,4","5.428,3"
2022-10-18 23:30,--,--,--,--,--,--,--,--,"14,4","5.428,3"
2022-10-18 23:45,--,--,--,--,--,--,--,--,"14,4","5.428,3"
2022-10-19 00:00,--,--,--,--,--,--,--,--,0,"5.428,3"
2022-10-19 00:15,--,--,--,--,--,--,--,--,0,"5.428,3"
2022-10-19 00:30,--,--,--,--,--,--,--,--,0,"5.428,3"
2022-10-19 00:45,--,--,--,--,--,--,--,--,0,"5.428,3"
2022-10-19 01:00,--,--,--,--,--,--,--,--,0,"5.428,3"
2022-10-19 01:15,--,--,--,--,--,--,--,--,0,"5.428,3"
2022-10-19 01:30,--,--,--,--,--,--,--,--,0,"5.428,3"
2022-10-19 01:45,--,--,--,--,--,--,--,--,0,"5.428,3"
2022-10-19 02:00,--,--,--,--,--,--,--,--,0,"5.428,3"
2022-10-19 02:15,--,--,--,--,--,--,--,--,0,"5.428,3"
2022-10-19 02:30,--,--,--,--,--,--,--,--,0,"5.428,3"
2022-10-19 02:45,--,--,--,--,--,--,--,--,0,"5.428,3"
2022-10-19 03:00,--,--,--,--,--,--,--,--,0,"5.428,3"
2022-10-19 03:15,--,--,--,--,--,--,--,--,0,"5.428,3"
2022-10-19 03:30,--,--,--,--,--,--,--,--,0,"5.428,3"
2022-10-19 03:45,--,--,--,--,--,--,--,--,0,"5.428,3"
2022-10-19 04:00,--,--,--,--,--,--,--,--,0,"5.428,3"
2022-10-19 04:15,--,--,--,--,--,--,--,--,0,"5.428,3"
2022-10-19 04:30,--,--,--,--,--,--,--,--,0,"5.428,3"
2022-10-19 04:45,--,--,--,--,--,--,--,--,0,"5.428,3"
2022-10-19 05:00,--,--,--,--,--,--,--,--,0,"5.428,3"
2022-10-19 05:15,0,0,0,0,"222,3","222,3",0,"223,4",0,"5.428,3"
2022-10-19 05:30,0,0,0,0,"235,1","235,3",0,"222,5",0,"5.428,3"
2022-10-19 05:45,"0,183","0,183","0,4","0,4","213,3",212,"0,8","222,4",0,"5.428,3"
2022-10-19 06:00,"0,184","0,184","0,4","0,4","211,8",211,"0,8","224,3",0,"5.428,3"
2022-10-19 06:15,"0,342","0,342","0,8","0,7","215,8","218,5","1,5","224,2","0,1","5.428,4"
2022-10-19 06:30,"0,36","0,36","0,6","0,8","220,3",248,"1,6","223,8","0,1","5.428,4"
2022-10-19 06:45,"0,452","0,452",1,1,"217,9","216,5","1,9","223,1","0,3","5.428,6"
2022-10-19 07:00,"0,583","0,527","1,2","1,4","225,3","217,5","2,6","220,3","0,4","5.428,7"
2022-10-19 07:15,"0,322","0,322","0,7","0,7","211,9",216,"1,4","219,6","0,6","5.428,9"
2022-10-19 07:30,"0,252","0,252","0,6","0,5","210,8","212,5","1,1","220,4","0,6","5.428,9"
2022-10-19 07:45,"0,395","0,388","0,9","0,8","216,9",220,"1,8","219,4","0,7",5.429
2022-10-19 08:00,"1,225","1,195","2,7","2,6","225,3","225,3","5,4","221,3","0,9","5.429,2"
2022-10-19 08:15,"1,617","1,536","3,6","3,5",227,"225,5",7,"222,8","1,2","5.429,5"
2022-10-19 08:30,"1,176","1,14","2,6","2,6","222,3","221,4","5,1","224,1","1,6","5.429,9"
2022-10-19 08:45,"1,044","1,034","2,4","2,3",219,"218,5","4,6","221,5","1,8","5.430,1"
2022-10-19 09:00,"0,27","0,27","0,6","0,6","210,8","210,5","1,2",221,2,"5.430,3"
2022-10-19 09:15,"2,279","2,279","5,1","4,9","226,1",225,"9,7","226,2","2,4","5.430,7"
2022-10-19 09:30,"1,782","1,703",4,"3,9","224,3","219,2","7,8","221,1","2,9","5.431,2"
2022-10-19 09:45,"3,285","3,245","7,4","7,4","222,3","219,1",14,"223,9","3,4","5.431,7"
2022-10-19 10:00,"2,345","2,309","5,4","5,2","221,2","217,5","10,1","222,8",4,"5.432,3"
2022-10-19 10:15,"2,96","2,703","7,1","6,7","212,8","212,7","12,7","223,8","4,7",5.433
2022-10-19 10:30,"1,316","1,316","3,1",3,218,"210,8","5,5","221,8","5,4","5.433,7"
2022-10-19 10:45,"1,298","1,289","2,9","2,8","222,5","221,4","5,6",222,"5,7",5.434
2022-10-19 11:00,"2,227","2,145",5,"4,8","226,5","226,2","9,5","224,7","6,1","5.434,4"
2022-10-19 11:15,"1,544","1,478","3,4","3,3","226,4","226,4","6,6","224,5","6,5","5.434,8"
2022-10-19 11:30,"2,178","2,068","4,8","4,7","227,1","227,3","9,3",225,7,"5.435,3"
2022-10-19 11:45,"2,795","2,748","6,2","6,1","226,5","224,3","11,9","226,1","7,6","5.435,9"
2022-10-19 12:00,"1,138","1,093","2,5","2,5","223,9","219,4","4,9","225,1",8,"5.436,3"
2022-10-19 12:15,"1,754","1,698",4,"3,8","222,4","221,3","7,5","225,1","8,4","5.436,7"
2022-10-19 12:30,"2,601","2,511",6,"5,9",218,"214,9","11,2","224,2","8,9","5.437,2"
2022-10-19 12:45,"1,121","1,121","2,6","2,6","213,5","209,3","4,6","223,2","9,5","5.437,8"
2022-10-19 13:00,"0,3","0,297","0,7","0,6","208,5","215,4","1,4","218,2","9,6","5.437,9"
2022-10-19 13:15,"0,689","0,669","1,5","1,5","221,4",222,"3,1","217,5","9,7",5.438
2022-10-19 13:30,"0,606","0,591","1,3","1,3","222,5","222,4","2,7",220,"9,9","5.438,2"
2022-10-19 13:45,"1,512","1,469","3,3","3,3","227,8","225,4","6,7","219,2","10,1","5.438,4"
2022-10-19 14:00,"1,496","1,456","3,3","3,2","224,5","226,3","6,6","218,1","10,5","5.438,8"
2022-10-19 14:15,"0,754","0,73","1,7","1,6","220,4","222,4","3,3","220,4","10,8","5.439,1"
2022-10-19 14:30,"1,062","1,032","2,4","2,3","222,6","224,5","4,7","220,8","10,9","5.439,2"
2022-10-19 14:45,"1,074","1,049","2,4","2,3","226,7","220,9","4,8","219,7","11,2","5.439,5"
2022-10-19 15:00,"0,894","0,876",2,2,"220,1","219,3","3,9","221,6","11,5","5.439,8"
2022-10-19 15:15,"0,838","0,823","1,9","1,8","219,8","219,4","3,7","219,4","11,7",5.440
2022-10-19 15:30,"0,698","0,684","1,6","1,5","217,9","216,5","3,1","217,6","11,9","5.440,2"
2022-10-19 15:45,"0,741","0,728","1,7","1,6",219,"214,9","3,3","217,8",12,"5.440,3"
2022-10-19 16:00,"0,608","0,595","1,4","1,3",217,"219,8","2,7",218,"12,1","5.440,4"
2022-10-19 16:15,"0,357","0,357","0,8","0,8","215,6","214,4","1,6","216,2","12,3","5.440,6"
2022-10-19 16:30,"0,239","0,239","0,5","0,5",214,"214,4","1,1",216,"12,3","5.440,6"
2022-10-19 16:45,"0,235","0,235","0,5","0,5","211,5","213,4",1,"220,5","12,4","5.440,7"
2022-10-19 17:00,"0,165","0,165","0,3","0,3","209,5","207,9","0,7","220,9","12,4","5.440,7"
2022-10-19 17:15,"0,125","0,125","0,2","0,3",208,"205,9","0,5","220,2","12,4","5.440,7"
2022-10-19 17:30,"0,073","0,073","0,1","0,1","199,5","194,9","0,3","222,5","12,4","5.440,7"
2022-10-19 17:45,"0,047","0,047","0,1","0,1",196,"197,9","0,2","218,4","12,4","5.440,7"
2022-10-19 18:00,"0,046","0,046","0,2","0,3","78,7","75,1","0,2","219,2","12,4","5.440,7"
2022-10-19 18:15,"0,046","0,046","0,2","0,3","78,7","75,1","0,2","219,2","12,4","5.440,7"
2022-10-19 18:30,"0,046","0,046","0,2","0,3","78,7","75,1","0,2","219,2","12,4","5.440,7"
2022-10-19 18:45,--,--,--,--,--,--,--,--,"12,4","5.440,7"
2022-10-19 19:00,--,--,--,--,--,--,--,--,"12,4","5.440,7"
2022-10-19 19:15,--,--,--,--,--,--,--,--,"12,4","5.440,7"
2022-10-19 19:30,--,--,--,--,--,--,--,--,"12,4","5.440,7"
2022-10-19 19:45,--,--,--,--,--,--,--,--,"12,4","5.440,7"
2022-10-19 20:00,--,--,--,--,--,--,--,--,"12,4","5.440,7"
2022-10-19 20:15,--,--,--,--,--,--,--,--,"12,4","5.440,7"
2022-10-19 20:30,--,--,--,--,--,--,--,--,"12,4","5.440,7"
2022-10-19 20:45,--,--,--,--,--,--,--,--,"12,4","5.440,7"
2022-10-19 21:00,--,--,--,--,--,--,--,--,"12,4","5.440,7"
2022-10-19 21:15,--,--,--,--,--,--,--,--,"12,4","5.440,7"
2022-10-19 21:30,--,--,--,--,--,--,--,--,"12,4","5.440,7"
2022-10-19 21:45,--,--,--,--,--,--,--,--,"12,4","5.440,7"
2022-10-19 22:00,--,--,--,--,--,--,--,--,"12,4","5.440,7"
2022-10-19 22:15,--,--,--,--,--,--,--,--,"12,4","5.440,7"
2022-10-19 22:30,--,--,--,--,--,--,--,--,"12,4","5.440,7"
2022-10-19 22:45,--,--,--,--,--,--,--,--,"12,4","5.440,7"
2022-10-19 23:00,--,--,--,--,--,--,--,--,"12,4","5.440,7"
2022-10-19 23:15,--,--,--,--,--,--,--,--,"12,4","5.440,7"
2022-10-19 23:30,--,--,--,--,--,--,--,--,"12,4","5.440,7"
2022-10-19 23:45,--,--,--,--,--,--,--,--,"12,4","5.440,7"
2022-10-20 00:00,--,--,--,--,--,--,--,--,0,"5.440,7"
2022-10-20 00:15,--,--,--,--,--,--,--,--,0,"5.440,7"
2022-10-20 00:30,--,--,--,--,--,--,--,--,0,"5.440,7"
2022-10-20 00:45,--,--,--,--,--,--,--,--,0,"5.440,7"
2022-10-20 01:00,--,--,--,--,--,--,--,--,0,"5.440,7"
2022-10-20 01:15,--,--,--,--,--,--,--,--,0,"5.440,7"
2022-10-20 01:30,--,--,--,--,--,--,--,--,0,"5.440,7"
2022-10-20 01:45,--,--,--,--,--,--,--,--,0,"5.440,7"
2022-10-20 02:00,--,--,--,--,--,--,--,--,0,"5.440,7"
2022-10-20 02:15,--,--,--,--,--,--,--,--,0,"5.440,7"
2022-10-20 02:30,--,--,--,--,--,--,--,--,0,"5.440,7"
2022-10-20 02:45,--,--,--,--,--,--,--,--,0,"5.440,7"
2022-10-20 03:00,--,--,--,--,--,--,--,--,0,"5.440,7"
2022-10-20 03:15,--,--,--,--,--,--,--,--,0,"5.440,7"
2022-10-20 03:30,--,--,--,--,--,--,--,--,0,"5.440,7"
2022-10-20 03:45,--,--,--,--,--,--,--,--,0,"5.440,7"
2022-10-20 04:00,--,--,--,--,--,--,--,--,0,"5.440,7"
2022-10-20 04:15,--,--,--,--,--,--,--,--,0,"5.440,7"
2022-10-20 04:30,--,--,--,--,--,--,--,--,0,"5.440,7"
2022-10-20 04:45,--,--,--,--,--,--,--,--,0,"5.440,7"
2022-10-20 05:00,--,--,--,--,--,--,--,--,0,"5.440,7"
2022-10-20 05:15,0,0,0,0,"224,2","224,4",0,"222,8",0,"5.440,7"
2022-10-20 05:30,"0,118","0,118","0,2","0,2","203,8","206,4","0,5","222,8",0,"5.440,7"
2022-10-20 05:45,"0,401","0,401","0,9","0,9","219,8","219,4","1,8","222,5",0,"5.440,7"
2022-10-20 06:00,"0,393","0,393","0,8","0,8","219,8","219,4","1,7","223,2","0,1","5.440,8"
2022-10-20 06:15,"0,453","0,443",1,1,"218,8","220,9",2,"221,3","0,2","5.440,9"
2022-10-20 06:30,"0,543","0,526","1,2","1,2","218,8","218,9","2,4","221,6","0,3",5.441
2022-10-20 06:45,"0,629","0,619","1,4","1,4","216,3","218,4","2,8","221,4","0,5","5.441,2"
2022-10-20 07:00,"0,782","0,765","1,7","1,8",221,"217,9","3,4","222,6","0,7","5.441,4"
2022-10-20 07:15,"1,414","1,337","3,2","3,1","223,3","223,9","6,2","220,2","0,9","5.441,6"
2022-10-20 07:30,"1,573","1,364","3,5","3,5","223,2","221,4","6,9","220,8","1,2","5.441,9"
2022-10-20 07:45,"1,104","1,063","2,5","2,5","216,3","216,1","4,8",221,"1,6","5.442,3"
2022-10-20 08:00,"2,449","2,368","5,5","5,5","220,2","219,2","10,6",224,2,"5.442,7"
2022-10-20 08:15,"3,767","3,335","8,6","8,3","218,8","223,9","16,2","224,9","2,3",5.443
2022-10-20 08:30,"1,793","1,608","4,1",4,"217,2","215,9","7,7","222,6","2,9","5.443,6"
2022-10-20 08:45,"1,215","1,138","2,8","2,7","216,7","213,4","5,3",223,"3,5","5.444,2"
2022-10-20 09:00,"3,925","3,757","9,3","9,4","212,3","205,4","16,4","229,6","4,3",5.445
2022-10-20 09:15,"1,197","1,151","2,8","2,7","218,2","216,4","5,2","223,4","4,8","5.445,5"
2022-10-20 09:30,"4,251","4,066","10,1",10,"212,3","209,9","17,8","227,9","5,4","5.446,1"
2022-10-20 09:45,"4,094","2,89",10,"9,5","209,4","208,4","17,6","228,2","6,3",5.447
2022-10-20 10:00,"5,083","4,717",12,"11,7","214,4","211,9","21,2","229,5","7,3",5.448
2022-10-20 10:15,"3,959","3,188","9,3","9,8","207,3","205,4","16,5","225,3","8,2","5.448,9"
2022-10-20 10:30,"2,135","2,115","5,2",5,"209,6","205,7","9,2","221,9",9,"5.449,7"
2022-10-20 10:45,"1,192","1,166","2,8","2,7","217,3","214,6","5,2","221,1","9,4","5.450,1"
2022-10-20 11:00,"1,273","1,214","2,8","2,8","221,8","223,2","5,5","223,4","9,6","5.450,3"
2022-10-20 11:15,"1,466","1,445","3,3","3,2","221,9","220,1","6,3","224,4","10,1","5.450,8"
2022-10-20 11:30,"1,097","1,05","2,4","2,4","221,2","221,6","4,7","223,4","10,4","5.451,1"
2022-10-20 11:45,"1,165","1,112","2,6","2,5","221,1","222,6",5,"225,1","10,7","5.451,4"
2022-10-20 12:00,"1,619","1,569","3,7","3,6","219,8","219,5","6,9","225,1","11,1","5.451,8"
2022-10-20 12:15,"1,169","1,11","2,7","2,6","217,7","217,3","5,1","222,9","11,5","5.452,2"
2022-10-20 12:30,"2,201","2,201","5,4","5,1","209,7","207,3","9,1","226,2","12,3",5.453
2022-10-20 12:45,"1,914","1,886","4,5","4,4","213,3","211,8","8,3",221,13,"5.453,7"
2022-10-20 13:00,"1,862","1,828","4,3","4,2","218,9","212,4","8,1","220,4","13,7","5.454,4"
2022-10-20 13:15,"1,86","1,834","4,3","4,2","219,9","214,4","8,2","218,6","14,2","5.454,9"
2022-10-20 13:30,"0,76","0,744","1,7","1,7","216,8","213,7","3,3","220,5","14,5","5.455,2"
2022-10-20 13:45,"0,942","0,927","2,1",2,221,"220,1","4,2",217,"14,7","5.455,4"
2022-10-20 14:00,"0,778","0,742","1,8","1,7",214,"217,2","3,4","220,6","14,9","5.455,6"
2022-10-20 14:15,"1,299","1,269",3,3,"215,6","212,2","5,6","221,6","15,4","5.456,1"
2022-10-20 14:30,"2,324","2,218","5,4","5,3","215,6","214,8","10,2","221,3",16,"5.456,7"
2022-10-20 14:45,"1,201","1,117","2,7","2,6","219,7","220,7","5,2","222,4","16,3",5.457
2022-10-20 15:00,"0,937","0,902","2,1","2,1","219,8","216,2","4,1",218,"16,6","5.457,3"
2022-10-20 15:15,"1,392","1,354","3,1","3,1","220,2","220,2",6,"221,8","16,9","5.457,6"
2022-10-20 15:30,"0,827","0,795","1,9","1,9","213,4","213,7","3,6","218,9","17,4","5.458,1"
2022-10-20 15:45,"0,651","0,641","1,5","1,5",217,"215,2","2,9","215,8","17,6","5.458,3"
2022-10-20 16:00,"0,483","0,475","1,1","1,1","218,5","214,7","2,1","218,6","17,8","5.458,5"
2022-10-20 16:15,"0,281","0,281","0,6","0,6","213,4","212,7","1,3","215,8","17,9","5.458,6"
2022-10-20 16:30,"0,363","0,363","0,8","0,8","213,2","214,2","1,6","219,6","17,9","5.458,6"
2022-10-20 16:45,"0,31","0,31","0,7","0,7","216,9","213,1","1,4","219,3",18,"5.458,7"
2022-10-20 17:00,"0,152","0,152","0,3","0,3","205,4","209,2","0,6","220,4","18,1","5.458,8"
2022-10-20 17:15,"0,142","0,142","0,3","0,3","207,4","207,2","0,6","221,8","18,1","5.458,8"
2022-10-20 17:30,"0,113","0,113","0,2","0,2","203,9","204,2","0,5","220,1","18,1","5.458,8"
2022-10-20 17:45,"0,066","0,066","0,1","0,1","193,9","197,7","0,2","221,1","18,1","5.458,8"
2022-10-20 18:00,"0,051","0,051","0,2","0,2","110,9","108,2","0,2","218,9","18,1","5.458,8"
2022-10-20 18:15,"0,051","0,051","0,2","0,2","110,9","108,2","0,2","218,9","18,1","5.458,8"
2022-10-20 18:30,"0,051","0,051","0,2","0,2","110,9","108,2","0,2","218,9","18,1","5.458,8"
2022-10-20 18:45,--,--,--,--,--,--,--,--,"18,1","5.458,8"
2022-10-20 19:00,--,--,--,--,--,--,--,--,"18,1","5.458,8"
2022-10-20 19:15,--,--,--,--,--,--,--,--,"18,1","5.458,8"
2022-10-20 19:30,--,--,--,--,--,--,--,--,"18,1","5.458,8"
2022-10-20 19:45,--,--,--,--,--,--,--,--,"18,1","5.458,8"
2022-10-20 20:00,--,--,--,--,--,--,--,--,"18,1","5.458,8"
2022-10-20 20:15,--,--,--,--,--,--,--,--,"18,1","5.458,8"
2022-10-20 20:30,--,--,--,--,--,--,--,--,"18,1","5.458,8"
2022-10-20 20:45,--,--,--,--,--,--,--,--,"18,1","5.458,8"
2022-10-20 21:00,--,--,--,--,--,--,--,--,"18,1","5.458,8"
2022-10-20 21:15,--,--,--,--,--,--,--,--,"18,1","5.458,8"
2022-10-20 21:30,--,--,--,--,--,--,--,--,"18,1","5.458,8"
2022-10-20 21:45,--,--,--,--,--,--,--,--,"18,1","5.458,8"
2022-10-20 22:00,--,--,--,--,--,--,--,--,"18,1","5.458,8"
2022-10-20 22:15,--,--,--,--,--,--,--,--,"18,1","5.458,8"
2022-10-20 22:30,--,--,--,--,--,--,--,--,"18,1","5.458,8"
2022-10-20 22:45,--,--,--,--,--,--,--,--,"18,1","5.458,8"
2022-10-20 23:00,--,--,--,--,--,--,--,--,"18,1","5.458,8"
2022-10-20 23:15,--,--,--,--,--,--,--,--,"18,1","5.458,8"
2022-10-20 23:30,--,--,--,--,--,--,--,--,"18,1","5.458,8"
2022-10-20 23:45,--,--,--,--,--,--,--,--,"18,1","5.458,8"
2022-10-21 00:00,--,--,--,--,--,--,--,--,0,"5.458,8"
2022-10-21 00:15,--,--,--,--,--,--,--,--,0,"5.458,8"
2022-10-21 00:30,--,--,--,--,--,--,--,--,0,"5.458,8"
2022-10-21 00:45,--,--,--,--,--,--,--,--,0,"5.458,8"
2022-10-21 01:00,--,--,--,--,--,--,--,--,0,"5.458,8"
2022-10-21 01:15,--,--,--,--,--,--,--,--,0,"5.458,8"
2022-10-21 01:30,--,--,--,--,--,--,--,--,0,"5.458,8"
2022-10-21 01:45,--,--,--,--,--,--,--,--,0,"5.458,8"
2022-10-21 02:00,--,--,--,--,--,--,--,--,0,"5.458,8"
2022-10-21 02:15,--,--,--,--,--,--,--,--,0,"5.458,8"
2022-10-21 02:30,--,--,--,--,--,--,--,--,0,"5.458,8"
2022-10-21 02:45,--,--,--,--,--,--,--,--,0,"5.458,8"
2022-10-21 03:00,--,--,--,--,--,--,--,--,0,"5.458,8"
2022-10-21 03:15,--,--,--,--,--,--,--,--,0,"5.458,8"
2022-10-21 03:30,--,--,--,--,--,--,--,--,0,"5.458,8"
2022-10-21 03:45,--,--,--,--,--,--,--,--,0,"5.458,8"
2022-10-21 04:00,--,--,--,--,--,--,--,--,0,"5.458,8"
2022-10-21 04:15,--,--,--,--,--,--,--,--,0,"5.458,8"
2022-10-21 04:30,--,--,--,--,--,--,--,--,0,"5.458,8"
2022-10-21 04:45,--,--,--,--,--,--,--,--,0,"5.458,8"
2022-10-21 05:00,--,--,--,--,--,--,--,--,0,"5.458,8"
2022-10-21 05:15,0,0,0,0,"200,8","200,8",0,"223,8",0,"5.458,8"
2022-10-21 05:30,"0,115","0,115","0,2","0,2",208,210,"0,5","223,2",0,"5.458,8"
2022-10-21 05:45,"0,144","0,144","0,3","0,3",207,209,"0,6","223,1",0,"5.458,8"
2022-10-21 06:00,"0,211","0,211","0,4","0,4","211,5",214,"0,9","223,4",0,"5.458,8"
2022-10-21 06:15,"0,29","0,29","0,6","0,6",214,"215,5","1,3","224,8","0,1","5.458,9"
2022-10-21 06:30,"0,607","0,598","1,2","1,3","220,5",240,"2,6","223,5","0,1","5.458,9"
2022-10-21 06:45,"0,429","0,429",1,"0,9","217,5","219,5","1,9","222,2","0,3","5.459,1"
2022-10-21 07:00,"0,222","0,222","0,5","0,5","208,9","206,5",1,"221,6","0,4","5.459,2"
2022-10-21 07:15,"0,911","0,885",2,2,"227,3",224,4,"222,2","0,5","5.459,3"
2022-10-21 07:30,"0,448","0,438",1,1,"216,5",216,2,"221,5","0,7","5.459,5"
2022-10-21 07:45,"0,552","0,534","1,2","1,2",219,"218,5","2,4","223,6","0,8","5.459,6"
2022-10-21 08:00,"1,098","1,073","2,4","2,3","226,4","225,5","4,8",224,1,"5.459,8"
2022-10-21 08:15,"0,402","0,402","0,9","0,9",221,"218,4","1,8","222,2","1,1","5.459,9"
2022-10-21 08:30,"0,703","0,664","1,6","1,5","219,9","222,5",3,"224,6","1,3","5.460,1"
2022-10-21 08:45,"2,031","1,952","4,6","4,4","224,5","225,8","8,7","225,5","1,6","5.460,4"
2022-10-21 09:00,"2,432","2,368","5,7","5,4","216,4","220,4","10,3","227,1","2,1","5.460,9"
2022-10-21 09:15,"3,535","3,37","8,2","8,2",216,"212,5","14,9","228,7","2,7","5.461,5"
2022-10-21 09:30,"0,867","0,828",2,2,214,"212,5","3,8","221,4","3,1","5.461,9"
2022-10-21 09:45,"2,642","2,494","6,1","5,9","219,2",218,"11,3","225,7","3,5","5.462,3"
2022-10-21 10:00,"0,873","0,85","2,1",2,"210,3","207,7","3,8","221,6","4,2",5.463
2022-10-21 10:15,"0,42","0,42",1,"0,9","212,5","211,2","1,9","220,7","4,3","5.463,1"
2022-10-21 10:30,"0,61","0,61","1,3","1,3","222,4","221,2","2,6","219,7","4,5","5.463,3"
2022-10-21 10:45,"0,507","0,488","1,1","1,1","220,3","219,7","2,2",221,"4,6","5.463,4"
2022-10-21 11:00,"2,615","2,394","5,8","5,5","227,5","229,2","11,2","224,5","4,9","5.463,7"
2022-10-21 11:15,"1,461","1,418","3,4","3,3","214,7","214,1","6,3",224,"5,7","5.464,5"
2022-10-21 11:30,"2,201","2,137","4,8","4,7","227,9","227,1","9,4","227,1","6,1","5.464,9"
2022-10-21 11:45,"2,21","2,146",5,"4,9","223,4","220,6","9,4","226,4","6,6","5.465,4"
2022-10-21 12:00,"1,881","1,814","4,3","4,1","219,8","220,6","8,1","225,3",7,"5.465,8"
2022-10-21 12:15,"1,636","1,549","3,6","3,6","224,8","225,6","7,1","223,1","7,4","5.466,2"
2022-10-21 12:30,"1,869","1,793","4,2","4,1",223,222,"8,1","223,4","7,9","5.466,7"
2022-10-21 12:45,"3,208","3,208","7,4","7,3","219,8","215,5","12,9","225,4","8,6","5.467,4"
2022-10-21 13:00,"2,619","2,482",6,"5,9","220,7","214,7","11,2","224,2","9,3","5.468,1"
2022-10-21 13:15,"2,059","1,958","4,7","4,6","221,6","220,6","8,9","222,4","9,7","5.468,5"
2022-10-21 13:30,"2,011","1,927","4,6","4,5","219,3","217,1","8,7","222,5","10,3","5.469,1"
2022-10-21 13:45,"1,883","1,829","4,2","4,2","221,9","218,1","8,2","220,7","10,8","5.469,6"
2022-10-21 14:00,"4,187","4,062","9,9","9,6","213,9","214,1","17,8","225,6","11,4","5.470,2"
2022-10-21 14:15,"0,847","0,828","1,9",2,"213,4","209,7","3,7",220,"12,1","5.470,9"
2022-10-21 14:30,"3,435","2,184","7,7",8,"218,9",216,"14,9","223,8","12,5","5.471,3"
2022-10-21 14:45,"3,004","2,898","6,8","6,7","220,3","221,1","12,9",225,13,"5.471,8"
2022-10-21 15:00,"1,301","1,159",3,"2,9","220,6","214,6","5,8","221,5","13,5","5.472,3"
2022-10-21 15:15,"2,369","2,369","5,4","5,2","221,4","222,6",7,"223,6","13,8","5.472,6"
2022-10-21 15:30,"0,849","0,849","1,9","1,9","219,9","217,1","3,1","221,7","14,2",5.473
2022-10-21 15:45,"1,714","1,714","3,6","3,9","225,2","225,7",7,"223,6","14,4","5.473,2"
2022-10-21 16:00,"1,389","1,346",3,"3,1","219,4","223,4",6,"223,6","14,8","5.473,6"
2022-10-21 16:15,"0,923","0,827","2,6","1,4","220,7","232,1",4,"223,6",15,"5.473,8"
2022-10-21 16:30,"0,607","0,491","1,4","1,2","226,2","212,1","2,6","223,2","15,2",5.474
2022-10-21 16:45,"0,312","0,312","0,6","0,6","226,1",237,"1,3","222,6","15,3","5.474,1"
2022-10-21 17:00,"0,243","0,243","0,5","0,5","233,8","222,1",1,222,"15,3","5.474,1"
2022-10-21 17:15,"0,154","0,154","0,3","0,3","208,9","209,6","0,6","221,8","15,4","5.474,2"
2022-10-21 17:30,"0,082","0,082","0,2","0,2","198,4","202,1","0,3","220,6","15,4","5.474,2"
2022-10-21 17:45,"0,058","0,058","0,1","0,1","194,4","197,1","0,2","219,8","15,4","5.474,2"
2022-10-21 18:00,"0,049","0,049","0,2","0,3","83,5","79,5","0,2","219,4","15,4","5.474,2"
2022-10-21 18:15,"0,049","0,049","0,2","0,3","83,5","79,5","0,2","219,4","15,4","5.474,2"
2022-10-21 18:30,"0,049","0,049","0,2","0,3","83,5","79,5","0,2","219,4","15,4","5.474,2"
2022-10-21 18:45,--,--,--,--,--,--,--,--,"15,4","5.474,2"
2022-10-21 19:00,--,--,--,--,--,--,--,--,"15,4","5.474,2"
2022-10-21 19:15,--,--,--,--,--,--,--,--,"15,4","5.474,2"
2022-10-21 19:30,--,--,--,--,--,--,--,--,"15,4","5.474,2"
2022-10-21 19:45,--,--,--,--,--,--,--,--,"15,4","5.474,2"
2022-10-21 20:00,--,--,--,--,--,--,--,--,"15,4","5.474,2"
2022-10-21 20:15,--,--,--,--,--,--,--,--,"15,4","5.474,2"
2022-10-21 20:30,--,--,--,--,--,--,--,--,"15,4","5.474,2"
2022-10-21 20:45,--,--,--,--,--,--,--,--,"15,4","5.474,2"
2022-10-21 21:00,--,--,--,--,--,--,--,--,"15,4","5.474,2"
2022-10-21 21:15,--,--,--,--,--,--,--,--,"15,4","5.474,2"
2022-10-21 21:30,--,--,--,--,--,--,--,--,"15,4","5.474,2"
2022-10-21 21:45,--,--,--,--,--,--,--,--,"15,4","5.474,2"
2022-10-21 22:00,--,--,--,--,--,--,--,--,"15,4","5.474,2"
2022-10-21 22:15,--,--,--,--,--,--,--,--,"15,4","5.474,2"
2022-10-21 22:30,--,--,--,--,--,--,--,--,"15,4","5.474,2"
2022-10-21 22:45,--,--,--,--,--,--,--,--,"15,4","5.474,2"
2022-10-21 23:00,--,--,--,--,--,--,--,--,"15,4","5.474,2"
2022-10-21 23:15,--,--,--,--,--,--,--,--,"15,4","5.474,2"
2022-10-21 23:30,--,--,--,--,--,--,--,--,"15,4","5.474,2"
2022-10-21 23:45,--,--,--,--,--,--,--,--,"15,4","5.474,2"
2022-10-22 00:00,--,--,--,--,--,--,--,--,0,"5.474,2"
2022-10-22 00:15,--,--,--,--,--,--,--,--,0,"5.474,2"
2022-10-22 00:30,--,--,--,--,--,--,--,--,0,"5.474,2"
2022-10-22 00:45,--,--,--,--,--,--,--,--,0,"5.474,2"
2022-10-22 01:00,--,--,--,--,--,--,--,--,0,"5.474,2"
2022-10-22 01:15,--,--,--,--,--,--,--,--,0,"5.474,2"
2022-10-22 01:30,--,--,--,--,--,--,--,--,0,"5.474,2"
2022-10-22 01:45,--,--,--,--,--,--,--,--,0,"5.474,2"
2022-10-22 02:00,--,--,--,--,--,--,--,--,0,"5.474,2"
2022-10-22 02:15,--,--,--,--,--,--,--,--,0,"5.474,2"
2022-10-22 02:30,--,--,--,--,--,--,--,--,0,"5.474,2"
2022-10-22 02:45,--,--,--,--,--,--,--,--,0,"5.474,2"
2022-10-22 03:00,--,--,--,--,--,--,--,--,0,"5.474,2"
2022-10-22 03:15,--,--,--,--,--,--,--,--,0,"5.474,2"
2022-10-22 03:30,--,--,--,--,--,--,--,--,0,"5.474,2"
2022-10-22 03:45,--,--,--,--,--,--,--,--,0,"5.474,2"
2022-10-22 04:00,--,--,--,--,--,--,--,--,0,"5.474,2"
2022-10-22 04:15,--,--,--,--,--,--,--,--,0,"5.474,2"
2022-10-22 04:30,--,--,--,--,--,--,--,--,0,"5.474,2"
2022-10-22 04:45,--,--,--,--,--,--,--,--,0,"5.474,2"
2022-10-22 05:00,--,--,--,--,--,--,--,--,0,"5.474,2"
2022-10-22 05:15,0,0,0,0,"223,4","223,6",0,"223,6",0,"5.474,2"
2022-10-22 05:30,"0,128","0,128","0,3","0,3","202,1","205,6","0,5",223,0,"5.474,2"
2022-10-22 05:45,"0,199","0,199","0,4","0,4","213,6","215,1","0,9","224,2",0,"5.474,2"
2022-10-22 06:00,"0,293","0,293","0,6","0,6","226,1","220,1","1,3","223,5",0,"5.474,2"
2022-10-22 06:15,"0,281","0,281","0,6","0,6","218,1","228,1","1,2","222,8","0,1","5.474,3"
2022-10-22 06:30,"0,318","0,317","0,6","0,7","219,1","241,6","1,4","222,8","0,2","5.474,4"
2022-10-22 06:45,"0,785","0,785","0,7","2,6","235,1","222,1","3,4","223,8","0,3","5.474,5"
2022-10-22 07:00,"1,106","1,033",1,"3,7","254,1","222,3","4,8","223,6","0,5","5.474,7"
2022-10-22 07:15,"2,488","2,3","5,6","5,5",220,"222,1","10,6","226,2","0,9","5.475,1"
2022-10-22 07:30,"1,351","1,335","3,1",3,"217,5","218,9","5,8","223,8","1,3","5.475,5"
2022-10-22 07:45,"1,194","1,194","2,7","2,6","220,1","220,8",5,"223,2","1,6","5.475,8"
2022-10-22 08:00,"1,3","1,258","2,9","2,9","221,3","220,1","5,6",223,"1,9","5.476,1"
2022-10-22 08:15,"1,636","1,572","3,8","3,7",218,"217,6",7,"225,2","2,3","5.476,5"
2022-10-22 08:30,"2,303","2,181","5,4","5,2","215,8","216,8","9,8","226,5","2,7","5.476,9"
2022-10-22 08:45,"1,808","1,635","4,2","4,1","216,6","215,1","7,7","224,8","3,2","5.477,4"
2022-10-22 09:00,"1,489","1,46","3,4","3,3","216,6","217,1","6,4",224,"3,6","5.477,8"
2022-10-22 09:15,"1,239","1,216","2,8","2,8","217,5","214,6","5,3","225,6",4,"5.478,2"
2022-10-22 09:30,"1,031","1,022","2,4","2,3","218,6","215,8","4,4","224,4","4,3","5.478,5"
2022-10-22 09:45,"1,398","1,357","3,2","3,1","219,6",218,6,225,"4,6","5.478,8"
2022-10-22 10:00,"1,402","1,361","3,2","3,1","219,6","218,6",6,"225,4",5,"5.479,2"
2022-10-22 10:15,"1,678","1,616","3,8","3,7","220,1","217,6","7,2","225,5","5,3","5.479,5"
2022-10-22 10:30,"2,645","2,502","6,3","6,1","213,5","211,1","11,2",227,"5,9","5.480,1"
2022-10-22 10:45,"3,051","3,051","7,2","7,1","213,9","209,8","12,7","227,9","6,8",5.481
2022-10-22 11:00,"2,655","2,563",6,6,"221,8","215,2","11,2","228,4","7,4","5.481,6"
2022-10-22 11:15,"2,488","2,424","5,8","5,6","218,3","214,6","10,5",228,"7,9","5.482,1"
2022-10-22 11:30,"2,057","2,021","4,8","4,7",216,"212,7","8,7","227,4","8,5","5.482,7"
2022-10-22 11:45,"2,706","2,557","6,3","6,1","217,4","215,7","11,4","228,8",9,"5.483,2"
2022-10-22 12:00,"2,439","2,365","5,7","5,6","214,8","211,8","10,3","227,3","9,7","5.483,9"
2022-10-22 12:15,"2,125","2,082","4,9","4,9","216,2","210,7",9,"227,2","10,3","5.484,5"
2022-10-22 12:30,"1,224","1,196","2,8","2,7","215,8","214,6","5,2","224,7","10,7","5.484,9"
2022-10-22 12:45,"1,701","1,623","3,9","3,8","219,6","216,7","7,2","225,8","11,1","5.485,3"
2022-10-22 13:00,"2,846","2,757","6,7","6,6","212,2","212,2",12,"228,1","11,7","5.485,9"
2022-10-22 13:15,"3,729","3,407","8,7","8,7","217,3","209,8","15,6","228,8","12,4","5.486,6"
2022-10-22 13:30,"2,602","2,49","6,2",6,"209,6","209,5",11,"226,7","13,3","5.487,5"
2022-10-22 13:45,"1,462","1,408","3,4","3,3","217,1","216,4","6,2",225,"13,8",5.488
2022-10-22 14:00,"2,049","1,912","4,7","4,5","219,3","219,4","8,7","225,6","14,2","5.488,4"
2022-10-22 14:15,"1,617","1,536","3,7","3,6","220,4","217,4","6,8","227,6","14,6","5.488,8"
2022-10-22 14:30,"1,996","1,904","4,6","4,5","219,7","217,7","8,4","228,2",15,"5.489,2"
2022-10-22 14:45,"1,663","1,663","3,9","3,8","215,1","215,5","6,8","225,1","15,5","5.489,7"
2022-10-22 15:00,"2,453","2,418","5,7","5,5","217,2","217,9","10,4","226,7",16,"5.490,2"
2022-10-22 15:15,"1,709","1,634","3,9","3,9","218,1","216,5","7,3","225,4","16,5","5.490,7"
2022-10-22 15:30,"1,899","1,764","4,1","4,2","227,3","221,4","8,1","225,5","16,9","5.491,1"
2022-10-22 15:45,"0,632","0,615","1,4","1,4","215,2","213,5","2,7","223,3","17,2","5.491,4"
2022-10-22 16:00,"0,493","0,487","1,1","1,1","216,7",216,"2,2","222,9","17,3","5.491,5"
2022-10-22 16:15,"0,437","0,433",1,1,"214,6","214,5","1,9","222,8","17,4","5.491,6"
2022-10-22 16:30,"0,535","0,522","1,2","1,2","218,2","217,5","2,3",223,"17,5","5.491,7"
2022-10-22 16:45,"0,385","0,385","0,8","0,8","216,3",213,"1,7",222,"17,6","5.491,8"
2022-10-22 17:00,"0,352","0,352","0,8","0,8","212,3",214,"1,5","222,4","17,7","5.491,9"
2022-10-22 17:15,"0,199","0,199","0,4","0,4",210,"207,5","0,9","222,5","17,7","5.491,9"
2022-10-22 17:30,"0,123","0,123","0,2","0,3","205,7","203,5","0,5","222,2","17,8",5.492
2022-10-22 17:45,"0,059","0,059","0,1","0,1","197,2","196,5","0,2","220,5","17,8",5.492
2022-10-22 18:00,"0,049","0,049","0,2","0,2","94,8","90,5","0,2","221,3","17,8",5.492
2022-10-22 18:15,"0,049","0,049","0,2","0,2","94,8","90,5","0,2","221,3","17,8",5.492
2022-10-22 18:30,"0,049","0,049","0,2","0,2","94,8","90,5","0,2","221,3","17,8",5.492
2022-10-22 18:45,--,--,--,--,--,--,--,--,"17,8",5.492
2022-10-22 19:00,--,--,--,--,--,--,--,--,"17,8",5.492
2022-10-22 19:15,--,--,--,--,--,--,--,--,"17,8",5.492
2022-10-22 19:30,--,--,--,--,--,--,--,--,"17,8",5.492
2022-10-22 19:45,--,--,--,--,--,--,--,--,"17,8",5.492
2022-10-22 20:00,--,--,--,--,--,--,--,--,"17,8",5.492
2022-10-22 20:15,--,--,--,--,--,--,--,--,"17,8",5.492
2022-10-22 20:30,--,--,--,--,--,--,--,--,"17,8",5.492
2022-10-22 20:45,--,--,--,--,--,--,--,--,"17,8",5.492
2022-10-22 21:00,--,--,--,--,--,--,--,--,"17,8",5.492
2022-10-22 21:15,--,--,--,--,--,--,--,--,"17,8",5.492
2022-10-22 21:30,--,--,--,--,--,--,--,--,"17,8",5.492
2022-10-22 21:45,--,--,--,--,--,--,--,--,"17,8",5.492
2022-10-22 22:00,--,--,--,--,--,--,--,--,"17,8",5.492
2022-10-22 22:15,--,--,--,--,--,--,--,--,"17,8",5.492
2022-10-22 22:30,--,--,--,--,--,--,--,--,"17,8",5.492
2022-10-22 22:45,--,--,--,--,--,--,--,--,"17,8",5.492
2022-10-22 23:00,--,--,--,--,--,--,--,--,"17,8",5.492
2022-10-22 23:15,--,--,--,--,--,--,--,--,"17,8",5.492
2022-10-22 23:30,--,--,--,--,--,--,--,--,"17,8",5.492
2022-10-22 23:45,--,--,--,--,--,--,--,--,"17,8",5.492
2022-10-23 00:00,--,--,--,--,--,--,--,--,0,5.492
2022-10-23 00:15,--,--,--,--,--,--,--,--,0,5.492
2022-10-23 00:30,--,--,--,--,--,--,--,--,0,5.492
2022-10-23 00:45,--,--,--,--,--,--,--,--,0,5.492
2022-10-23 01:00,--,--,--,--,--,--,--,--,0,5.492
2022-10-23 01:15,--,--,--,--,--,--,--,--,0,5.492
2022-10-23 01:30,--,--,--,--,--,--,--,--,0,5.492
2022-10-23 01:45,--,--,--,--,--,--,--,--,0,5.492
2022-10-23 02:00,--,--,--,--,--,--,--,--,0,5.492
2022-10-23 02:15,--,--,--,--,--,--,--,--,0,5.492
2022-10-23 02:30,--,--,--,--,--,--,--,--,0,5.492
2022-10-23 02:45,--,--,--,--,--,--,--,--,0,5.492
2022-10-23 03:00,--,--,--,--,--,--,--,--,0,5.492
2022-10-23 03:15,--,--,--,--,--,--,--,--,0,5.492
2022-10-23 03:30,--,--,--,--,--,--,--,--,0,5.492
2022-10-23 03:45,--,--,--,--,--,--,--,--,0,5.492
2022-10-23 04:00,--,--,--,--,--,--,--,--,0,5.492
2022-10-23 04:15,--,--,--,--,--,--,--,--,0,5.492
2022-10-23 04:30,--,--,--,--,--,--,--,--,0,5.492
2022-10-23 04:45,--,--,--,--,--,--,--,--,0,5.492
2022-10-23 05:00,--,--,--,--,--,--,--,--,0,5.492
2022-10-23 05:15,--,--,--,--,--,--,--,--,0,5.492
2022-10-23 05:30,0,0,0,0,"210,7",211,0,"223,6",0,5.492
2022-10-23 05:45,0,0,0,0,"225,3","225,4",0,"224,4",0,5.492
2022-10-23 06:00,0,0,0,0,"232,1","232,1",0,"222,4",0,5.492
2022-10-23 06:15,"0,154","0,154","0,3","0,3",206,"210,8","0,7","220,6",0,5.492
2022-10-23 06:30,"0,141","0,141","0,3","0,3","210,5","207,3","0,6","221,8",0,5.492
2022-10-23 06:45,"0,172","0,172","0,4","0,4",211,"211,8","0,7",222,0,5.492
2022-10-23 07:00,"0,153","0,153","0,3","0,3","210,5","210,8","0,6","221,8","0,1","5.492,1"
2022-10-23 07:15,"0,148","0,148","0,3","0,3",209,"210,8","0,6",221,"0,1","5.492,1"
2022-10-23 07:30,"0,164","0,164","0,3","0,3",210,"209,8","0,7","221,8","0,1","5.492,1"
2022-10-23 07:45,"0,153","0,153","0,3","0,3","208,5","213,3","0,7","220,9","0,1","5.492,1"
2022-10-23 08:00,"0,118","0,118","0,2","0,2","203,5","205,8","0,5","221,4","0,2","5.492,2"
2022-10-23 08:15,"0,13","0,13","0,3","0,3","208,5","208,8","0,6","221,3","0,2","5.492,2"
2022-10-23 08:30,"0,144","0,144","0,3","0,3","213,5","210,3","0,6",221,"0,2","5.492,2"
2022-10-23 08:45,"0,306","0,306","0,7","0,6",215,"214,3","1,4",222,"0,3","5.492,3"
2022-10-23 09:00,"0,451","0,451",1,1,219,"220,8",2,"221,6","0,4","5.492,4"
2022-10-23 09:15,"0,151","0,151","0,3","0,3","211,5","208,3","0,7","220,8","0,4","5.492,4"
2022-10-23 09:30,"0,19","0,19","0,4","0,4",216,"214,8","0,8","221,2","0,4","5.492,4"
2022-10-23 09:45,"0,279","0,279","0,6","0,6",221,"217,8","1,2","221,5","0,5","5.492,5"
2022-10-23 10:00,"0,312","0,312","0,7","0,6",222,"220,3","1,4","221,6","0,6","5.492,6"
2022-10-23 10:15,"0,525","0,514","1,2","1,1","218,9","220,3","2,3","222,2","0,6","5.492,6"
2022-10-23 10:30,"0,466","0,453",1,1,"221,5","217,8","2,1","221,8","0,8","5.492,8"
2022-10-23 10:45,"0,422","0,416","0,9","0,9","221,4","218,8","1,9","221,2","0,9","5.492,9"
2022-10-23 11:00,"0,279","0,279","0,6","0,6","215,5","218,8","1,2","221,7",1,5.493
2022-10-23 11:15,"0,369","0,369","0,8","0,8","217,5","220,3","1,6","221,6",1,5.493
2022-10-23 11:30,"0,401","0,401","0,9","0,9",218,"218,7","1,8","221,1","1,1","5.493,1"
2022-10-23 11:45,"0,46","0,451",1,1,221,"220,3",2,"221,2","1,2","5.493,2"
2022-10-23 12:00,"0,517","0,511","1,1","1,1",223,"220,8","2,3","222,6","1,3","5.493,3"
2022-10-23 12:15,"0,704","0,693","1,5","1,5",223,"223,8","3,1","222,7","1,4","5.493,4"
2022-10-23 12:30,"0,659","0,645","1,5","1,4","221,9","220,8","2,9","223,4","1,6","5.493,6"
2022-10-23 12:45,"0,654","0,646","1,4","1,4","223,1","223,3","2,8","222,9","1,8","5.493,8"
2022-10-23 13:00,"0,568","0,546","1,3","1,2","218,9","221,3","2,5","223,2","1,9","5.493,9"
2022-10-23 13:15,"0,715","0,715","1,6","1,5","223,5","223,4","3,1","222,6",2,5.494
2022-10-23 13:30,"0,768","0,74","1,7","1,7","222,5","222,3","3,3","222,9","2,2","5.494,2"
2022-10-23 13:45,"0,49","0,487","1,1",1,"219,9","219,8","2,1","222,8","2,4","5.494,4"
2022-10-23 14:00,"0,413","0,411","0,9","0,9","215,9","219,3","1,8","222,8","2,5","5.494,5"
2022-10-23 14:15,"0,521","0,521","1,1","1,1",221,"221,3","2,3","223,4","2,6","5.494,6"
2022-10-23 14:30,"0,568","0,558","1,3","1,2",222,"223,3","2,5","223,6","2,7","5.494,7"
2022-10-23 14:45,"0,495","0,486","1,1","1,1",218,"218,3","2,2","223,6","2,8","5.494,8"
2022-10-23 15:00,"0,538","0,538","1,2","1,1","222,6","220,8","2,3","224,4",3,5.495
2022-10-23 15:15,"0,835","0,829","1,8","1,8","223,4","222,3","3,6","224,2","3,1","5.495,1"
2022-10-23 15:30,"0,4","0,4","0,9","0,8","216,5","217,8","1,7",222,"3,3","5.495,3"
2022-10-23 15:45,"0,192","0,192","0,4","0,4","211,5","211,8","0,8","222,5","3,3","5.495,3"
2022-10-23 16:00,"0,393","0,391","0,9","0,8",219,"217,3","1,7","222,8","3,4","5.495,4"
2022-10-23 16:15,"0,197","0,197","0,4","0,4","210,5","210,3","0,8","222,2","3,5","5.495,5"
2022-10-23 16:30,"0,262","0,262","0,6","0,6","213,5","215,8","1,2","220,5","3,5","5.495,5"
2022-10-23 16:45,"0,121","0,121","0,2","0,2","207,5","207,3","0,5",221,"3,5","5.495,5"
2022-10-23 17:00,"0,122","0,122","0,2","0,2","207,5","207,8","0,5","221,2","3,6","5.495,6"
2022-10-23 17:15,"0,091","0,091","0,2","0,2","205,5","201,8","0,4",222,"3,6","5.495,6"
2022-10-23 17:30,"0,072","0,072","0,1","0,1",203,"201,8","0,3","221,4","3,6","5.495,6"
2022-10-23 17:45,"0,049","0,049","0,1","0,1","200,4","196,8","0,2","220,5","3,6","5.495,6"
2022-10-23 18:00,"0,049","0,049","0,2","0,2","102,9","98,7","0,2","220,9","3,6","5.495,6"
2022-10-23 18:15,"0,049","0,049","0,2","0,2","102,9","98,7","0,2","220,9","3,6","5.495,6"
2022-10-23 18:30,--,--,--,--,--,--,--,--,"3,6","5.495,6"
2022-10-23 18:45,--,--,--,--,--,--,--,--,"3,6","5.495,6"
2022-10-23 19:00,--,--,--,--,--,--,--,--,"3,6","5.495,6"
2022-10-23 19:15,--,--,--,--,--,--,--,--,"3,6","5.495,6"
2022-10-23 19:30,--,--,--,--,--,--,--,--,"3,6","5.495,6"
2022-10-23 19:45,--,--,--,--,--,--,--,--,"3,6","5.495,6"
2022-10-23 20:00,--,--,--,--,--,--,--,--,"3,6","5.495,6"
2022-10-23 20:15,--,--,--,--,--,--,--,--,"3,6","5.495,6"
2022-10-23 20:30,--,--,--,--,--,--,--,--,"3,6","5.495,6"
2022-10-23 20:45,--,--,--,--,--,--,--,--,"3,6","5.495,6"
2022-10-23 21:00,--,--,--,--,--,--,--,--,"3,6","5.495,6"
2022-10-23 21:15,--,--,--,--,--,--,--,--,"3,6","5.495,6"
2022-10-23 21:30,--,--,--,--,--,--,--,--,"3,6","5.495,6"
2022-10-23 21:45,--,--,--,--,--,--,--,--,"3,6","5.495,6"
2022-10-23 22:00,--,--,--,--,--,--,--,--,"3,6","5.495,6"
2022-10-23 22:15,--,--,--,--,--,--,--,--,"3,6","5.495,6"
2022-10-23 22:30,--,--,--,--,--,--,--,--,"3,6","5.495,6"
2022-10-23 22:45,--,--,--,--,--,--,--,--,"3,6","5.495,6"
2022-10-23 23:00,--,--,--,--,--,--,--,--,"3,6","5.495,6"
2022-10-23 23:15,--,--,--,--,--,--,--,--,"3,6","5.495,6"
2022-10-23 23:30,--,--,--,--,--,--,--,--,"3,6","5.495,6"
2022-10-23 23:45,--,--,--,--,--,--,--,--,"3,6","5.495,6"
2022-10-24 00:00,--,--,--,--,--,--,--,--,0,"5.495,6"
2022-10-24 00:15,--,--,--,--,--,--,--,--,0,"5.495,6"
2022-10-24 00:30,--,--,--,--,--,--,--,--,0,"5.495,6"
2022-10-24 00:45,--,--,--,--,--,--,--,--,0,"5.495,6"
2022-10-24 01:00,--,--,--,--,--,--,--,--,0,"5.495,6"
2022-10-24 01:15,--,--,--,--,--,--,--,--,0,"5.495,6"
2022-10-24 01:30,--,--,--,--,--,--,--,--,0,"5.495,6"
2022-10-24 01:45,--,--,--,--,--,--,--,--,0,"5.495,6"
2022-10-24 02:00,--,--,--,--,--,--,--,--,0,"5.495,6"
2022-10-24 02:15,--,--,--,--,--,--,--,--,0,"5.495,6"
2022-10-24 02:30,--,--,--,--,--,--,--,--,0,"5.495,6"
2022-10-24 02:45,--,--,--,--,--,--,--,--,0,"5.495,6"
2022-10-24 03:00,--,--,--,--,--,--,--,--,0,"5.495,6"
2022-10-24 03:15,--,--,--,--,--,--,--,--,0,"5.495,6"
2022-10-24 03:30,--,--,--,--,--,--,--,--,0,"5.495,6"
2022-10-24 03:45,--,--,--,--,--,--,--,--,0,"5.495,6"
2022-10-24 04:00,--,--,--,--,--,--,--,--,0,"5.495,6"
2022-10-24 04:15,--,--,--,--,--,--,--,--,0,"5.495,6"
2022-10-24 04:30,--,--,--,--,--,--,--,--,0,"5.495,6"
2022-10-24 04:45,--,--,--,--,--,--,--,--,0,"5.495,6"
2022-10-24 05:00,--,--,--,--,--,--,--,--,0,"5.495,6"
2022-10-24 05:15,0,0,0,0,"216,8",217,0,223,0,"5.495,6"
2022-10-24 05:30,0,0,0,0,"224,3","224,4",0,223,0,"5.495,6"
2022-10-24 05:45,0,0,0,0,"235,5","235,4",0,"223,8",0,"5.495,6"
2022-10-24 06:00,"0,115","0,115","0,2","0,2","207,5","211,5","0,5",222,0,"5.495,6"
2022-10-24 06:15,"0,112","0,112","0,2","0,2",205,204,"0,5","222,9",0,"5.495,6"
2022-10-24 06:30,"0,156","0,156","0,3","0,3",209,"207,5","0,7","223,8",0,"5.495,6"
2022-10-24 06:45,"0,244","0,244","0,5","0,5",212,214,"1,1","223,4","0,1","5.495,7"
2022-10-24 07:00,"0,402","0,398","0,9","0,8","218,5","220,5","1,8","222,5","0,1","5.495,7"
2022-10-24 07:15,"0,395","0,395","0,9","0,8",218,"221,5","1,7","220,5","0,2","5.495,8"
2022-10-24 07:30,"0,386","0,384","0,8","0,8",221,217,"1,7","221,4","0,3","5.495,9"
2022-10-24 07:45,"0,795","0,783","1,8","1,7","221,4","223,5","3,5","222,4","0,4",5.496
2022-10-24 08:00,"1,337","1,291",3,"2,8","222,3",226,"5,8","222,2","0,7","5.496,3"
2022-10-24 08:15,"0,713","0,7","1,6","1,6","218,5","217,5","3,1","222,6","0,9","5.496,5"
2022-10-24 08:30,"1,381","1,315","3,1",3,"222,1",224,"5,9","225,2","1,1","5.496,7"
2022-10-24 08:45,"1,118","1,106","2,5","2,5","219,5","218,9","4,8","225,2","1,5","5.497,1"
2022-10-24 09:00,"1,212","1,179","2,8","2,6","218,3",221,"5,2","224,6","1,7","5.497,3"
2022-10-24 09:15,"1,376","1,298","3,1",3,"221,2",218,"5,9","223,1","2,1","5.497,7"
2022-10-24 09:30,"0,733","0,716","1,7","1,6","215,9","213,9","3,2","222,8","2,4",5.498
2022-10-24 09:45,"0,883","0,874",2,2,"219,6","216,6","3,8","223,6","2,6","5.498,2"
2022-10-24 10:00,"0,766","0,762","1,7","1,7","219,5",217,"3,3","223,2","2,8","5.498,4"
2022-10-24 10:15,"0,736","0,736","1,7","1,6","217,4","219,4","3,2","222,6",3,"5.498,6"
2022-10-24 10:30,"0,76","0,737","1,7","1,7","218,4","217,5","3,3","223,4","3,1","5.498,7"
2022-10-24 10:45,"1,601","1,534","3,7","3,5","219,9","219,7","6,9","223,2","3,4",5.499
2022-10-24 11:00,"2,137","1,988","4,9","4,8","218,5","217,5","9,2","224,6","3,9","5.499,5"
2022-10-24 11:15,"0,867","0,842",2,"1,9","215,5","213,4","3,8","220,8","4,3","5.499,9"
2022-10-24 11:30,"0,927","0,896","2,1",2,"219,4",217,"4,1","221,1","4,5","5.500,1"
2022-10-24 11:45,"0,826","0,808","1,9","1,8","215,4",216,"3,6","222,4","4,8","5.500,4"
2022-10-24 12:00,"0,198","0,198","0,4","0,4","205,5",207,"0,9","222,1","4,9","5.500,5"
2022-10-24 12:15,"0,514","0,497","1,2","1,1","216,1",218,"2,2","221,6","4,9","5.500,5"
2022-10-24 12:30,"0,242","0,242","0,5","0,5",213,213,"1,1","221,6",5,"5.500,6"
2022-10-24 12:45,"0,224","0,224","0,5","0,5","209,5","210,5",1,"220,7",5,"5.500,6"
2022-10-24 13:00,"0,195","0,195","0,4","0,4",209,"209,5","0,8","222,7","5,1","5.500,7"
2022-10-24 13:15,"0,421","0,415","0,9","0,9","219,5",217,"1,9","221,2","5,1","5.500,7"
2022-10-24 13:30,"0,522","0,511","1,2","1,1","218,5","218,5","2,3","221,4","5,2","5.500,8"
2022-10-24 13:45,"0,603","0,586","1,3","1,3","220,5",223,"2,6","221,4","5,4",5.501
2022-10-24 14:00,"0,613","0,606","1,4","1,3",218,220,"2,7",220,"5,5","5.501,1"
2022-10-24 14:15,"0,781","0,767","1,8","1,7","220,3",222,"3,4","220,5","5,7","5.501,3"
2022-10-24 14:30,"0,419","0,418","0,9","0,9","215,5",218,"1,9","220,2","5,8","5.501,4"
2022-10-24 14:45,"0,572","0,56","1,3","1,2",220,218,"2,5",221,"5,9","5.501,5"
2022-10-24 15:00,"0,701","0,687","1,6","1,5","219,4",218,"3,1","219,5","6,1","5.501,7"
2022-10-24 15:15,"0,646","0,637","1,4","1,4","218,1",219,"2,8","219,6","6,2","5.501,8"
2022-10-24 15:30,"0,768","0,751","1,7","1,7","219,5","217,5","3,4","219,7","6,4",5.502
2022-10-24 15:45,"0,396","0,395","0,9","0,8","214,9",218,"1,8","220,4","6,5","5.502,1"
2022-10-24 16:00,"0,377","0,377","0,8","0,8","217,5","216,5","1,7","219,9","6,6","5.502,2"
2022-10-24 16:15,"0,381","0,381","0,9","0,8",215,"213,9","1,7","219,7","6,7","5.502,3"
2022-10-24 16:30,"0,373","0,373","0,8","0,8","215,4","216,5","1,7","219,1","6,8","5.502,4"
2022-10-24 16:45,"0,231","0,231","0,5","0,5",216,213,1,"221,7","6,9","5.502,5"
2022-10-24 17:00,"0,17","0,17","0,4","0,4",208,210,"0,7",223,"6,9","5.502,5"
2022-10-24 17:15,"0,115","0,115","0,2","0,2",209,"207,5","0,5","219,5","6,9","5.502,5"
2022-10-24 17:30,0,0,0,0,"229,2","229,3",0,221,"6,9","5.502,5"
2022-10-24 17:45,0,0,0,0,"200,1","200,1",0,"219,8","6,9","5.502,5"
2022-10-24 18:00,0,0,0,0,"200,1","200,1",0,"219,8","6,9","5.502,5"
2022-10-24 18:15,0,0,0,0,"200,1","200,1",0,"219,8","6,9","5.502,5"
2022-10-24 18:30,--,--,--,--,--,--,--,--,"6,9","5.502,5"
2022-10-24 18:45,--,--,--,--,--,--,--,--,"6,9","5.502,5"
2022-10-24 19:00,--,--,--,--,--,--,--,--,"6,9","5.502,5"
2022-10-24 19:15,--,--,--,--,--,--,--,--,"6,9","5.502,5"
2022-10-24 19:30,--,--,--,--,--,--,--,--,"6,9","5.502,5"
2022-10-24 19:45,--,--,--,--,--,--,--,--,"6,9","5.502,5"
2022-10-24 20:00,--,--,--,--,--,--,--,--,"6,9","5.502,5"
2022-10-24 20:15,--,--,--,--,--,--,--,--,"6,9","5.502,5"
2022-10-24 20:30,--,--,--,--,--,--,--,--,"6,9","5.502,5"
2022-10-24 20:45,--,--,--,--,--,--,--,--,"6,9","5.502,5"
2022-10-24 21:00,--,--,--,--,--,--,--,--,"6,9","5.502,5"
2022-10-24 21:15,--,--,--,--,--,--,--,--,"6,9","5.502,5"
2022-10-24 21:30,--,--,--,--,--,--,--,--,"6,9","5.502,5"
2022-10-24 21:45,--,--,--,--,--,--,--,--,"6,9","5.502,5"
2022-10-24 22:00,--,--,--,--,--,--,--,--,"6,9","5.502,5"
2022-10-24 22:15,--,--,--,--,--,--,--,--,"6,9","5.502,5"
2022-10-24 22:30,--,--,--,--,--,--,--,--,"6,9","5.502,5"
2022-10-24 22:45,--,--,--,--,--,--,--,--,"6,9","5.502,5"
2022-10-24 23:00,--,--,--,--,--,--,--,--,"6,9","5.502,5"
2022-10-24 23:15,--,--,--,--,--,--,--,--,"6,9","5.502,5"
2022-10-24 23:30,--,--,--,--,--,--,--,--,"6,9","5.502,5"
2022-10-24 23:45,--,--,--,--,--,--,--,--,"6,9","5.502,5"
2022-10-25 00:00,--,--,--,--,--,--,--,--,0,"5.502,5"
2022-10-25 00:15,--,--,--,--,--,--,--,--,0,"5.502,5"
2022-10-25 00:30,--,--,--,--,--,--,--,--,0,"5.502,5"
2022-10-25 00:45,--,--,--,--,--,--,--,--,0,"5.502,5"
2022-10-25 01:00,--,--,--,--,--,--,--,--,0,"5.502,5"
2022-10-25 01:15,--,--,--,--,--,--,--,--,0,"5.502,5"
2022-10-25 01:30,--,--,--,--,--,--,--,--,0,"5.502,5"
2022-10-25 01:45,--,--,--,--,--,--,--,--,0,"5.502,5"
2022-10-25 02:00,--,--,--,--,--,--,--,--,0,"5.502,5"
2022-10-25 02:15,--,--,--,--,--,--,--,--,0,"5.502,5"
2022-10-25 02:30,--,--,--,--,--,--,--,--,0,"5.502,5"
2022-10-25 02:45,--,--,--,--,--,--,--,--,0,"5.502,5"
2022-10-25 03:00,--,--,--,--,--,--,--,--,0,"5.502,5"
2022-10-25 03:15,--,--,--,--,--,--,--,--,0,"5.502,5"
2022-10-25 03:30,--,--,--,--,--,--,--,--,0,"5.502,5"
2022-10-25 03:45,--,--,--,--,--,--,--,--,0,"5.502,5"
2022-10-25 04:00,--,--,--,--,--,--,--,--,0,"5.502,5"
2022-10-25 04:15,--,--,--,--,--,--,--,--,0,"5.502,5"
2022-10-25 04:30,--,--,--,--,--,--,--,--,0,"5.502,5"
2022-10-25 04:45,--,--,--,--,--,--,--,--,0,"5.502,5"
2022-10-25 05:00,--,--,--,--,--,--,--,--,0,"5.502,5"
2022-10-25 05:15,0,0,0,0,"231,3","231,4",0,"223,9",0,"5.502,5"
2022-10-25 05:30,"0,174","0,174","0,4","0,4","209,3","214,2","0,7","224,3",0,"5.502,5"
2022-10-25 05:45,"0,148","0,148","0,3","0,3","210,3","213,2","0,6","222,9",0,"5.502,5"
2022-10-25 06:00,"0,43","0,429","0,9","0,9","225,3","221,7","1,9","224,5","0,1","5.502,6"
2022-10-25 06:15,"0,284","0,284","0,6","0,6","218,8","234,7","1,2","223,3","0,1","5.502,6"
2022-10-25 06:30,"0,311","0,311","0,5","0,7","223,8","251,7","1,4","222,2","0,2","5.502,7"
2022-10-25 06:45,"0,818","0,8","0,5",3,"237,3","224,9","3,6","222,2","0,3","5.502,8"
2022-10-25 07:00,"1,027","0,993","0,7","3,7","256,8","220,2","4,5",222,"0,6","5.503,1"
2022-10-25 07:15,"2,13","2,055","4,7","4,8","222,8","216,9","9,1","223,8","0,9","5.503,4"
2022-10-25 07:30,"2,901","2,57","6,8","6,4","221,3","216,9","12,4",226,"1,3","5.503,8"
2022-10-25 07:45,"0,557","0,557","1,3","1,2","215,3","214,2","2,4","222,8","1,6","5.504,1"
2022-10-25 08:00,"0,755","0,739","1,7","1,6","220,3","219,7","3,3","223,4","1,7","5.504,2"
2022-10-25 08:15,"3,103","2,984","7,1","7,1","217,7","216,7","13,2","226,2","2,2","5.504,7"
2022-10-25 08:30,"1,695","1,695","4,1","3,7","207,8","217,1",4,"222,6",3,"5.505,5"
2022-10-25 08:45,"1,24","1,122","3,1","2,8","207,1","204,2","5,4","220,3","3,7","5.506,2"
2022-10-25 09:00,"0,812","0,782","1,9","1,8","215,9","212,8","3,6","220,4",4,"5.506,5"
2022-10-25 09:15,"2,993","2,449",7,"6,3",223,"221,9",13,224,"4,4","5.506,9"
2022-10-25 09:30,"4,636","4,536","11,1","10,8","211,8","208,3","19,7","225,6",5,"5.507,5"
2022-10-25 09:45,"4,487","4,283","11,3","10,9",202,"199,2",19,"225,4","6,1","5.508,6"
2022-10-25 10:00,"1,648","1,581","4,1",4,203,"198,6","7,1","220,4","7,1","5.509,6"
2022-10-25 10:15,"5,039","4,904","11,9","11,7","215,2","209,1","21,2","227,6","7,8","5.510,3"
2022-10-25 10:30,"1,799","1,751","4,3","4,1","213,9","209,1","7,8",222,"8,6","5.511,1"
2022-10-25 10:45,"4,62","4,425","11,4","11,3","204,9","201,3","19,4","227,9","9,4","5.511,9"
2022-10-25 11:00,"4,519","4,311","11,2",11,"204,4","199,8","18,8",229,"10,5",5.513
2022-10-25 11:15,"4,162","4,102","10,2","10,2","205,7","198,7","17,6","226,1","11,6","5.514,1"
2022-10-25 11:30,"4,597","4,379","11,6","11,4","202,4","196,9","19,2","228,2","12,6","5.515,1"
2022-10-25 11:45,"1,909","1,841","4,4","4,3","217,9","211,6","8,2","223,8","13,3","5.515,8"
2022-10-25 12:00,"4,581","4,085","11,2","11,2",206,"201,2","19,2","227,9","14,1","5.516,6"
2022-10-25 12:15,"1,591","1,559","3,7","3,7",214,"209,2","6,9","221,8",15,"5.517,5"
2022-10-25 12:30,"0,869","0,859",2,2,215,210,"3,8","220,6","15,3","5.517,8"
2022-10-25 12:45,"0,315","0,315","0,7","0,7",212,"209,1","1,4","220,2","15,5",5.518
2022-10-25 13:00,"0,288","0,288","0,7","0,6","213,4",212,"1,3","219,2","15,5",5.518
2022-10-25 13:15,"0,85","0,831","1,9","1,8",226,"224,5","3,7","219,2","15,6","5.518,1"
2022-10-25 13:30,"1,919","1,774","4,2","4,1","229,4","226,5","8,4","220,7","15,9","5.518,4"
2022-10-25 13:45,"4,191","4,023","9,5","9,5",221,"217,5","18,1",222,"16,9","5.519,4"
2022-10-25 14:00,"3,548","3,419","8,1","8,4","216,7","209,4","15,3","222,2","17,8","5.520,3"
2022-10-25 14:15,"3,191","3,085","7,2","7,6","218,3","209,5","13,6",225,"18,6","5.521,1"
2022-10-25 14:30,"3,135","3,016","7,4","7,3",214,"209,5","13,6","221,2","19,3","5.521,8"
2022-10-25 14:45,"3,052","3,052",7,"7,1","213,3","214,3","8,7","218,8","20,1","5.522,6"
2022-10-25 15:00,"0,753","0,716","1,8","1,7","210,6","208,1","3,3","217,6","20,6","5.523,1"
2022-10-25 15:15,"0,395","0,389","0,9","0,9",214,"211,5","1,8","215,8","20,8","5.523,3"
2022-10-25 15:30,"0,338","0,337","0,8","0,7",211,"211,9","1,5","216,3","20,8","5.523,3"
2022-10-25 15:45,"0,157","0,157","0,3","0,3",205,206,"0,7","218,2","20,9","5.523,4"
2022-10-25 16:00,"0,167","0,167","0,4","0,3",211,209,"0,7",220,"20,9","5.523,4"
2022-10-25 16:15,"0,192","0,192","0,4","0,4",212,"214,5","0,8",217,21,"5.523,5"
2022-10-25 16:30,"0,116","0,116","0,2","0,2",204,"205,5","0,5","220,3",21,"5.523,5"
2022-10-25 16:45,"0,112","0,112","0,2","0,2",205,"204,5","0,5","218,2",21,"5.523,5"
2022-10-25 17:00,"0,084","0,084","0,2","0,2","199,5",203,"0,3","220,9",21,"5.523,5"
2022-10-25 17:15,"0,063","0,063","0,1","0,1",198,198,"0,2","216,6",21,"5.523,5"
2022-10-25 17:30,"0,056","0,056","0,1","0,1","198,5",201,"0,2","217,5",21,"5.523,5"
2022-10-25 17:45,"0,047","0,047","0,1","0,1","193,5","198,5","0,2","217,7",21,"5.523,5"
2022-10-25 18:00,"0,046","0,046","0,1","0,1","147,7","144,2","0,2","217,1",21,"5.523,5"
2022-10-25 18:15,"0,047","0,047","0,3","0,3","73,8","70,3","0,2","218,2",21,"5.523,5"
2022-10-25 18:30,"0,047","0,047","0,3","0,3","73,8","70,3","0,2","218,2",21,"5.523,5"
2022-10-25 18:45,--,--,--,--,--,--,--,--,21,"5.523,5"
2022-10-25 19:00,--,--,--,--,--,--,--,--,21,"5.523,5"
2022-10-25 19:15,--,--,--,--,--,--,--,--,21,"5.523,5"
2022-10-25 19:30,--,--,--,--,--,--,--,--,21,"5.523,5"
2022-10-25 19:45,--,--,--,--,--,--,--,--,21,"5.523,5"
2022-10-25 20:00,--,--,--,--,--,--,--,--,21,"5.523,5"
2022-10-25 20:15,--,--,--,--,--,--,--,--,21,"5.523,5"
2022-10-25 20:30,--,--,--,--,--,--,--,--,21,"5.523,5"
2022-10-25 20:45,--,--,--,--,--,--,--,--,21,"5.523,5"
2022-10-25 21:00,--,--,--,--,--,--,--,--,21,"5.523,5"
2022-10-25 21:15,--,--,--,--,--,--,--,--,21,"5.523,5"
2022-10-25 21:30,--,--,--,--,--,--,--,--,21,"5.523,5"
2022-10-25 21:45,--,--,--,--,--,--,--,--,21,"5.523,5"
2022-10-25 22:00,--,--,--,--,--,--,--,--,21,"5.523,5"
2022-10-25 22:15,--,--,--,--,--,--,--,--,21,"5.523,5"
2022-10-25 22:30,--,--,--,--,--,--,--,--,21,"5.523,5"
2022-10-25 22:45,--,--,--,--,--,--,--,--,21,"5.523,5"
2022-10-25 23:00,--,--,--,--,--,--,--,--,21,"5.523,5"
2022-10-25 23:15,--,--,--,--,--,--,--,--,21,"5.523,5"
2022-10-25 23:30,--,--,--,--,--,--,--,--,21,"5.523,5"
2022-10-25 23:45,--,--,--,--,--,--,--,--,21,"5.523,5"
2022-10-26 00:00,--,--,--,--,--,--,--,--,0,"5.523,5"
2022-10-26 00:15,--,--,--,--,--,--,--,--,0,"5.523,5"
2022-10-26 00:30,--,--,--,--,--,--,--,--,0,"5.523,5"
2022-10-26 00:45,--,--,--,--,--,--,--,--,0,"5.523,5"
2022-10-26 01:00,--,--,--,--,--,--,--,--,0,"5.523,5"
2022-10-26 01:15,--,--,--,--,--,--,--,--,0,"5.523,5"
2022-10-26 01:30,--,--,--,--,--,--,--,--,0,"5.523,5"
2022-10-26 01:45,--,--,--,--,--,--,--,--,0,"5.523,5"
2022-10-26 02:00,--,--,--,--,--,--,--,--,0,"5.523,5"
2022-10-26 02:15,--,--,--,--,--,--,--,--,0,"5.523,5"
2022-10-26 02:30,--,--,--,--,--,--,--,--,0,"5.523,5"
2022-10-26 02:45,--,--,--,--,--,--,--,--,0,"5.523,5"
2022-10-26 03:00,--,--,--,--,--,--,--,--,0,"5.523,5"
2022-10-26 03:15,--,--,--,--,--,--,--,--,0,"5.523,5"
2022-10-26 03:30,--,--,--,--,--,--,--,--,0,"5.523,5"
2022-10-26 03:45,--,--,--,--,--,--,--,--,0,"5.523,5"
2022-10-26 04:00,--,--,--,--,--,--,--,--,0,"5.523,5"
2022-10-26 04:15,--,--,--,--,--,--,--,--,0,"5.523,5"
2022-10-26 04:30,--,--,--,--,--,--,--,--,0,"5.523,5"
2022-10-26 04:45,--,--,--,--,--,--,--,--,0,"5.523,5"
2022-10-26 05:00,--,--,--,--,--,--,--,--,0,"5.523,5"
2022-10-26 05:15,0,0,0,0,220,220,0,224,0,"5.523,5"
2022-10-26 05:30,0,0,0,0,"234,4","234,5",0,"221,3",0,"5.523,5"
2022-10-26 05:45,"0,141","0,141","0,3","0,3",210,"211,5","0,6","222,2",0,"5.523,5"
2022-10-26 06:00,"0,176","0,176","0,4","0,4",211,213,"0,8",223,0,"5.523,5"
2022-10-26 06:15,"0,246","0,246","0,5","0,5","214,5",224,"1,1","223,3","0,1","5.523,6"
2022-10-26 06:30,"0,548","0,51",1,"1,2",224,"247,5","2,4","224,4","0,1","5.523,6"
2022-10-26 06:45,"0,54","0,524","1,1","1,2","220,1",219,"2,3",224,"0,3","5.523,8"
2022-10-26 07:00,"1,398","1,256","2,1","3,8","246,8",224,"6,1","223,4","0,5",5.524
2022-10-26 07:15,"2,058","1,928","4,5","4,6",226,"221,7",9,"222,3","0,9","5.524,4"
2022-10-26 07:30,"1,762","1,626",4,4,"219,3",218,"7,7","220,4","1,3","5.524,8"
2022-10-26 07:45,"0,882","0,882",2,"1,9","215,2","216,5","3,8","220,3","1,6","5.525,1"
2022-10-26 08:00,"1,184","1,155","2,7","2,6","221,1","218,8","5,2","221,8","1,8","5.525,3"
2022-10-26 08:15,"1,54","1,481","3,6","3,4","218,5","219,7","6,7","220,8","2,1","5.525,6"
2022-10-26 08:30,"1,881","1,833","4,4","4,2",216,"218,5","8,1","223,4","2,6","5.526,1"
2022-10-26 08:45,"1,668","1,598","3,9","3,7",218,"217,4","7,2",222,3,"5.526,5"
2022-10-26 09:00,"1,692","1,661","3,9","3,8","218,9","215,5","7,3","222,4","3,4","5.526,9"
2022-10-26 09:15,"0,836","0,81","1,9","1,8","218,5","217,5","3,7","220,6","3,6","5.527,1"
2022-10-26 09:30,"0,825","0,798","1,8","1,8","225,8","219,5","3,7","218,7","3,8","5.527,3"
2022-10-26 09:45,"1,238","1,204","2,8","2,7","224,3","225,5","5,4","221,6","4,1","5.527,6"
2022-10-26 10:00,"1,733","1,672","3,9","3,7","224,4","223,3","7,6","221,8","4,4","5.527,9"
2022-10-26 10:15,"5,165","4,487","11,2","11,1","231,2",230,"21,7","228,9",5,"5.528,5"
2022-10-26 10:30,"3,612","3,157","7,9","7,8","228,3","227,4","15,5","225,7","5,4","5.528,9"
2022-10-26 10:45,"4,121","4,121","9,9","9,5","211,1","211,4","16,7","226,3","6,3","5.529,8"
2022-10-26 11:00,"2,866","2,866",7,"6,7","208,6","206,1","12,2",225,"7,1","5.530,6"
2022-10-26 11:15,"4,106","3,676","9,7","9,4","211,8","214,6","17,3","228,1","7,6","5.531,1"
2022-10-26 11:30,"1,373","1,329","3,2","3,1","213,1","211,9","5,9",224,"8,1","5.531,6"
2022-10-26 11:45,"0,707","0,693","1,6","1,6","215,2",215,"3,1",223,"8,3","5.531,8"
2022-10-26 12:00,"0,55","0,543","1,2","1,2","218,3",218,"2,4","222,6","8,4","5.531,9"
2022-10-26 12:15,"0,606","0,589","1,3","1,3","220,7",220,"2,7","220,2","8,6","5.532,1"
2022-10-26 12:30,"4,638","3,556","10,2","10,4","222,4","227,2",20,225,"8,9","5.532,4"
2022-10-26 12:45,"1,474","1,427","3,4","3,3","216,7","215,9","6,4","219,8","9,5",5.533
2022-10-26 13:00,"1,74","1,671","3,9","3,8","224,4","223,7","7,6","221,9","9,9","5.533,4"
2022-10-26 13:15,"2,953","2,953","6,9","6,7","217,7","213,7","12,8","219,3","10,5",5.534
2022-10-26 13:30,"3,296","3,113","7,8","7,7","211,8","211,7","14,1",224,"11,1","5.534,6"
2022-10-26 13:45,"4,74","4,276","11,3","11,4","211,7","204,1","20,2","225,4","11,9","5.535,4"
2022-10-26 14:00,"4,045","3,886","9,8","9,9","207,4","201,6","17,2","224,8","12,7","5.536,2"
2022-10-26 14:15,"0,933","0,901","2,2","2,2","208,2","203,5","4,1","220,1","13,4","5.536,9"
2022-10-26 14:30,"2,655","2,061",6,6,"217,1","219,2","11,6",220,"13,7","5.537,2"
2022-10-26 14:45,"1,465","1,388","3,5","3,4","210,6","210,5","6,4","220,2","14,4","5.537,9"
2022-10-26 15:00,"2,574","2,488","6,2","5,8","212,8","215,6","11,2",220,"14,9","5.538,4"
2022-10-26 15:15,"1,581","1,02","3,9","3,5","213,4","212,7",7,"221,5","15,5",5.539
2022-10-26 15:30,"1,024","0,971","2,2","2,3","226,9","221,6","4,6","215,6","15,7","5.539,2"
2022-10-26 15:45,"0,664","0,653","1,5","1,5","221,7",218,3,"216,4","15,9","5.539,4"
2022-10-26 16:00,"0,669","0,655","1,5","1,4","217,7","220,1","2,9","219,1","16,1","5.539,6"
2022-10-26 16:15,"0,443","0,438",1,1,213,"217,1",2,"217,9","16,2","5.539,7"
2022-10-26 16:30,"0,3","0,3","0,7","0,6","214,6","217,1","1,3",220,"16,3","5.539,8"
2022-10-26 16:45,"0,197","0,197","0,4","0,4","210,9","212,1","0,9","217,9","16,4","5.539,9"
2022-10-26 17:00,"0,194","0,194","0,4","0,4","224,6","218,1","0,8","222,2","16,4","5.539,9"
2022-10-26 17:15,"0,13","0,13","0,3","0,3","209,6","209,6","0,5","220,6","16,4","5.539,9"
2022-10-26 17:30,"0,103","0,103","0,2","0,2","204,1","200,6","0,4","221,8","16,4","5.539,9"
2022-10-26 17:45,"0,06","0,06","0,1","0,1","198,6","196,1","0,2",221,"16,4","5.539,9"
2022-10-26 18:00,0,0,0,0,"198,9","199,2",0,"219,2","16,4","5.539,9"
2022-10-26 18:15,0,0,0,0,"198,9","199,2",0,"219,2","16,4","5.539,9"
2022-10-26 18:30,--,--,--,--,--,--,--,--,"16,4","5.539,9"
2022-10-26 18:45,--,--,--,--,--,--,--,--,"16,4","5.539,9"
2022-10-26 19:00,--,--,--,--,--,--,--,--,"16,4","5.539,9"
2022-10-26 19:15,--,--,--,--,--,--,--,--,"16,4","5.539,9"
2022-10-26 19:30,--,--,--,--,--,--,--,--,"16,4","5.539,9"
2022-10-26 19:45,--,--,--,--,--,--,--,--,"16,4","5.539,9"
2022-10-26 20:00,--,--,--,--,--,--,--,--,"16,4","5.539,9"
2022-10-26 20:15,--,--,--,--,--,--,--,--,"16,4","5.539,9"
2022-10-26 20:30,--,--,--,--,--,--,--,--,"16,4","5.539,9"
2022-10-26 20:45,--,--,--,--,--,--,--,--,"16,4","5.539,9"
2022-10-26 21:00,--,--,--,--,--,--,--,--,"16,4","5.539,9"
2022-10-26 21:15,--,--,--,--,--,--,--,--,"16,4","5.539,9"
2022-10-26 21:30,--,--,--,--,--,--,--,--,"16,4","5.539,9"
2022-10-26 21:45,--,--,--,--,--,--,--,--,"16,4","5.539,9"
2022-10-26 22:00,--,--,--,--,--,--,--,--,"16,4","5.539,9"
2022-10-26 22:15,--,--,--,--,--,--,--,--,"16,4","5.539,9"
2022-10-26 22:30,--,--,--,--,--,--,--,--,"16,4","5.539,9"
2022-10-26 22:45,--,--,--,--,--,--,--,--,"16,4","5.539,9"
2022-10-26 23:00,--,--,--,--,--,--,--,--,"16,4","5.539,9"
2022-10-26 23:15,--,--,--,--,--,--,--,--,"16,4","5.539,9"
2022-10-26 23:30,--,--,--,--,--,--,--,--,"16,4","5.539,9"
2022-10-26 23:45,--,--,--,--,--,--,--,--,"16,4","5.539,9"
2022-10-27 00:00,--,--,--,--,--,--,--,--,0,"5.539,9"
2022-10-27 00:15,--,--,--,--,--,--,--,--,0,"5.539,9"
2022-10-27 00:30,--,--,--,--,--,--,--,--,0,"5.539,9"
2022-10-27 00:45,--,--,--,--,--,--,--,--,0,"5.539,9"
2022-10-27 01:00,--,--,--,--,--,--,--,--,0,"5.539,9"
2022-10-27 01:15,--,--,--,--,--,--,--,--,0,"5.539,9"
2022-10-27 01:30,--,--,--,--,--,--,--,--,0,"5.539,9"
2022-10-27 01:45,--,--,--,--,--,--,--,--,0,"5.539,9"
2022-10-27 02:00,--,--,--,--,--,--,--,--,0,"5.539,9"
2022-10-27 02:15,--,--,--,--,--,--,--,--,0,"5.539,9"
2022-10-27 02:30,--,--,--,--,--,--,--,--,0,"5.539,9"
2022-10-27 02:45,--,--,--,--,--,--,--,--,0,"5.539,9"
2022-10-27 03:00,--,--,--,--,--,--,--,--,0,"5.539,9"
2022-10-27 03:15,--,--,--,--,--,--,--,--,0,"5.539,9"
2022-10-27 03:30,--,--,--,--,--,--,--,--,0,"5.539,9"
2022-10-27 03:45,--,--,--,--,--,--,--,--,0,"5.539,9"
2022-10-27 04:00,--,--,--,--,--,--,--,--,0,"5.539,9"
2022-10-27 04:15,--,--,--,--,--,--,--,--,0,"5.539,9"
2022-10-27 04:30,--,--,--,--,--,--,--,--,0,"5.539,9"
2022-10-27 04:45,--,--,--,--,--,--,--,--,0,"5.539,9"
2022-10-27 05:00,0,0,0,0,"198,8",199,0,"222,1",0,"5.539,9"
2022-10-27 05:15,0,0,0,0,"230,2","230,4",0,"222,8",0,"5.539,9"
2022-10-27 05:30,"0,118","0,118","0,2","0,2","201,5","206,5","0,5","223,6",0,"5.539,9"
2022-10-27 05:45,"0,155","0,155","0,3","0,3",215,216,"0,7","223,3",0,"5.539,9"
2022-10-27 06:00,"0,214","0,214","0,4","0,4",224,"216,5","0,9","223,4",0,"5.539,9"
2022-10-27 06:15,"0,239","0,239","0,5","0,5",213,"216,5",1,"222,5","0,1",5.540
2022-10-27 06:30,"0,299","0,299","0,5","0,6",225,255,"1,3","222,2","0,1",5.540
2022-10-27 06:45,"0,832","0,812","0,6","2,9",238,"227,2","3,6","222,9","0,3","5.540,2"
2022-10-27 07:00,"1,029","0,996","0,7","3,6",259,"225,5","4,5","222,8","0,5","5.540,4"
2022-10-27 07:15,"1,953","1,886","4,3","4,3","223,4","225,5","8,4","223,6","0,9","5.540,8"
2022-10-27 07:30,"2,217","2,135",5,5,"219,9",219,"9,4","228,4","1,4","5.541,3"
2022-10-27 07:45,"2,54","2,445","5,9","5,7",215,"217,9","10,9",225,"1,9","5.541,8"
2022-10-27 08:00,"3,27","3,149","7,8","7,4","211,6","214,5","13,9","225,9","2,6","5.542,5"
2022-10-27 08:15,"2,083","2,083","5,2","4,4","212,9","216,2","8,3","223,8","3,1",5.543
2022-10-27 08:30,"3,395","1,961","8,1","7,9","209,4","210,4","14,5","225,6","3,5","5.543,4"
2022-10-27 08:45,"2,38","2,38","5,2","5,9","215,9","209,4","8,1","222,6","4,1",5.544
2022-10-27 09:00,"1,277","1,212",3,"2,9","213,4","213,5","5,5","222,6","4,6","5.544,5"
2022-10-27 09:15,"4,032","3,863","9,6","9,5","211,5","209,4","17,1","226,6","5,2","5.545,1"
2022-10-27 09:30,"4,133","3,942","10,2",10,"204,5","203,5","17,4","226,9","6,2","5.546,1"
2022-10-27 09:45,"4,148","3,95","10,3","10,2","203,5",200,"17,5",226,"7,1",5.547
2022-10-27 10:00,"4,239","4,066","10,4","10,3","204,5",203,"17,9","225,4",8,"5.547,9"
2022-10-27 10:15,"4,101","3,923","10,3","10,1","201,5",200,"17,4","225,4",9,"5.548,9"
2022-10-27 10:30,"4,573","4,311","11,5","11,3","200,2","198,1","19,1","228,2","9,8","5.549,7"
2022-10-27 10:45,"4,428","4,224","11,1","10,9","201,1","199,4","18,8",225,"10,5","5.550,4"
2022-10-27 11:00,"4,456","4,241","11,4","11,2","197,9","194,7","18,8","225,7","11,5","5.551,4"
2022-10-27 11:15,"4,443","4,234","11,2","10,9","200,4","199,8","18,8",226,"12,5","5.552,4"
2022-10-27 11:30,"4,235","4,046","10,9","10,5","197,9","196,3","17,6","228,8","13,5","5.553,4"
2022-10-27 11:45,"4,235","4,043","10,9","10,3","196,9","199,3","17,7","228,5","14,6","5.554,5"
2022-10-27 12:00,"4,187","3,994","10,8","10,3","196,4","197,8","17,5","228,8","15,6","5.555,5"
2022-10-27 12:15,"4,352","4,144",11,"10,8","201,4","197,3","18,5","225,1","16,5","5.556,4"
2022-10-27 12:30,"4,165","3,975","10,7","10,6","196,9","192,8","17,5","226,4","17,5","5.557,4"
2022-10-27 12:45,"4,135","3,945","10,4","10,5","201,4","192,8","17,4","227,2","18,5","5.558,4"
2022-10-27 13:00,"4,547","4,322","11,3","11,2","203,4","198,8",19,"228,2","19,2","5.559,1"
2022-10-27 13:15,"4,664","4,333","11,1","11,1","212,6","206,2",20,"223,8","19,8","5.559,7"
2022-10-27 13:30,"0,85","0,81",2,"1,9","210,5","210,7","3,7","219,1","20,3","5.560,2"
2022-10-27 13:45,"0,869","0,869",2,2,"216,1","213,1","3,9","216,8","20,6","5.560,5"
2022-10-27 14:00,"0,785","0,746","1,8","1,8","212,6","210,7","3,4","219,1","20,9","5.560,8"
2022-10-27 14:15,"3,646","3,531","8,1","8,7","223,5","210,2","15,6","224,1","21,7","5.561,6"
2022-10-27 14:30,"3,117","2,996","7,4","7,3","212,2","210,2","13,5","222,1","22,4","5.562,3"
2022-10-27 14:45,"2,798","2,694","6,6","6,4","214,6","212,7",12,"223,5","23,1",5.563
2022-10-27 15:00,"2,571","2,476",6,"5,9","216,1","212,8","11,1","222,8","23,7","5.563,6"
2022-10-27 15:15,"2,313","2,226","5,4","5,2","214,7","215,7","9,9","224,5","24,3","5.564,2"
2022-10-27 15:30,"1,799","1,727","4,2","4,6","187,5","216,1","7,8","220,2","24,8","5.564,7"
2022-10-27 15:45,"1,477","1,434","2,5","3,9","239,9","217,7","6,5","221,8","25,2","5.565,1"
2022-10-27 16:00,"1,335","1,278","2,8","3,2","215,2","220,5","5,8",221,"25,5","5.565,4"
2022-10-27 16:15,"0,754","0,754","1,7","1,5","229,7","232,7","3,4","218,6","25,7","5.565,6"
2022-10-27 16:30,"0,337","0,337","0,7","0,7","244,8","213,9","1,5","217,8","25,9","5.565,8"
2022-10-27 16:45,"0,236","0,236","0,4","0,5","224,6","236,2","1,1","221,2","25,9","5.565,8"
2022-10-27 17:00,"0,195","0,195","0,4","0,4","226,1","220,2","0,8","222,2",26,"5.565,9"
2022-10-27 17:15,"0,139","0,139","0,3","0,3","206,1","205,7","0,6","221,8",26,"5.565,9"
2022-10-27 17:30,"0,115","0,115","0,2","0,2","201,1","203,2","0,5","220,9",26,"5.565,9"
2022-10-27 17:45,"0,069","0,069","0,1","0,1","198,1","196,7","0,2","221,7",26,"5.565,9"
2022-10-27 18:00,"0,051","0,051","0,1","0,1","189,7","190,1","0,2","220,6",26,"5.565,9"
2022-10-27 18:15,"0,05","0,05","0,3","0,4","63,1","58,5","0,2","220,8",26,"5.565,9"
2022-10-27 18:30,"0,05","0,05","0,3","0,4","63,1","58,5","0,2","220,8",26,"5.565,9"
2022-10-27 18:45,--,--,--,--,--,--,--,--,26,"5.565,9"
2022-10-27 19:00,--,--,--,--,--,--,--,--,26,"5.565,9"
2022-10-27 19:15,--,--,--,--,--,--,--,--,26,"5.565,9"
2022-10-27 19:30,--,--,--,--,--,--,--,--,26,"5.565,9"
2022-10-27 19:45,--,--,--,--,--,--,--,--,26,"5.565,9"
2022-10-27 20:00,--,--,--,--,--,--,--,--,26,"5.565,9"
2022-10-27 20:15,--,--,--,--,--,--,--,--,26,"5.565,9"
2022-10-27 20:30,--,--,--,--,--,--,--,--,26,"5.565,9"
2022-10-27 20:45,--,--,--,--,--,--,--,--,26,"5.565,9"
2022-10-27 21:00,--,--,--,--,--,--,--,--,26,"5.565,9"
2022-10-27 21:15,--,--,--,--,--,--,--,--,26,"5.565,9"
2022-10-27 21:30,--,--,--,--,--,--,--,--,26,"5.565,9"
2022-10-27 21:45,--,--,--,--,--,--,--,--,26,"5.565,9"
2022-10-27 22:00,--,--,--,--,--,--,--,--,26,"5.565,9"
2022-10-27 22:15,--,--,--,--,--,--,--,--,26,"5.565,9"
2022-10-27 22:30,--,--,--,--,--,--,--,--,26,"5.565,9"
2022-10-27 22:45,--,--,--,--,--,--,--,--,26,"5.565,9"
2022-10-27 23:00,--,--,--,--,--,--,--,--,26,"5.565,9"
2022-10-27 23:15,--,--,--,--,--,--,--,--,26,"5.565,9"
2022-10-27 23:30,--,--,--,--,--,--,--,--,26,"5.565,9"
2022-10-27 23:45,--,--,--,--,--,--,--,--,26,"5.565,9"
2022-10-28 00:00,--,--,--,--,--,--,--,--,0,"5.565,9"
2022-10-28 00:15,--,--,--,--,--,--,--,--,0,"5.565,9"
2022-10-28 00:30,--,--,--,--,--,--,--,--,0,"5.565,9"
2022-10-28 00:45,--,--,--,--,--,--,--,--,0,"5.565,9"
2022-10-28 01:00,--,--,--,--,--,--,--,--,0,"5.565,9"
2022-10-28 01:15,--,--,--,--,--,--,--,--,0,"5.565,9"
2022-10-28 01:30,--,--,--,--,--,--,--,--,0,"5.565,9"
2022-10-28 01:45,--,--,--,--,--,--,--,--,0,"5.565,9"
2022-10-28 02:00,--,--,--,--,--,--,--,--,0,"5.565,9"
2022-10-28 02:15,--,--,--,--,--,--,--,--,0,"5.565,9"
2022-10-28 02:30,--,--,--,--,--,--,--,--,0,"5.565,9"
2022-10-28 02:45,--,--,--,--,--,--,--,--,0,"5.565,9"
2022-10-28 03:00,--,--,--,--,--,--,--,--,0,"5.565,9"
2022-10-28 03:15,--,--,--,--,--,--,--,--,0,"5.565,9"
2022-10-28 03:30,--,--,--,--,--,--,--,--,0,"5.565,9"
2022-10-28 03:45,--,--,--,--,--,--,--,--,0,"5.565,9"
2022-10-28 04:00,--,--,--,--,--,--,--,--,0,"5.565,9"
2022-10-28 04:15,--,--,--,--,--,--,--,--,0,"5.565,9"
2022-10-28 04:30,--,--,--,--,--,--,--,--,0,"5.565,9"
2022-10-28 04:45,--,--,--,--,--,--,--,--,0,"5.565,9"
2022-10-28 05:00,0,0,0,0,"193,6","193,8",0,"222,6",0,"5.565,9"
2022-10-28 05:15,0,0,0,0,"226,6","226,8",0,"221,7",0,"5.565,9"
2022-10-28 05:30,"0,117","0,117","0,2","0,2","206,9","208,6","0,5","222,6",0,"5.565,9"
2022-10-28 05:45,"0,152","0,152","0,3","0,3","213,4","215,1","0,6","222,8",0,"5.565,9"
2022-10-28 06:00,"0,206","0,206","0,4","0,4","225,4","217,6","0,9","223,3",0,"5.565,9"
2022-10-28 06:15,"0,251","0,251","0,5","0,5","216,4","236,6","1,1","222,6","0,1",5.566
2022-10-28 06:30,"0,425","0,425","0,8","0,9","223,9","253,1","1,8","221,6","0,1",5.566
2022-10-28 06:45,"0,943","0,943","1,3","2,7","238,8",222,"3,1","221,7","0,3","5.566,2"
2022-10-28 07:00,"0,733","0,733","1,7","1,7","200,5","216,7","2,5","221,1","0,5","5.566,4"
2022-10-28 07:15,"2,337","2,181","5,2","5,2","222,1","222,6",10,"225,2","0,8","5.566,7"
2022-10-28 07:30,"2,567","1,986","5,7","5,8","223,3","218,5",11,"224,9","1,2","5.567,1"
2022-10-28 07:45,"2,759","2,67","6,4","6,3",216,"217,6","11,8","225,6","1,8","5.567,7"
2022-10-28 08:00,"2,273","2,273","5,1","5,1",222,222,"4,6","222,6","2,3","5.568,2"
2022-10-28 08:15,"2,993","2,993",7,"6,9","214,4","212,7","9,4","224,2",3,"5.568,9"
2022-10-28 08:30,"3,74","3,597",9,"8,9","207,8","207,1","15,8","227,4","3,9","5.569,8"
2022-10-28 08:45,"1,942","1,942","4,7","4,1","216,3",221,"8,1","225,2","4,3","5.570,2"
2022-10-28 09:00,"3,978","3,797","9,4","9,2","211,4","212,2","16,6",229,"4,8","5.570,7"
2022-10-28 09:15,"4,024","3,878","9,4","9,2","215,4","214,6","16,9","228,8","5,4","5.571,3"
2022-10-28 09:30,"1,444","1,444","3,5","3,5","205,8","204,1",3,"222,2","6,4","5.572,3"
2022-10-28 09:45,"2,674","2,674","6,5","6,5","204,9","203,1","4,6","223,8","7,2","5.573,1"
2022-10-28 10:00,"4,724","4,506","11,9","11,4","203,6","199,8","19,2","230,6","8,1",5.574
2022-10-28 10:15,"4,632","4,371","11,6","11,6","201,2",197,"19,1","231,3",9,"5.574,9"
2022-10-28 10:30,"4,399","4,187",11,"10,8","202,5","200,2","18,2",230,"9,9","5.575,8"
2022-10-28 10:45,"4,435","4,237","11,2","11,1",199,"196,2","18,3","230,6",11,"5.576,9"
2022-10-28 11:00,"4,823","3,56","11,9","11,8","205,3","199,9","19,8","232,4",12,"5.577,9"
2022-10-28 11:15,"4,516","4,298","11,2","11,2","203,2","198,5","18,6","231,3",13,"5.578,9"
2022-10-28 11:30,"4,384","4,173","10,9","10,8","202,3","199,5",18,"232,3",14,"5.579,9"
2022-10-28 11:45,"4,317","4,117","10,7","10,8","202,8","196,6","17,7","231,6","15,1",5.581
2022-10-28 12:00,"4,313","4,1","10,8","10,8","201,2","195,8","17,8","230,6","16,1",5.582
2022-10-28 12:15,"4,33","4,133","10,8","10,7","201,7","199,3",18,"229,8","17,1",5.583
2022-10-28 12:30,"4,288","4,088","11,1","10,7","196,2","196,8","17,9","228,8","18,1",5.584
2022-10-28 12:45,"4,399","4,239","10,6","10,3",210,209,"18,3","229,5","18,8","5.584,7"
2022-10-28 13:00,"3,406","3,293","8,2","8,2","209,4",205,"14,4","226,2","19,7","5.585,6"
2022-10-28 13:15,"3,699","3,622","8,8","8,7","211,9","208,4","15,5","228,7","20,5","5.586,4"
2022-10-28 13:30,"2,706","2,706","6,4","6,3","213,9","208,5","11,5","225,2","21,2","5.587,1"
2022-10-28 13:45,"3,7","3,555","8,7","8,9",209,"208,6","15,5",229,22,"5.587,9"
2022-10-28 14:00,"3,178","2,977","7,2","7,4","220,1",215,"13,4","227,6","22,8","5.588,7"
2022-10-28 14:15,"3,364","3,246","7,5","7,9","219,8","214,9","13,9","228,6","23,5","5.589,4"
2022-10-28 14:30,"3,045","2,924","7,1","7,1","215,5",211,"12,8","227,8","24,3","5.590,2"
2022-10-28 14:45,"2,689","2,624","6,1","6,3",216,"215,6","11,5","227,5",25,"5.590,9"
2022-10-28 15:00,"2,334","2,149","5,4","5,3",218,"216,9","9,9","226,9","25,6","5.591,5"
2022-10-28 15:15,"2,264","2,197","5,1","5,2","220,7","214,7","9,5",227,"26,1",5.592
2022-10-28 15:30,"1,698","1,64","2,9","4,6","235,8","217,5","7,3","226,4","26,5","5.592,4"
2022-10-28 15:45,"1,474","1,417","2,6","3,8","234,5","218,9","6,4","225,8","26,9","5.592,8"
2022-10-28 16:00,"1,052","1,038","2,6","1,7","233,5",246,"4,5","225,8","27,2","5.593,1"
2022-10-28 16:15,"0,757","0,74","1,7","1,5",237,"233,5","3,3","222,5","27,5","5.593,4"
2022-10-28 16:30,"0,299","0,299","0,6","0,6","246,9","239,5","1,3","221,8","27,6","5.593,5"
2022-10-28 16:45,"0,276","0,276","0,5","0,6",227,"224,5","1,2","221,8","27,6","5.593,5"
2022-10-28 17:00,"0,24","0,24","0,5","0,5","220,8","222,5",1,"224,4","27,7","5.593,6"
2022-10-28 17:15,"0,156","0,156","0,3","0,3",209,"206,5","0,7","224,5","27,7","5.593,6"
2022-10-28 17:30,"0,102","0,102","0,2","0,2",196,200,"0,4",224,"27,7","5.593,6"
2022-10-28 17:45,"0,054","0,054","0,1","0,1",198,196,"0,2","223,9","27,7","5.593,6"
2022-10-28 18:00,"0,045","0,045","0,1","0,1","128,4","126,7","0,1","223,6","27,7","5.593,6"
2022-10-28 18:15,"0,045","0,045","0,1","0,1","128,4","126,7","0,1","223,6","27,7","5.593,6"
2022-10-28 18:30,"0,045","0,045","0,1","0,1","128,4","126,7","0,1","223,6","27,7","5.593,6"
2022-10-28 18:45,--,--,--,--,--,--,--,--,"27,7","5.593,6"
2022-10-28 19:00,--,--,--,--,--,--,--,--,"27,7","5.593,6"
2022-10-28 19:15,--,--,--,--,--,--,--,--,"27,7","5.593,6"
2022-10-28 19:30,--,--,--,--,--,--,--,--,"27,7","5.593,6"
2022-10-28 19:45,--,--,--,--,--,--,--,--,"27,7","5.593,6"
2022-10-28 20:00,--,--,--,--,--,--,--,--,"27,7","5.593,6"
2022-10-28 20:15,--,--,--,--,--,--,--,--,"27,7","5.593,6"
2022-10-28 20:30,--,--,--,--,--,--,--,--,"27,7","5.593,6"
2022-10-28 20:45,--,--,--,--,--,--,--,--,"27,7","5.593,6"
2022-10-28 21:00,--,--,--,--,--,--,--,--,"27,7","5.593,6"
2022-10-28 21:15,--,--,--,--,--,--,--,--,"27,7","5.593,6"
2022-10-28 21:30,--,--,--,--,--,--,--,--,"27,7","5.593,6"
2022-10-28 21:45,--,--,--,--,--,--,--,--,"27,7","5.593,6"
2022-10-28 22:00,--,--,--,--,--,--,--,--,"27,7","5.593,6"
2022-10-28 22:15,--,--,--,--,--,--,--,--,"27,7","5.593,6"
2022-10-28 22:30,--,--,--,--,--,--,--,--,"27,7","5.593,6"
2022-10-28 22:45,--,--,--,--,--,--,--,--,"27,7","5.593,6"
2022-10-28 23:00,--,--,--,--,--,--,--,--,"27,7","5.593,6"
2022-10-28 23:15,--,--,--,--,--,--,--,--,"27,7","5.593,6"
2022-10-28 23:30,--,--,--,--,--,--,--,--,"27,7","5.593,6"
2022-10-28 23:45,--,--,--,--,--,--,--,--,"27,7","5.593,6"
2022-10-29 00:00,--,--,--,--,--,--,--,--,0,"5.593,6"
2022-10-29 00:15,--,--,--,--,--,--,--,--,0,"5.593,6"
2022-10-29 00:30,--,--,--,--,--,--,--,--,0,"5.593,6"
2022-10-29 00:45,--,--,--,--,--,--,--,--,0,"5.593,6"
2022-10-29 01:00,--,--,--,--,--,--,--,--,0,"5.593,6"
2022-10-29 01:15,--,--,--,--,--,--,--,--,0,"5.593,6"
2022-10-29 01:30,--,--,--,--,--,--,--,--,0,"5.593,6"
2022-10-29 01:45,--,--,--,--,--,--,--,--,0,"5.593,6"
2022-10-29 02:00,--,--,--,--,--,--,--,--,0,"5.593,6"
2022-10-29 02:15,--,--,--,--,--,--,--,--,0,"5.593,6"
2022-10-29 02:30,--,--,--,--,--,--,--,--,0,"5.593,6"
2022-10-29 02:45,--,--,--,--,--,--,--,--,0,"5.593,6"
2022-10-29 03:00,--,--,--,--,--,--,--,--,0,"5.593,6"
2022-10-29 03:15,--,--,--,--,--,--,--,--,0,"5.593,6"
2022-10-29 03:30,--,--,--,--,--,--,--,--,0,"5.593,6"
2022-10-29 03:45,--,--,--,--,--,--,--,--,0,"5.593,6"
2022-10-29 04:00,--,--,--,--,--,--,--,--,0,"5.593,6"
2022-10-29 04:15,--,--,--,--,--,--,--,--,0,"5.593,6"
2022-10-29 04:30,--,--,--,--,--,--,--,--,0,"5.593,6"
2022-10-29 04:45,--,--,--,--,--,--,--,--,0,"5.593,6"
2022-10-29 05:00,0,0,0,0,"203,1","203,3",0,"223,2",0,"5.593,6"
2022-10-29 05:15,0,0,0,0,"231,3","231,3",0,223,0,"5.593,6"
2022-10-29 05:30,"0,136","0,136","0,3","0,3","207,4","208,8","0,6","224,2",0,"5.593,6"
2022-10-29 05:45,"0,228","0,228","0,5","0,5","214,9","215,3",1,"223,3",0,"5.593,6"
2022-10-29 06:00,"0,238","0,238","0,5","0,5","224,4","214,8",1,"222,9",0,"5.593,6"
2022-10-29 06:15,"0,262","0,262","0,5","0,5","213,9","236,3","1,1","222,9","0,1","5.593,7"
2022-10-29 06:30,"0,295","0,295","0,5","0,6","220,9","246,8","1,3","221,7","0,2","5.593,8"
2022-10-29 06:45,"0,799","0,77","0,7","2,7","231,9","222,3","3,5","222,9","0,3","5.593,9"
2022-10-29 07:00,"1,119","1,066",1,"3,9","249,4","220,3","4,9","222,6","0,5","5.594,1"
2022-10-29 07:15,"1,028","0,889","2,4","2,2","217,8","220,6","4,5","222,6","0,8","5.594,4"
2022-10-29 07:30,"1,2","1,2","2,5","2,6","231,1","229,6",4,"223,6","1,1","5.594,7"
2022-10-29 07:45,"2,473","2,473","5,7","5,7","216,5","214,3","10,6","225,1","1,7","5.595,3"
2022-10-29 08:00,"3,023","2,377","6,8","7,1","221,7","209,3","12,7","226,4","2,2","5.595,8"
2022-10-29 08:15,"2,602","2,602","6,2",6,"213,4","209,8","6,2","223,2","2,8","5.596,4"
2022-10-29 08:30,"3,525","3,525","8,2","7,8","216,2","220,1","6,4","223,6","3,2","5.596,8"
2022-10-29 08:45,"4,103","1,534",10,"9,7","206,1","208,3","17,3","228,2","3,7","5.597,3"
2022-10-29 09:00,"2,9","2,9","6,9","6,6","209,9","215,4","3,8","222,3","4,3","5.597,9"
2022-10-29 09:15,"0,95","0,89","2,3","2,2","205,4","205,8","4,1","222,2",5,"5.598,6"
2022-10-29 09:30,"4,231","4,03","10,3","10,1","206,7","205,9","17,7","228,2","5,7","5.599,3"
2022-10-29 09:45,"4,093","3,891","10,1","10,1","203,1","200,4","17,1",229,"6,7","5.600,3"
2022-10-29 10:00,"4,607","4,236","11,5","11,5","201,6","197,4","19,1","229,8","7,7","5.601,3"
2022-10-29 10:15,"2,573","2,573","6,2","6,6","203,1","195,8",6,"224,1","8,7","5.602,3"
2022-10-29 10:30,"0,999","0,728","2,4","2,5","200,7","196,6","4,2","223,2","9,5","5.603,1"
2022-10-29 10:45,"1,124","1,124","2,8","2,7",202,"200,9","4,7",224,"10,3","5.603,9"
2022-10-29 11:00,"4,724","3,63","11,9","11,6","204,1","197,3","19,5","231,3","11,2","5.604,8"
2022-10-29 11:15,"3,118","1,86","7,2","7,7","207,4","206,8",13,"228,6","11,9","5.605,5"
2022-10-29 11:30,"4,944","2,491","11,9","11,9","208,1","206,6","20,4","231,8","12,8","5.606,4"
2022-10-29 11:45,"4,744","4,192","11,7","11,1","206,1","207,4","19,5","232,1","13,7","5.607,3"
2022-10-29 12:00,"4,576","4,35","11,6","11,3","199,2","198,7","18,9","231,5","14,7","5.608,3"
2022-10-29 12:15,"4,631","4,433","11,3","11,1","205,9","204,4","19,2","230,6","15,4",5.609
2022-10-29 12:30,"1,425","1,38","3,5","3,4","203,9","201,3","6,1","224,9","16,3","5.609,9"
2022-10-29 12:45,"1,098","1,03","2,6","2,6","211,8","207,7","4,7","224,2",17,"5.610,6"
2022-10-29 13:00,"4,779","2,318","10,8","11,4","216,9",212,"20,3","230,7","17,4",5.611
2022-10-29 13:15,"4,426","4,3","10,2","9,9","217,7","220,1","18,5","229,4","17,8","5.611,4"
2022-10-29 13:30,"3,882","3,71","9,2","9,1","211,7","210,1","16,3","228,1","18,6","5.612,2"
2022-10-29 13:45,"3,517","3,356","8,3","8,1","213,6","213,2","14,8",228,"19,4",5.613
2022-10-29 14:00,"3,659","3,215","8,2","8,8",222,"207,6","15,4","227,4","20,2","5.613,8"
2022-10-29 14:15,"3,09","2,97","7,2","7,4","208,2","211,6",13,"227,6",21,"5.614,6"
2022-10-29 14:30,"3,119","2,996","7,3","7,2","215,7",214,"13,2","226,8","21,6","5.615,2"
2022-10-29 14:45,"2,719","2,66","6,1","6,5","216,6","212,3","11,9","226,2","22,2","5.615,8"
2022-10-29 15:00,"2,512","2,422","5,9","5,7","215,2","215,1","10,7","226,2","22,9","5.616,5"
2022-10-29 15:15,"2,17","1,31",5,"4,8","215,9","221,6","9,1","224,5","23,4",5.617
2022-10-29 15:30,"1,612","1,559","2,8","4,3","237,4","217,8",7,224,"23,8","5.617,4"
2022-10-29 15:45,"1,379","1,338","2,4","3,6","236,9",219,6,"223,2","24,2","5.617,8"
2022-10-29 16:00,"1,142","1,135","2,2","2,5","241,1","231,9",5,223,"24,5","5.618,1"
2022-10-29 16:15,"0,624","0,624","1,9",1,"196,7","242,6","2,4","221,6","24,7","5.618,3"
2022-10-29 16:30,"0,448","0,432","1,3","0,7","196,3","237,5",2,"221,4","24,8","5.618,4"
2022-10-29 16:45,"0,267","0,267","0,5","0,5","225,8",238,"1,2","220,6","24,9","5.618,5"
2022-10-29 17:00,"0,271","0,271","0,6","0,6","219,7","218,1","1,1","221,3","24,9","5.618,5"
2022-10-29 17:15,"0,133","0,133","0,3","0,3","199,7","202,1","0,6","221,2",25,"5.618,6"
2022-10-29 17:30,"0,117","0,117","0,2","0,2","200,7","203,1","0,5","223,2",25,"5.618,6"
2022-10-29 17:45,"0,062","0,062","0,1","0,1","195,7","196,6","0,2",223,25,"5.618,6"
2022-10-29 18:00,"0,047","0,047","0,1","0,1","121,8","121,2","0,2","221,6",25,"5.618,6"
2022-10-29 18:15,"0,047","0,047","0,1","0,1","121,8","121,2","0,2","221,6",25,"5.618,6"
2022-10-29 18:30,"0,047","0,047","0,1","0,1","121,8","121,2","0,2","221,6",25,"5.618,6"
2022-10-29 18:45,--,--,--,--,--,--,--,--,25,"5.618,6"
2022-10-29 19:00,--,--,--,--,--,--,--,--,25,"5.618,6"
2022-10-29 19:15,--,--,--,--,--,--,--,--,25,"5.618,6"
2022-10-29 19:30,--,--,--,--,--,--,--,--,25,"5.618,6"
2022-10-29 19:45,--,--,--,--,--,--,--,--,25,"5.618,6"
2022-10-29 20:00,--,--,--,--,--,--,--,--,25,"5.618,6"
2022-10-29 20:15,--,--,--,--,--,--,--,--,25,"5.618,6"
2022-10-29 20:30,--,--,--,--,--,--,--,--,25,"5.618,6"
2022-10-29 20:45,--,--,--,--,--,--,--,--,25,"5.618,6"
2022-10-29 21:00,--,--,--,--,--,--,--,--,25,"5.618,6"
2022-10-29 21:15,--,--,--,--,--,--,--,--,25,"5.618,6"
2022-10-29 21:30,--,--,--,--,--,--,--,--,25,"5.618,6"
2022-10-29 21:45,--,--,--,--,--,--,--,--,25,"5.618,6"
2022-10-29 22:00,--,--,--,--,--,--,--,--,25,"5.618,6"
2022-10-29 22:15,--,--,--,--,--,--,--,--,25,"5.618,6"
2022-10-29 22:30,--,--,--,--,--,--,--,--,25,"5.618,6"
2022-10-29 22:45,--,--,--,--,--,--,--,--,25,"5.618,6"
2022-10-29 23:00,--,--,--,--,--,--,--,--,25,"5.618,6"
2022-10-29 23:15,--,--,--,--,--,--,--,--,25,"5.618,6"
2022-10-29 23:30,--,--,--,--,--,--,--,--,25,"5.618,6"
2022-10-29 23:45,--,--,--,--,--,--,--,--,25,"5.618,6"
2022-10-30 00:00,--,--,--,--,--,--,--,--,0,"5.618,6"
2022-10-30 00:15,--,--,--,--,--,--,--,--,0,"5.618,6"
2022-10-30 00:30,--,--,--,--,--,--,--,--,0,"5.618,6"
2022-10-30 00:45,--,--,--,--,--,--,--,--,0,"5.618,6"
2022-10-30 01:00,--,--,--,--,--,--,--,--,0,"5.618,6"
2022-10-30 01:15,--,--,--,--,--,--,--,--,0,"5.618,6"
2022-10-30 01:30,--,--,--,--,--,--,--,--,0,"5.618,6"
2022-10-30 01:45,--,--,--,--,--,--,--,--,0,"5.618,6"
2022-10-30 02:00,--,--,--,--,--,--,--,--,0,"5.618,6"
2022-10-30 02:15,--,--,--,--,--,--,--,--,0,"5.618,6"
2022-10-30 02:30,--,--,--,--,--,--,--,--,0,"5.618,6"
2022-10-30 02:45,--,--,--,--,--,--,--,--,0,"5.618,6"
2022-10-30 03:00,--,--,--,--,--,--,--,--,0,"5.618,6"
2022-10-30 03:15,--,--,--,--,--,--,--,--,0,"5.618,6"
2022-10-30 03:30,--,--,--,--,--,--,--,--,0,"5.618,6"
2022-10-30 03:45,--,--,--,--,--,--,--,--,0,"5.618,6"
2022-10-30 04:00,--,--,--,--,--,--,--,--,0,"5.618,6"
2022-10-30 04:15,--,--,--,--,--,--,--,--,0,"5.618,6"
2022-10-30 04:30,--,--,--,--,--,--,--,--,0,"5.618,6"
2022-10-30 04:45,--,--,--,--,--,--,--,--,0,"5.618,6"
2022-10-30 05:00,0,0,0,0,"194,4","194,6",0,"222,4",0,"5.618,6"
2022-10-30 05:15,0,0,0,0,"217,6","217,8",0,"220,5",0,"5.618,6"
2022-10-30 05:30,"0,127","0,127","0,3","0,3","201,3","206,6","0,5","223,4",0,"5.618,6"
2022-10-30 05:45,"0,168","0,168","0,4","0,3","212,3","207,6","0,7","223,6",0,"5.618,6"
2022-10-30 06:00,"0,25","0,25","0,5","0,5","210,8","210,6","1,1","223,4",0,"5.618,6"
2022-10-30 06:15,"0,562","0,549","1,3","1,2","216,3","218,1","2,4","223,6","0,1","5.618,7"
2022-10-30 06:30,"0,638","0,623","1,4","1,4","216,3","216,6","2,7","224,2","0,3","5.618,9"
2022-10-30 06:45,"0,72","0,707","1,5","1,6","219,3","219,1","3,1","223,6","0,4",5.619
2022-10-30 07:00,"1,309","1,264","2,3","3,3","240,4","222,4","5,6","224,1","0,6","5.619,2"
2022-10-30 07:15,"2,357","2,261","5,4","5,3","218,9","220,1","10,1","225,6","1,1","5.619,7"
2022-10-30 07:30,"0,797","0,797","1,8","1,8","214,7","215,1","3,4","222,9","1,4",5.620
2022-10-30 07:45,"1,995","1,995","4,5","4,4","219,9","223,5","5,8","224,3","1,8","5.620,4"
2022-10-30 08:00,"1,153","1,153","2,6","2,6",217,"214,6","4,1",223,"2,3","5.620,9"
2022-10-30 08:15,"2,974","2,974","6,8","6,7","217,3","219,4","7,9","225,3","2,7","5.621,3"
2022-10-30 08:30,"1,337","1,32",3,3,"221,7","220,1","5,7","224,4","3,1","5.621,7"
2022-10-30 08:45,"1,602","1,514","3,6","3,5","220,6","222,6","6,9","223,4","3,4",5.622
2022-10-30 09:00,"0,683","0,662","1,5","1,5","215,9","217,1",3,"222,8","3,7","5.622,3"
2022-10-30 09:15,"1,267","1,246","2,9","2,8","215,8","216,5","5,4","224,4",4,"5.622,6"
2022-10-30 09:30,"1,795","1,795","4,3","4,2","208,9","208,8",6,"224,8","4,6","5.623,2"
2022-10-30 09:45,"1,443","1,394","3,5","3,3",209,"211,6","6,1","224,8","5,2","5.623,8"
2022-10-30 10:00,"1,235","1,211","2,8","2,7","218,9","216,4","5,3","225,1","5,5","5.624,1"
2022-10-30 10:15,"4,752","4,552","11,5","11,4","207,8","205,1","19,6","231,1","6,1","5.624,7"
2022-10-30 10:30,"1,368","1,029","3,6","3,2","198,1","199,2","6,3","226,2","7,1","5.625,7"
2022-10-30 10:45,"4,48","4,48","11,3","10,3","206,7","207,5","14,8","229,8","8,1","5.626,7"
2022-10-30 11:00,"2,339","1,947","5,6","5,3","211,7","210,4","10,3","228,2","8,7","5.627,3"
2022-10-30 11:15,"2,706","2,546","6,3","6,4","216,4","207,7","11,4","228,6","9,4",5.628
2022-10-30 11:30,"3,813","3,813","8,9","8,7","216,2","214,9","14,4","229,3",10,"5.628,6"
2022-10-30 11:45,"2,33","2,178","5,5","5,4","212,3","209,9","9,9","227,2","10,6","5.629,2"
2022-10-30 12:00,"2,209","2,135","5,2","5,1","214,8","211,1","9,3","227,7","11,2","5.629,8"
2022-10-30 12:15,"2,774","2,69","6,7","6,5","210,3","208,3","11,6","228,3","11,9","5.630,5"
2022-10-30 12:30,"1,036","0,982","2,4","2,3","214,7","214,4","4,4","224,6","12,2","5.630,8"
2022-10-30 12:45,"1,233","1,191","2,9","2,7","216,8","217,6","5,3","225,8","12,5","5.631,1"
2022-10-30 13:00,"2,007","1,938","4,5","4,5","224,3","218,7","8,5","226,2",13,"5.631,6"
2022-10-30 13:15,"1,728","1,668",4,"3,9","218,7","217,4","7,3",226,"13,4",5.632
2022-10-30 13:30,"1,187","1,156","2,7","2,6","216,9","218,3","5,1","224,6","13,7","5.632,3"
2022-10-30 13:45,"1,37","1,323","3,1",3,"218,7","220,3","5,9","224,8",14,"5.632,6"
2022-10-30 14:00,"1,763","1,763",4,"3,9","221,6","220,4","7,5","225,3","14,4",5.633
2022-10-30 14:15,"1,532","1,497","3,4","3,4","222,7","217,1","6,5",225,"14,8","5.633,4"
2022-10-30 14:30,"1,165","1,142","2,6","2,6","220,8","220,3",5,"224,4","15,1","5.633,7"
2022-10-30 14:45,"0,975","0,957","2,2","2,2","220,7","216,9","4,2","223,6","15,3","5.633,9"
2022-10-30 15:00,"3,327","3,263","7,6","7,4","221,3","221,4","14,1",228,"15,7","5.634,3"
2022-10-30 15:15,"2,578","2,484",6,"5,9","216,7","215,6","10,9","226,7","16,3","5.634,9"
2022-10-30 15:30,"0,94","0,79",2,"2,2",219,"216,9","4,1","223,4","16,7","5.635,3"
2022-10-30 15:45,"0,486","0,477","1,1","1,1","212,3","213,4","2,1","222,4",17,"5.635,6"
2022-10-30 16:00,"0,345","0,345","0,8","0,8","213,3","212,4","1,5","221,8","17,1","5.635,7"
2022-10-30 16:15,"0,524","0,507","1,2","1,1","215,9","219,4","2,3","222,6","17,2","5.635,8"
2022-10-30 16:30,"0,422","0,422","0,9","0,9","216,7","215,4","1,8","221,9","17,3","5.635,9"
2022-10-30 16:45,"0,394","0,39","0,9","0,9","216,3","216,4","1,7","222,4","17,4",5.636
2022-10-30 17:00,"0,29","0,29","0,6","0,6","212,3","216,5","1,3","221,4","17,5","5.636,1"
2022-10-30 17:15,"0,165","0,165","0,4","0,3","203,8","205,9","0,7","221,6","17,5","5.636,1"
2022-10-30 17:30,"0,114","0,114","0,2","0,2","201,8","203,4","0,5","220,8","17,5","5.636,1"
2022-10-30 17:45,"0,054","0,054","0,1","0,1","193,3","195,9","0,2","220,2","17,5","5.636,1"
2022-10-30 18:00,"0,048","0,048","0,1","0,2",119,117,"0,2",221,"17,5","5.636,1"
2022-10-30 18:15,"0,048","0,048","0,1","0,2",119,117,"0,2",221,"17,5","5.636,1"
2022-10-30 18:30,"0,048","0,048","0,1","0,2",119,117,"0,2",221,"17,5","5.636,1"
2022-10-30 18:45,--,--,--,--,--,--,--,--,"17,5","5.636,1"
2022-10-30 19:00,--,--,--,--,--,--,--,--,"17,5","5.636,1"
2022-10-30 19:15,--,--,--,--,--,--,--,--,"17,5","5.636,1"
2022-10-30 19:30,--,--,--,--,--,--,--,--,"17,5","5.636,1"
2022-10-30 19:45,--,--,--,--,--,--,--,--,"17,5","5.636,1"
2022-10-30 20:00,--,--,--,--,--,--,--,--,"17,5","5.636,1"
2022-10-30 20:15,--,--,--,--,--,--,--,--,"17,5","5.636,1"
2022-10-30 20:30,--,--,--,--,--,--,--,--,"17,5","5.636,1"
2022-10-30 20:45,--,--,--,--,--,--,--,--,"17,5","5.636,1"
2022-10-30 21:00,--,--,--,--,--,--,--,--,"17,5","5.636,1"
2022-10-30 21:15,--,--,--,--,--,--,--,--,"17,5","5.636,1"
2022-10-30 21:30,--,--,--,--,--,--,--,--,"17,5","5.636,1"
2022-10-30 21:45,--,--,--,--,--,--,--,--,"17,5","5.636,1"
2022-10-30 22:00,--,--,--,--,--,--,--,--,"17,5","5.636,1"
2022-10-30 22:15,--,--,--,--,--,--,--,--,"17,5","5.636,1"
2022-10-30 22:30,--,--,--,--,--,--,--,--,"17,5","5.636,1"
2022-10-30 22:45,--,--,--,--,--,--,--,--,"17,5","5.636,1"
2022-10-30 23:00,--,--,--,--,--,--,--,--,"17,5","5.636,1"
2022-10-30 23:15,--,--,--,--,--,--,--,--,"17,5","5.636,1"
2022-10-30 23:30,--,--,--,--,--,--,--,--,"17,5","5.636,1"
2022-10-30 23:45,--,--,--,--,--,--,--,--,"17,5","5.636,1"
2022-10-31 00:00,--,--,--,--,--,--,--,--,0,"5.636,1"
2022-10-31 00:15,--,--,--,--,--,--,--,--,0,"5.636,1"
2022-10-31 00:30,--,--,--,--,--,--,--,--,0,"5.636,1"
2022-10-31 00:45,--,--,--,--,--,--,--,--,0,"5.636,1"
2022-10-31 01:00,--,--,--,--,--,--,--,--,0,"5.636,1"
2022-10-31 01:15,--,--,--,--,--,--,--,--,0,"5.636,1"
2022-10-31 01:30,--,--,--,--,--,--,--,--,0,"5.636,1"
2022-10-31 01:45,--,--,--,--,--,--,--,--,0,"5.636,1"
2022-10-31 02:00,--,--,--,--,--,--,--,--,0,"5.636,1"
2022-10-31 02:15,--,--,--,--,--,--,--,--,0,"5.636,1"
2022-10-31 02:30,--,--,--,--,--,--,--,--,0,"5.636,1"
2022-10-31 02:45,--,--,--,--,--,--,--,--,0,"5.636,1"
2022-10-31 03:00,--,--,--,--,--,--,--,--,0,"5.636,1"
2022-10-31 03:15,--,--,--,--,--,--,--,--,0,"5.636,1"
2022-10-31 03:30,--,--,--,--,--,--,--,--,0,"5.636,1"
2022-10-31 03:45,--,--,--,--,--,--,--,--,0,"5.636,1"
2022-10-31 04:00,--,--,--,--,--,--,--,--,0,"5.636,1"
2022-10-31 04:15,--,--,--,--,--,--,--,--,0,"5.636,1"
2022-10-31 04:30,--,--,--,--,--,--,--,--,0,"5.636,1"
2022-10-31 04:45,--,--,--,--,--,--,--,--,0,"5.636,1"
2022-10-31 05:00,0,0,0,0,"184,5","184,5",0,"223,8",0,"5.636,1"
2022-10-31 05:15,0,0,0,0,"224,2","224,3",0,"224,3",0,"5.636,1"
2022-10-31 05:30,"0,123","0,123","0,2","0,3","207,9","205,2","0,5","223,8",0,"5.636,1"
2022-10-31 05:45,"0,283","0,283","0,6","0,6","211,9","213,7","1,2","224,3",0,"5.636,1"
2022-10-31 06:00,"0,456","0,451",1,1,"217,9","218,7",2,"225,4","0,1","5.636,2"
2022-10-31 06:15,"0,506","0,497","1,1","1,1",217,"218,7","2,2","222,1","0,2","5.636,3"
2022-10-31 06:30,"0,551","0,538","1,2","1,2",217,"219,7","2,4","221,4","0,3","5.636,4"
2022-10-31 06:45,"0,64","0,623","1,4","1,4","217,9","220,2","2,8","221,6","0,5","5.636,6"
2022-10-31 07:00,"0,607","0,593","1,4","1,3","218,9","219,7","2,7","220,9","0,6","5.636,7"
2022-10-31 07:15,"0,585","0,572","1,3","1,2",218,"219,7","2,6","220,3","0,7","5.636,8"
2022-10-31 07:30,"0,585","0,572","1,3","1,2","217,7","220,2","2,6","219,6","0,9",5.637
2022-10-31 07:45,"0,57","0,56","1,3","1,2","216,9","217,2","2,5",221,1,"5.637,1"
2022-10-31 08:00,"0,712","0,694","1,6","1,5","221,8","220,7","3,1","219,9","1,1","5.637,2"
2022-10-31 08:15,"0,719","0,704","1,6","1,5","217,9","222,2","3,2","219,5","1,3","5.637,4"
2022-10-31 08:30,"0,851","0,833","1,9","1,9","220,3","219,2","3,7",222,"1,5","5.637,6"
2022-10-31 08:45,"0,915","0,89",2,2,"220,1","219,7",4,"221,1","1,7","5.637,8"
2022-10-31 09:00,"1,069","1,045","2,4","2,3","221,7","221,2","4,7","220,6",2,"5.638,1"
2022-10-31 09:15,"0,811","0,779","1,9","1,8","215,8","217,2","3,6","220,2","2,2","5.638,3"
2022-10-31 09:30,"1,072","1,039","2,4","2,3","222,4","223,7","4,7","219,3","2,4","5.638,5"
2022-10-31 09:45,"1,047","1,024","2,3","2,3","222,3","222,8","4,6","222,2","2,7","5.638,8"
2022-10-31 10:00,"1,136","1,104","2,6","2,5","220,3","220,1","4,9","223,4","2,9",5.639
2022-10-31 10:15,"1,349","1,3",3,3,"220,8","221,7","5,9","222,6","3,2","5.639,3"
2022-10-31 10:30,"1,158","1,132","2,7","2,6","216,9","216,9",5,"223,9","3,6","5.639,7"
2022-10-31 10:45,"1,187","1,158","2,7","2,6","219,2","217,2","5,1","224,2","3,8","5.639,9"
2022-10-31 11:00,"0,734","0,731","1,7","1,6","217,4","216,3","3,2","223,3","4,1","5.640,2"
2022-10-31 11:15,"0,819","0,807","1,9","1,8","219,2","217,7","3,5","223,5","4,2","5.640,3"
2022-10-31 11:30,"0,74","0,712","1,7","1,6","216,9","214,2","3,2","223,6","4,4","5.640,5"
2022-10-31 11:45,"0,935","0,904","2,1","2,1","215,3","216,9","4,1","222,8","4,6","5.640,7"
2022-10-31 12:00,"1,347","1,294",3,3,"222,4","220,6","5,8",225,"4,8","5.640,9"
2022-10-31 12:15,"1,708","1,65","3,9","3,8","220,3","218,7","7,4","224,4","5,2","5.641,3"
2022-10-31 12:30,"2,119","2,025","4,8","4,8","219,3","218,6",9,"225,7","5,6","5.641,7"
2022-10-31 12:45,"1,881","1,798","4,4","4,2","216,3","215,7","8,1",224,"6,1","5.642,2"
2022-10-31 13:00,"1,558","1,547","3,6","3,5","217,4","218,6","6,8","222,4","6,5","5.642,6"
2022-10-31 13:15,"1,171","1,153","2,7","2,6","215,8","214,7","5,1",221,"6,9",5.643
2022-10-31 13:30,"1,168","1,126","2,7","2,6","218,4","217,1","5,1","221,6","7,2","5.643,3"
2022-10-31 13:45,"2,203","2,004","5,1",5,"216,7","216,7","9,7","219,6","7,6","5.643,7"
2022-10-31 14:00,"1,885","1,732","4,4","4,2","216,4","216,5","8,4","215,8",8,"5.644,1"
2022-10-31 14:15,"1,498","1,476","3,4","3,4",219,"214,9","6,7","216,5","8,4","5.644,5"
2022-10-31 14:30,"0,945","0,92","2,2","2,1","213,1","214,7","4,2","218,2","8,8","5.644,9"
2022-10-31 14:45,"2,027","2,005","4,6","4,6","219,3","216,8","8,9","217,8","9,2","5.645,3"
2022-10-31 15:00,"1,772","1,701",4,4,"219,2","218,7","7,8","220,1","9,6","5.645,7"
2022-10-31 15:15,"0,85","0,813",2,"1,9","215,4","213,7","3,8","216,1",10,"5.646,1"
2022-10-31 15:30,"0,866","0,854",2,"1,9","218,2","217,2","3,9","216,6","10,3","5.646,4"
2022-10-31 15:45,"0,958","0,938","2,2","2,1","220,4","219,1","4,3","214,2","10,5","5.646,6"
2022-10-31 16:00,"0,767","0,767","1,7","1,7","220,5","217,3","3,4","215,1","10,7","5.646,8"
2022-10-31 16:15,"0,506","0,497","1,1","1,1","215,4","217,2","2,2","218,5","10,9",5.647
2022-10-31 16:30,"0,517","0,515","1,1",1,"231,3","233,2","2,3","215,7",11,"5.647,1"
2022-10-31 16:45,"0,323","0,323","0,7","0,7","216,3","220,7","1,5",217,"11,1","5.647,2"
2022-10-31 17:00,"0,363","0,363","0,8","0,8","215,3","213,7","1,6","221,1","11,2","5.647,3"
2022-10-31 17:15,"0,232","0,232","0,5","0,5","211,9","211,7",1,219,"11,3","5.647,4"
2022-10-31 17:30,"0,136","0,136","0,3","0,3","205,4","203,7","0,6","221,3","11,3","5.647,4"
2022-10-31 17:45,"0,066","0,066","0,1","0,1","195,4","203,2","0,2","220,8","11,3","5.647,4"
2022-10-31 18:00,"0,046","0,046","0,1","0,1","158,8","158,3","0,2","219,5","11,3","5.647,4"
2022-10-31 18:15,0,0,0,0,"150,3","148,2",0,"219,6","11,3","5.647,4"
2022-10-31 18:30,0,0,0,0,"150,3","148,2",0,"219,6","11,3","5.647,4"
2022-10-31 18:45,--,--,--,--,--,--,--,--,"11,3","5.647,4"
2022-10-31 19:00,--,--,--,--,--,--,--,--,"11,3","5.647,4"
2022-10-31 19:15,--,--,--,--,--,--,--,--,"11,3","5.647,4"
2022-10-31 19:30,--,--,--,--,--,--,--,--,"11,3","5.647,4"
2022-10-31 19:45,--,--,--,--,--,--,--,--,"11,3","5.647,4"
2022-10-31 20:00,--,--,--,--,--,--,--,--,"11,3","5.647,4"
2022-10-31 20:15,--,--,--,--,--,--,--,--,"11,3","5.647,4"
2022-10-31 20:30,--,--,--,--,--,--,--,--,"11,3","5.647,4"
2022-10-31 20:45,--,--,--,--,--,--,--,--,"11,3","5.647,4"
2022-10-31 21:00,--,--,--,--,--,--,--,--,"11,3","5.647,4"
2022-10-31 21:15,--,--,--,--,--,--,--,--,"11,3","5.647,4"
2022-10-31 21:30,--,--,--,--,--,--,--,--,"11,3","5.647,4"
2022-10-31 21:45,--,--,--,--,--,--,--,--,"11,3","5.647,4"
2022-10-31 22:00,--,--,--,--,--,--,--,--,"11,3","5.647,4"
2022-10-31 22:15,--,--,--,--,--,--,--,--,"11,3","5.647,4"
2022-10-31 22:30,--,--,--,--,--,--,--,--,"11,3","5.647,4"
2022-10-31 22:45,--,--,--,--,--,--,--,--,"11,3","5.647,4"
2022-10-31 23:00,--,--,--,--,--,--,--,--,"11,3","5.647,4"
2022-10-31 23:15,--,--,--,--,--,--,--,--,"11,3","5.647,4"
2022-10-31 23:30,--,--,--,--,--,--,--,--,"11,3","5.647,4"
2022-10-31 23:45,--,--,--,--,--,--,--,--,"11,3","5.647,4"